observation_id,asset_key,observation_status,observed_location_code,intended_location_code,source_kind,source_ref,raw_asset_id,raw_serial_number,raw_name,raw_qty,unit_index
OBS-2C8F959953B9,AID:22VN00000001,IN_USE,HCM,,OFFICE_ASSET,Asset management/Office/Office assets.xlsx#Sheet1!row=2,22VN00000001,DVV62J3,Laptop HP Latitude 7420,1,1
OBS-78FBAB45E825,AID:22VN00000002,IN_USE,HCM,,OFFICE_ASSET,Asset management/Office/Office assets.xlsx#Sheet1!row=3,22VN00000002,124N1J3,Laptop Dell Latitude 7420,1,1
OBS-4FC2BB3B2F34,AID:22VN00000003,IN_USE,HCM,,OFFICE_ASSET,Asset management/Office/Office assets.xlsx#Sheet1!row=4,22VN00000003,1Z8DZH3,Laptop Dell Latitude 5420,1,1
OBS-E8916302FD09,AID:22VN00000004,IN_USE,HCM,,OFFICE_ASSET,Asset management/Office/Office assets.xlsx#Sheet1!row=5,22VN00000004,42X2SQ3,Laptop Dell Latitude 5430,1,1
OBS-537BEEC3830A,AID:22VN00000005,AVAILABLE,HCM,,OFFICE_ASSET,Asset management/Office/Office assets.xlsx#Sheet1!row=6,22VN00000005,8P9VKG3,Laptop Dell Latitude 3520,1,1
OBS-EE1540A3C68F,AID:22VN00000006,IN_USE,HCM,,OFFICE_ASSET,Asset management/Office/Office assets.xlsx#Sheet1!row=7,22VN00000006,5R4JGL3,Laptop Dell Latitude 3520,1,1
OBS-33E2042E4897,AID:22VN00000007,IN_USE,HCM,,OFFICE_ASSET,Asset management/Office/Office assets.xlsx#Sheet1!row=8,22VN00000007,65G48S3,Laptop Dell Latitude 3420,1,1
OBS-5A2CC74F2E6B,AID:22VN00000008,IN_USE,HCM,,OFFICE_ASSET,Asset management/Office/Office assets.xlsx#Sheet1!row=9,22VN00000008,2P8VKG3,Laptop Dell Latitude 3520,1,1
OBS-BDE27DCE0183,AID:22VN00000009,IN_USE,HCM,,OFFICE_ASSET,Asset management/Office/Office assets.xlsx#Sheet1!row=10,22VN00000009,1583SQ3,Laptop Dell Latitude 5430,1,1
OBS-9759041F3A58,AID:22VN00000010,AVAILABLE,HCM,,OFFICE_ASSET,Asset management/Office/Office assets.xlsx#Sheet1!row=11,22VN00000010,4Q9VKG3,Laptop Dell Latitude 3520,1,1
OBS-1EE068A2204A,AID:22VN00000011,IN_USE,HCM,,OFFICE_ASSET,Asset management/Office/Office assets.xlsx#Sheet1!row=12,22VN00000011,F083SQ3,Laptop Dell Latitude 5430,1,1
OBS-B197923507D1,AID:22VN00000012,IN_USE,HCM,,OFFICE_ASSET,Asset management/Office/Office assets.xlsx#Sheet1!row=13,22VN00000012,BR9VKG3,Laptop Dell Latitude 3520,1,1
OBS-24770C29F3FF,AID:22VN00000013,IN_USE,HCM,,OFFICE_ASSET,Asset management/Office/Office assets.xlsx#Sheet1!row=14,22VN00000013,5CD1294NHX,Laptop HP Pavilion 15-eg0xxx,1,1
OBS-725236ED5E51,AID:22VN00000014,IN_USE,HCM,,OFFICE_ASSET,Asset management/Office/Office assets.xlsx#Sheet1!row=15,22VN00000014,BKY5FX3,Laptop Dell Latitude 3520,1,1
OBS-C84CE9D04967,AID:22VN00000015,IN_USE,HCM,,OFFICE_ASSET,Asset management/Office/Office assets.xlsx#Sheet1!row=16,22VN00000015,13D4SQ3,Laptop Dell Latitude 5430,1,1
OBS-526B555F5200,AID:22VN00000016,IN_USE,HCM,,OFFICE_ASSET,Asset management/Office/Office assets.xlsx#Sheet1!row=17,22VN00000016,99C2LG3,Laptop Dell Latitude 3520,1,1
OBS-9372DF01100D,AID:22VN00000017,AVAILABLE,HCM,,OFFICE_ASSET,Asset management/Office/Office assets.xlsx#Sheet1!row=18,22VN00000017,JP8VKG3,Laptop Dell Latitude 3520,1,1
OBS-4C14EBAA45F0,AID:22VN00000018,IN_USE,HCM,,OFFICE_ASSET,Asset management/Office/Office assets.xlsx#Sheet1!row=19,22VN00000018,JR9VKG3,Laptop Dell Latitude 3520,1,1
OBS-3883E821AB28,AID:22VN00000019,AVAILABLE,HCM,,OFFICE_ASSET,Asset management/Office/Office assets.xlsx#Sheet1!row=20,22VN00000019,FQ8VKG3,Laptop Dell Latitude 3520,1,1
OBS-B0AD71A3A9C9,AID:22VN00000020,IN_USE,HCM,,OFFICE_ASSET,Asset management/Office/Office assets.xlsx#Sheet1!row=21,22VN00000020,5BD4SQ3,Laptop Dell Latitude 5430,1,1
OBS-ACA492946329,AID:22VN00000021,IN_USE,HCM,,OFFICE_ASSET,Asset management/Office/Office assets.xlsx#Sheet1!row=22,22VN00000021,BTN0BG3,Laptop Dell Latitude 3520,1,1
OBS-4B391AD7A719,AID:22VN00000022,IN_USE,HCM,,OFFICE_ASSET,Asset management/Office/Office assets.xlsx#Sheet1!row=23,22VN00000022,DP8VKG3,Laptop Dell Latitude 3520,1,1
OBS-1FF4266F5B45,AID:22VN00000023,IN_USE,HCM,,OFFICE_ASSET,Asset management/Office/Office assets.xlsx#Sheet1!row=24,22VN00000023,6S4JGL3,Laptop Dell Latitude 3520,1,1
OBS-76AC4F6FF05C,AID:22VN00000024,IN_USE,HCM,,OFFICE_ASSET,Asset management/Office/Office assets.xlsx#Sheet1!row=25,22VN00000024,4R9VKG3,Laptop Dell Latitude 3520,1,1
OBS-D3FBED495531,AID:22VN00000025,IN_USE,HCM,,OFFICE_ASSET,Asset management/Office/Office assets.xlsx#Sheet1!row=26,22VN00000025,FGF3SQ3,Laptop Dell Latitude 5430,1,1
OBS-9E3CF41BC095,AID:22VN00000026,IN_USE,HCM,,OFFICE_ASSET,Asset management/Office/Office assets.xlsx#Sheet1!row=27,22VN00000026,5CD73626Y5,Laptop HP ProBook 440 G4,1,1
OBS-9367B0A3F2CE,AID:22VN00000027,IN_USE,HCM,,OFFICE_ASSET,Asset management/Office/Office assets.xlsx#Sheet1!row=28,22VN00000027,HRQCZH3,Laptop Dell Latitude 5420,1,1
OBS-7F7D285C6398,AID:22VN00000028,IN_USE,HCM,,OFFICE_ASSET,Asset management/Office/Office assets.xlsx#Sheet1!row=29,22VN00000028,GN8VKG3,Laptop Dell Latitude 3520,1,1
OBS-74CFA5765A65,AID:22VN00000029,IN_USE,VA04,,OFFICE_ASSET,Asset management/Office/Office assets.xlsx#Sheet1!row=30,22VN00000029,1P8VKG3,Laptop Dell Latitude 3520,1,1
OBS-7801E6A9B6E9,AID:22VN00000030,AVAILABLE,HCM,,OFFICE_ASSET,Asset management/Office/Office assets.xlsx#Sheet1!row=31,22VN00000030,PC133K78,Laptop Lenovo Thinkpad X280,1,1
OBS-E1714177220C,AID:22VN00000031,AVAILABLE,HCM,,OFFICE_ASSET,Asset management/Office/Office assets.xlsx#Sheet1!row=32,22VN00000031,4DBCZH3,Laptop Dell Latitude 5420,1,1
OBS-1297996B0438,AID:22VN00000032,IN_USE,HCM,,OFFICE_ASSET,Asset management/Office/Office assets.xlsx#Sheet1!row=33,22VN00000032,6GV7R93,Laptop Dell Latitude 3420,1,1
OBS-43C604808508,AID:22VN00000033,IN_USE,HCM,,OFFICE_ASSET,Asset management/Office/Office assets.xlsx#Sheet1!row=34,22VN00000033,9P8VKG3,Laptop Dell Latitude 3520,1,1
OBS-8CE5B5411883,AID:22VN00000034,AVAILABLE,HCM,,OFFICE_ASSET,Asset management/Office/Office assets.xlsx#Sheet1!row=35,22VN00000034,DGBJGL3,Laptop Dell Latitude 3520,1,1
OBS-83163C878E82,AID:22VN00000035,IN_USE,HCM,,OFFICE_ASSET,Asset management/Office/Office assets.xlsx#Sheet1!row=36,22VN00000035,4CBCZH3,Laptop Dell Latitude 5420,1,1
OBS-57BFC9137009,AID:22VN00000037,IN_USE,HCM,,OFFICE_ASSET,Asset management/Office/Office assets.xlsx#Sheet1!row=37,22VN00000037,6Q7JGL3,Laptop Dell Latitude 3520,1,1
OBS-E6369B641DB0,AID:22VN00000038,IN_USE,HCM,,OFFICE_ASSET,Asset management/Office/Office assets.xlsx#Sheet1!row=38,22VN00000038,4TS3SQ3,Laptop Dell Latitude 5430,1,1
OBS-32E9197A12A8,AID:22VN00000039,AVAILABLE,HCM,,OFFICE_ASSET,Asset management/Office/Office assets.xlsx#Sheet1!row=39,22VN00000039,HGBJGL3,Laptop Dell Latitude 3520,1,1
OBS-704E18F46E4E,AID:22VN00000040,AVAILABLE,ZV31,,OFFICE_ASSET,Asset management/Office/Office assets.xlsx#Sheet1!row=40,22VN00000040,B65JGL3,Laptop Dell Latitude 3520,1,1
OBS-8E1DE9646B7C,AID:22VN00000041,IN_USE,HCM,,OFFICE_ASSET,Asset management/Office/Office assets.xlsx#Sheet1!row=41,22VN00000041,GB23SQ3,Laptop Dell Latitude 5430,1,1
OBS-663A8A141ED3,AID:22VN00000042,IN_USE,HCM,,OFFICE_ASSET,Asset management/Office/Office assets.xlsx#Sheet1!row=42,22VN00000042,J94JGL3,Laptop Dell Latitude 3520,1,1
OBS-05CE09454D66,AID:22VN00000043,IN_USE,HCM,,OFFICE_ASSET,Asset management/Office/Office assets.xlsx#Sheet1!row=43,22VN00000043,8F6JGL3,Laptop Dell Latitude 3520,1,1
OBS-C97613887741,AID:22VN00000044,IN_USE,HCM,,OFFICE_ASSET,Asset management/Office/Office assets.xlsx#Sheet1!row=44,22VN00000044,BGBJGL3,Laptop Dell Latitude 3520,1,1
OBS-3160E6E5BE85,AID:22VN00000045,IN_USE,HCM,,OFFICE_ASSET,Asset management/Office/Office assets.xlsx#Sheet1!row=45,22VN00000045,8DBRMV2,Laptop Dell Latitude 7490,1,1
OBS-A5610DA078B1,AID:22VN00000046,IN_USE,HCM,,OFFICE_ASSET,Asset management/Office/Office assets.xlsx#Sheet1!row=46,22VN00000046,5CD108K0PN,Laptop HP Pavilion 15-eg0xxx,1,1
OBS-124F5202BAF6,AID:22VN00000047,IN_USE,HCM,,OFFICE_ASSET,Asset management/Office/Office assets.xlsx#Sheet1!row=47,22VN00000047,DFHLRQ3,Laptop Dell Latitude 5420,1,1
OBS-1DA64535B59F,AID:22VN00000048,IN_USE,HCM,,OFFICE_ASSET,Asset management/Office/Office assets.xlsx#Sheet1!row=48,22VN00000048,PF1JT4Q6,Laptop Lenovo ThinkPad E490,1,1
OBS-FD8B06571B5B,AID:22VN00000049,IN_USE,HCM,,OFFICE_ASSET,Asset management/Office/Office assets.xlsx#Sheet1!row=49,22VN00000049,6R4JGL3,Laptop Dell Latitude 3520,1,1
OBS-F786DE479F25,AID:22VN00000050,IN_USE,HCM,,OFFICE_ASSET,Asset management/Office/Office assets.xlsx#Sheet1!row=50,22VN00000050,9NN2SQ3,Laptop Dell Latitude 5430,1,1
OBS-02EAC2DF3396,AID:22VN00000051,IN_USE,HCM,,OFFICE_ASSET,Asset management/Office/Office assets.xlsx#Sheet1!row=51,22VN00000051,66XN2F3,Laptop Dell Latitude 5420,1,1
OBS-D48507CC6F96,AID:22VN00000052,IN_USE,HCM,,OFFICE_ASSET,Asset management/Office/Office assets.xlsx#Sheet1!row=52,22VN00000052,2NS0HW3,Laptop Dell Latitude 5430,1,1
OBS-4661A0881E9D,AID:22VN00000053,IN_USE,HCM,,OFFICE_ASSET,Asset management/Office/Office assets.xlsx#Sheet1!row=53,22VN00000053,4BH2SQ3,Laptop Dell Latitude 5430,1,1
OBS-0B875D27A746,AID:22VN00000054,IN_USE,HCM,,OFFICE_ASSET,Asset management/Office/Office assets.xlsx#Sheet1!row=54,22VN00000054,DQ9VKG3,Laptop Dell Latitude 3520,1,1
OBS-9666FFEE3AFD,AID:22VN00000055,IN_USE,HCM,,OFFICE_ASSET,Asset management/Office/Office assets.xlsx#Sheet1!row=55,22VN00000055,FR8VKG3,Laptop Dell Latitude 3520,1,1
OBS-F9BDBA580050,AID:22VN00000056,IN_USE,HCM,,OFFICE_ASSET,Asset management/Office/Office assets.xlsx#Sheet1!row=56,22VN00000056,CR8VKG3,Laptop Dell Latitude 3520,1,1
OBS-90D1239DAC3A,AID:22VN00000057,IN_USE,HCM,,OFFICE_ASSET,Asset management/Office/Office assets.xlsx#Sheet1!row=57,22VN00000057,2R9VKG3,Laptop Dell Latitude 3520,1,1
OBS-78C698DF0533,AID:22VN00000058,AVAILABLE,HCM,,OFFICE_ASSET,Asset management/Office/Office assets.xlsx#Sheet1!row=58,22VN00000058,C3KCZH3,Laptop Dell Latitude 5420,1,1
OBS-9367E92416CC,AID:22VN00000059,IN_USE,HCM,,OFFICE_ASSET,Asset management/Office/Office assets.xlsx#Sheet1!row=59,22VN00000059,DGGDZH3,Laptop Dell Latitude 5420,1,1
OBS-7D82AFF28154,AID:22VN00000060,IN_USE,HCM,,OFFICE_ASSET,Asset management/Office/Office assets.xlsx#Sheet1!row=60,22VN00000060,PC0UQCVY,Laptop Lenovo Thinkpad X280,1,1
OBS-DB8B701CDC0B,AID:22VN00000061,IN_USE,HCM,,OFFICE_ASSET,Asset management/Office/Office assets.xlsx#Sheet1!row=61,22VN00000061,3KZCKG3,Laptop Dell Latitude 3520,1,1
OBS-833DC907E907,AID:22VN00000062,IN_USE,HCM,,OFFICE_ASSET,Asset management/Office/Office assets.xlsx#Sheet1!row=62,22VN00000062,71GCGG3,Laptop Dell Latitude 3520,1,1
OBS-E3D8AADFD05D,AID:22VN00000063,IN_USE,HCM,,OFFICE_ASSET,Asset management/Office/Office assets.xlsx#Sheet1!row=63,22VN00000063,9JYF7S3,Laptop Dell Latitude 3520,1,1
OBS-129C3FB38264,AID:22VN00000064,IN_USE,HCM,,OFFICE_ASSET,Asset management/Office/Office assets.xlsx#Sheet1!row=64,22VN00000064,B8972T3,Laptop Dell Latitude 5430,1,1
OBS-D625DB3059EB,AID:22VN00000065,IN_USE,HCM,,OFFICE_ASSET,Asset management/Office/Office assets.xlsx#Sheet1!row=65,22VN00000065,42V72T3,Laptop Dell Latitude 5430,1,1
OBS-EDA49140BF89,AID:22VN00000066,IN_USE,HCM,,OFFICE_ASSET,Asset management/Office/Office assets.xlsx#Sheet1!row=66,22VN00000066,JWZF7S3,Laptop Dell Latitude 3520,1,1
OBS-7FC3E484E6A1,AID:22VN00000067,IN_USE,HCM,,OFFICE_ASSET,Asset management/Office/Office assets.xlsx#Sheet1!row=67,22VN00000067,5CD250F9YL,Laptop HP ProBook 440 G9,1,1
OBS-60C33E660492,AID:22VN00000068,AVAILABLE,HCM,,OFFICE_ASSET,Asset management/Office/Office assets.xlsx#Sheet1!row=68,22VN00000068,6SYF7S3,Laptop Dell Latitude 3520,1,1
OBS-622442ACBF22,AID:22VN00000069,IN_USE,HCM,,OFFICE_ASSET,Asset management/Office/Office assets.xlsx#Sheet1!row=69,22VN00000069,3DYF7S3,Laptop Dell Latitude 3520,1,1
OBS-D631F3E0485B,AID:22VN00000070,AVAILABLE,HCM,,OFFICE_ASSET,Asset management/Office/Office assets.xlsx#Sheet1!row=70,22VN00000070,H3NVHW3,Laptop Dell Latitude 5430,1,1
OBS-F6068CC3F834,AID:22VN00000071,IN_USE,HCM,,OFFICE_ASSET,Asset management/Office/Office assets.xlsx#Sheet1!row=71,22VN00000071,BJ972T3,Laptop Dell Latitude 5430,1,1
OBS-CC20FB1F108C,AID:22VN00000072,IN_USE,HCM,,OFFICE_ASSET,Asset management/Office/Office assets.xlsx#Sheet1!row=72,22VN00000072,1KHVHW3,Laptop Dell Latitude 5430,1,1
OBS-A113BA950F1C,AID:22VN00000073,IN_USE,HCM,,OFFICE_ASSET,Asset management/Office/Office assets.xlsx#Sheet1!row=73,22VN00000073,7X82HW3,Laptop Dell Latitude 5430,1,1
OBS-0AE3AADED0DE,AID:22VN00000074,AVAILABLE,HCM,,OFFICE_ASSET,Asset management/Office/Office assets.xlsx#Sheet1!row=74,22VN00000074,PC0VT5R5,Laptop Lenovo Thinkpad X280,1,1
OBS-701B405167E7,AID:22VN00000075,IN_USE,HCM,,OFFICE_ASSET,Asset management/Office/Office assets.xlsx#Sheet1!row=75,22VN00000075,61N8RQ3,Laptop Dell Latitude 5430,1,1
OBS-621120D70605,AID:22VN00000076,IN_USE,HCM,,OFFICE_ASSET,Asset management/Office/Office assets.xlsx#Sheet1!row=76,22VN00000076,CXJ8VV3,Laptop Dell Latitude 5430,1,1
OBS-327072E2ADBE,AID:22VN00000077,IN_USE,HCM,,OFFICE_ASSET,Asset management/Office/Office assets.xlsx#Sheet1!row=77,22VN00000077,6MS0HW3,Laptop Dell Latitude 5430,1,1
OBS-141B3BFEB5C1,AID:22VN00000078,IN_USE,HCM,,OFFICE_ASSET,Asset management/Office/Office assets.xlsx#Sheet1!row=78,22VN00000078,9R2B9T3,Laptop Dell G15 5520,1,1
OBS-F9BB31B81E35,AID:22VN00000080,IN_USE,HCM,,OFFICE_ASSET,Asset management/Office/Office assets.xlsx#Sheet1!row=79,22VN00000080,FLQ85R3,Laptop Dell G15 5520,1,1
OBS-3F52CE06114A,AID:22VN00000081,IN_USE,HCM,,OFFICE_ASSET,Asset management/Office/Office assets.xlsx#Sheet1!row=80,22VN00000081,F598VV3,Laptop Dell Latitude 5430,1,1
OBS-B980F2C758E6,AID:22VN00000082,AVAILABLE,HCM,,OFFICE_ASSET,Asset management/Office/Office assets.xlsx#Sheet1!row=81,22VN00000082,DL0G7S3,Laptop Dell Latitude 3520,1,1
OBS-8068EC28D43B,AID:22VN00000083,IN_USE,HCM,,OFFICE_ASSET,Asset management/Office/Office assets.xlsx#Sheet1!row=82,22VN00000083,5YSSKS3,Laptop Dell Latitude 3520,1,1
OBS-84BFE1A2D34C,AID:22VN00000084,AVAILABLE,HCM,,OFFICE_ASSET,Asset management/Office/Office assets.xlsx#Sheet1!row=83,22VN00000084,BXSSKS3,Laptop Dell Latitude 3520,1,1
OBS-4259165C5508,AID:22VN00000086,IN_USE,HCM,,OFFICE_ASSET,Asset management/Office/Office assets.xlsx#Sheet1!row=84,22VN00000086,4084RV3,Laptop Dell Latitude 5430,1,1
OBS-EC9450B26396,AID:22VN00000087,IN_USE,HCM,,OFFICE_ASSET,Asset management/Office/Office assets.xlsx#Sheet1!row=85,22VN00000087,2XSSKS3,Laptop Dell Latitude 3520,1,1
OBS-ED6FC81A5107,AID:22VN00000091,AVAILABLE,HCM,,OFFICE_ASSET,Asset management/Office/Office assets.xlsx#Sheet1!row=86,22VN00000091,PC0VT5RC,Laptop Lenovo Thinkpad X280,1,1
OBS-7DD265799B99,AID:22VN00000092,IN_USE,HCM,,OFFICE_ASSET,Asset management/Office/Office assets.xlsx#Sheet1!row=87,22VN00000092,1GHVHW3,Laptop Dell Latitude 5430,1,1
OBS-DDA64EB97E5B,AID:22VN00000094,IN_USE,HCM,,OFFICE_ASSET,Asset management/Office/Office assets.xlsx#Sheet1!row=88,22VN00000094,9ZHQRV3,Laptop Dell Latitude 5430,1,1
OBS-81D74BF40F82,AID:22VN00000095,IN_USE,HCM,,OFFICE_ASSET,Asset management/Office/Office assets.xlsx#Sheet1!row=89,22VN00000095,PC0VSNY2,Laptop Lenovo Thinkpad X280,1,1
OBS-D0998EA3D349,AID:22VN00000096,IN_USE,HCM,,OFFICE_ASSET,Asset management/Office/Office assets.xlsx#Sheet1!row=90,22VN00000096,PC12PNNM,Laptop Lenovo Thinkpad X280,1,1
OBS-1E31EDE1299C,AID:22VN00000097,IN_USE,HCM,,OFFICE_ASSET,Asset management/Office/Office assets.xlsx#Sheet1!row=91,22VN00000097,B1K8VV3,Laptop Dell Latitude 5430,1,1
OBS-D2B518AE2A8D,AID:22VN00000098,IN_USE,HCM,,OFFICE_ASSET,Asset management/Office/Office assets.xlsx#Sheet1!row=92,22VN00000098,F650FX3,Laptop Dell Latitude 3420,1,1
OBS-34296F30D951,AID:22VN00000099,IN_USE,HCM,,OFFICE_ASSET,Asset management/Office/Office assets.xlsx#Sheet1!row=93,22VN00000099,2R20FX3,Laptop Dell Latitude 3420,1,1
OBS-4189731D136E,AID:22VN00000100,IN_USE,HCM,,OFFICE_ASSET,Asset management/Office/Office assets.xlsx#Sheet1!row=94,22VN00000100,JJNZDX3,Laptop Dell Latitude 3420,1,1
OBS-07C600894B2E,AID:22VN00000101,IN_USE,HCM,,OFFICE_ASSET,Asset management/Office/Office assets.xlsx#Sheet1!row=95,22VN00000101,2Q20FX3,Laptop Dell Latitude 3420,1,1
OBS-147247E7F43E,AID:22VN00000102,IN_USE,HCM,,OFFICE_ASSET,Asset management/Office/Office assets.xlsx#Sheet1!row=96,22VN00000102,CY40FX3,Laptop Dell Latitude 3420,1,1
OBS-055B326973C9,AID:22VN00000103,IN_USE,HCM,,OFFICE_ASSET,Asset management/Office/Office assets.xlsx#Sheet1!row=97,22VN00000103,69LXDX3,Laptop Dell Latitude 3420,1,1
OBS-4F9E03FEE7B5,AID:22VN00000104,IN_USE,HCM,,OFFICE_ASSET,Asset management/Office/Office assets.xlsx#Sheet1!row=98,22VN00000104,29XCZH3,Laptop Dell Latitude 5420,1,1
OBS-D1D0C6F0F9EF,AID:22VN00000105,IN_USE,HCM,,OFFICE_ASSET,Asset management/Office/Office assets.xlsx#Sheet1!row=99,22VN00000105,5CG3401CPM,Laptop HP Elite x360 1040,1,1
OBS-38046FD66F5A,AID:22VN00000106,IN_USE,HCM,,OFFICE_ASSET,Asset management/Office/Office assets.xlsx#Sheet1!row=100,22VN00000106,5CG3404MX5,Laptop HP Elite x360 1040,1,1
OBS-A0A77795B558,AID:22VN00110009,IN_USE,HCM,,OFFICE_ASSET,Asset management/Office/Office assets.xlsx#Sheet1!row=101,22VN00110009,5CG11088PT,Laptop HP 14s-cf2xxx,1,1
OBS-DA96671D1BD5,AID:22VN00110044,IN_USE,HCM,,OFFICE_ASSET,Asset management/Office/Office assets.xlsx#Sheet1!row=102,22VN00110044,5CD236BCT6,Laptop HP 14s-cf2xxx,1,1
OBS-1C8904CF9904,SN:5CD3094YZR,AVAILABLE,HCM,,OFFICE_ASSET,Asset management/Office/Office assets.xlsx#Sheet1!row=103,,5CD3094YZR,Laptop HP ProBook 440 G9,1,1
OBS-5F52B5C6003D,OBS:1ED85FB890,AVAILABLE,HCM,,OFFICE_ASSET,Asset management/Office/Office assets.xlsx#Sheet1!row=104,,,Office Asset,1,1
OBS-16BAE91C357F,AID:22VN00000001,IN_USE,HCM,,OFFICE_ASSET,Audit 2026 device/Office assets.xlsx#Asset!row=2,22VN00000001,DVV62J3,Laptop HP Latitude 7420,1,1
OBS-D1AF68B1BD24,AID:22VN00000002,IN_USE,HCM,,OFFICE_ASSET,Audit 2026 device/Office assets.xlsx#Asset!row=3,22VN00000002,124N1J3,Laptop Dell Latitude 7420,1,1
OBS-362F2065AF1C,AID:22VN00000003,AVAILABLE,HCM,,OFFICE_ASSET,Audit 2026 device/Office assets.xlsx#Asset!row=4,22VN00000003,1Z8DZH3,Laptop Dell Latitude 5420,1,1
OBS-D4A450197DCA,AID:22VN00000004,IN_USE,HCM,,OFFICE_ASSET,Audit 2026 device/Office assets.xlsx#Asset!row=5,22VN00000004,42X2SQ3,Laptop Dell Latitude 5430,1,1
OBS-D07205FFB5DA,AID:22VN00000007,IN_USE,HCM,,OFFICE_ASSET,Audit 2026 device/Office assets.xlsx#Asset!row=6,22VN00000007,65G48S3,Laptop Dell Latitude 3420,1,1
OBS-D55E33681A0D,AID:22VN00000008,AVAILABLE,HCM,,OFFICE_ASSET,Audit 2026 device/Office assets.xlsx#Asset!row=7,22VN00000008,2P8VKG3,Laptop Dell Latitude 3520,1,1
OBS-52A6E8E21D93,AID:22VN00000009,IN_USE,HCM,,OFFICE_ASSET,Audit 2026 device/Office assets.xlsx#Asset!row=8,22VN00000009,1583SQ3,Laptop Dell Latitude 5430,1,1
OBS-281F13AA8D96,AID:22VN00000010,AVAILABLE,HCM,,OFFICE_ASSET,Audit 2026 device/Office assets.xlsx#Asset!row=9,22VN00000010,4Q9VKG3,Laptop Dell Latitude 3520,1,1
OBS-62C7C8DD8B27,AID:22VN00000011,IN_USE,HCM,,OFFICE_ASSET,Audit 2026 device/Office assets.xlsx#Asset!row=10,22VN00000011,F083SQ3,Laptop Dell Latitude 5430,1,1
OBS-8A2BAB93BE98,AID:22VN00000011,AVAILABLE,HCM,,OFFICE_ASSET,Audit 2026 device/Office assets.xlsx#Asset!row=11,22VN00000011,F083SQ3,Laptop Dell Latitude 5430,1,1
OBS-6C36C91B236A,AID:22VN00000012,AVAILABLE,HCM,,OFFICE_ASSET,Audit 2026 device/Office assets.xlsx#Asset!row=12,22VN00000012,BR9VKG3,Laptop Dell Latitude 3520,1,1
OBS-DD8B91C8AC5E,AID:22VN00000013,IN_USE,HCM,,OFFICE_ASSET,Audit 2026 device/Office assets.xlsx#Asset!row=13,22VN00000013,5CD1294NHX,Laptop HP Pavilion 15-eg0xxx,1,1
OBS-2FD0F7A1708C,AID:22VN00000014,IN_USE,HCM,,OFFICE_ASSET,Audit 2026 device/Office assets.xlsx#Asset!row=14,22VN00000014,BKY5FX3,Laptop Dell Latitude 3520,1,1
OBS-4F34940CA9EC,AID:22VN00000015,IN_USE,HCM,,OFFICE_ASSET,Audit 2026 device/Office assets.xlsx#Asset!row=15,22VN00000015,13D4SQ3,Laptop Dell Latitude 5430,1,1
OBS-123D8629623B,AID:22VN00000016,IN_USE,HCM,,OFFICE_ASSET,Audit 2026 device/Office assets.xlsx#Asset!row=16,22VN00000016,99C2LG3,Laptop Dell Latitude 3520,1,1
OBS-AFAD87C8D940,AID:22VN00000016,AVAILABLE,HCM,,OFFICE_ASSET,Audit 2026 device/Office assets.xlsx#Asset!row=17,22VN00000016,99C2LG3,Laptop Dell Latitude 3520,1,1
OBS-39178BE06F3D,AID:22VN00000017,AVAILABLE,HCM,,OFFICE_ASSET,Audit 2026 device/Office assets.xlsx#Asset!row=18,22VN00000017,JP8VKG3,Laptop Dell Latitude 3520,1,1
OBS-59F5EC35EB90,AID:22VN00000018,IN_USE,HCM,,OFFICE_ASSET,Audit 2026 device/Office assets.xlsx#Asset!row=19,22VN00000018,JR9VKG3,Laptop Dell Latitude 3520,1,1
OBS-D3B62177D641,AID:22VN00000019,AVAILABLE,HCM,,OFFICE_ASSET,Audit 2026 device/Office assets.xlsx#Asset!row=20,22VN00000019,FQ8VKG3,Laptop Dell Latitude 3520,1,1
OBS-2F8EBB6E3462,AID:22VN00000020,IN_USE,HCM,,OFFICE_ASSET,Audit 2026 device/Office assets.xlsx#Asset!row=21,22VN00000020,5BD4SQ3,Laptop Dell Latitude 5430,1,1
OBS-8C5218D75BE9,AID:22VN00000021,IN_USE,HCM,,OFFICE_ASSET,Audit 2026 device/Office assets.xlsx#Asset!row=22,22VN00000021,BTN0BG3,Laptop Dell Latitude 3520,1,1
OBS-7607D843CC47,AID:22VN00000022,IN_USE,HCM,,OFFICE_ASSET,Audit 2026 device/Office assets.xlsx#Asset!row=23,22VN00000022,DP8VKG3,Laptop Dell Latitude 3520,1,1
OBS-4B9D4E759A81,AID:22VN00000023,IN_USE,HCM,,OFFICE_ASSET,Audit 2026 device/Office assets.xlsx#Asset!row=24,22VN00000023,6S4JGL3,Laptop Dell Latitude 3520,1,1
OBS-2A0909A6FAF8,AID:22VN00000024,AVAILABLE,HCM,,OFFICE_ASSET,Audit 2026 device/Office assets.xlsx#Asset!row=25,22VN00000024,4R9VKG3,Laptop Dell Latitude 3520,1,1
OBS-98B28DF3F430,AID:22VN00000025,IN_USE,HCM,,OFFICE_ASSET,Audit 2026 device/Office assets.xlsx#Asset!row=26,22VN00000025,FGF3SQ3,Laptop Dell Latitude 5430,1,1
OBS-26CFD40DCB6B,AID:22VN00000026,AVAILABLE,HCM,,OFFICE_ASSET,Audit 2026 device/Office assets.xlsx#Asset!row=27,22VN00000026,5CD73626Y5,Laptop HP ProBook 440 G4,1,1
OBS-937B234D2694,AID:22VN00000027,IN_USE,HCM,,OFFICE_ASSET,Audit 2026 device/Office assets.xlsx#Asset!row=28,22VN00000027,HRQCZH3,Laptop Dell Latitude 5420,1,1
OBS-07008902084A,AID:22VN00000028,IN_USE,HCM,,OFFICE_ASSET,Audit 2026 device/Office assets.xlsx#Asset!row=29,22VN00000028,GN8VKG3,Laptop Dell Latitude 3520,1,1
OBS-5FB23B727AC9,AID:22VN00000030,AVAILABLE,HCM,,OFFICE_ASSET,Audit 2026 device/Office assets.xlsx#Asset!row=30,22VN00000030,PC133K78,Laptop Lenovo Thinkpad X280,1,1
OBS-362A34AD50CD,AID:22VN00000031,AVAILABLE,HCM,,OFFICE_ASSET,Audit 2026 device/Office assets.xlsx#Asset!row=31,22VN00000031,4DBCZH3,Laptop Dell Latitude 5420,1,1
OBS-C07E8951797D,AID:22VN00000032,IN_USE,HCM,,OFFICE_ASSET,Audit 2026 device/Office assets.xlsx#Asset!row=32,22VN00000032,6GV7R93,Laptop Dell Latitude 3420,1,1
OBS-FCBD39EEE06E,AID:22VN00000033,AVAILABLE,HCM,,OFFICE_ASSET,Audit 2026 device/Office assets.xlsx#Asset!row=33,22VN00000033,9P8VKG3,Laptop Dell Latitude 3520,1,1
OBS-D64BBFABDDEE,AID:22VN00000034,IN_USE,HCM,,OFFICE_ASSET,Audit 2026 device/Office assets.xlsx#Asset!row=34,22VN00000034,DGBJGL3,Laptop Dell Latitude 3520,1,1
OBS-0BD75B751C78,AID:22VN00000035,IN_USE,HCM,,OFFICE_ASSET,Audit 2026 device/Office assets.xlsx#Asset!row=35,22VN00000035,4CBCZH3,Laptop Dell Latitude 5420,1,1
OBS-9E0A593FF6C0,AID:22VN00000037,IN_USE,HCM,,OFFICE_ASSET,Audit 2026 device/Office assets.xlsx#Asset!row=36,22VN00000037,6Q7JGL3,Laptop Dell Latitude 3520,1,1
OBS-91EBAA3A66EC,AID:22VN00000038,IN_USE,HCM,,OFFICE_ASSET,Audit 2026 device/Office assets.xlsx#Asset!row=37,22VN00000038,4TS3SQ3,Laptop Dell Latitude 5430,1,1
OBS-46B7C90D1D3B,AID:22VN00000039,IN_USE,HCM,,OFFICE_ASSET,Audit 2026 device/Office assets.xlsx#Asset!row=38,22VN00000039,HGBJGL3,Laptop Dell Latitude 3520,1,1
OBS-396192607BCE,AID:22VN00000041,IN_USE,HCM,,OFFICE_ASSET,Audit 2026 device/Office assets.xlsx#Asset!row=39,22VN00000041,GB23SQ3,Laptop Dell Latitude 5430,1,1
OBS-919A0C8BD4E1,AID:22VN00000042,IN_USE,HCM,,OFFICE_ASSET,Audit 2026 device/Office assets.xlsx#Asset!row=40,22VN00000042,J94JGL3,Laptop Dell Latitude 3520,1,1
OBS-4D9F6D3BBE51,AID:22VN00000043,IN_USE,HCM,,OFFICE_ASSET,Audit 2026 device/Office assets.xlsx#Asset!row=41,22VN00000043,8F6JGL3,Laptop Dell Latitude 3520,1,1
OBS-1D5E566B7834,AID:22VN00000044,IN_USE,HCM,,OFFICE_ASSET,Audit 2026 device/Office assets.xlsx#Asset!row=42,22VN00000044,BGBJGL3,Laptop Dell Latitude 3520,1,1
OBS-FD09F6545557,AID:22VN00000045,IN_USE,HCM,,OFFICE_ASSET,Audit 2026 device/Office assets.xlsx#Asset!row=43,22VN00000045,8DBRMV2,Laptop Dell Latitude 7490,1,1
OBS-4909DCBD63E7,AID:22VN00000045,AVAILABLE,HCM,,OFFICE_ASSET,Audit 2026 device/Office assets.xlsx#Asset!row=44,22VN00000045,8DBRMV2,Laptop Dell Latitude 7490,1,1
OBS-F963436325D8,AID:22VN00000046,AVAILABLE,HCM,,OFFICE_ASSET,Audit 2026 device/Office assets.xlsx#Asset!row=45,22VN00000046,5CD108K0PN,Laptop HP Pavilion 15-eg0xxx,1,1
OBS-F807A8198A10,AID:22VN00000047,IN_USE,HCM,,OFFICE_ASSET,Audit 2026 device/Office assets.xlsx#Asset!row=46,22VN00000047,1BXCZH3,Laptop Dell Latitude 5420,1,1
OBS-C343D11EF4BC,AID:22VN00000049,IN_USE,HCM,,OFFICE_ASSET,Audit 2026 device/Office assets.xlsx#Asset!row=47,22VN00000049,6R4JGL3,Laptop Dell Latitude 3520,1,1
OBS-3F3AB8590062,AID:22VN00000049,AVAILABLE,HCM,,OFFICE_ASSET,Audit 2026 device/Office assets.xlsx#Asset!row=48,22VN00000049,6R4JGL3,Laptop Dell Latitude 3520,1,1
OBS-087C706726FE,AID:22VN00000050,IN_USE,HCM,,OFFICE_ASSET,Audit 2026 device/Office assets.xlsx#Asset!row=49,22VN00000050,9NN2SQ3,Laptop Dell Latitude 5430,1,1
OBS-4C0F6B981C60,AID:22VN00000051,IN_USE,HCM,,OFFICE_ASSET,Audit 2026 device/Office assets.xlsx#Asset!row=50,22VN00000051,66XN2F3,Laptop Dell Latitude 5420,1,1
OBS-10B2494F88E9,AID:22VN00000052,IN_USE,HCM,,OFFICE_ASSET,Audit 2026 device/Office assets.xlsx#Asset!row=51,22VN00000052,2NS0HW3,Laptop Dell Latitude 5430,1,1
OBS-78821AB5E13C,AID:22VN00000053,IN_USE,HCM,,OFFICE_ASSET,Audit 2026 device/Office assets.xlsx#Asset!row=52,22VN00000053,4BH2SQ3,Laptop Dell Latitude 5430,1,1
OBS-4D53C6E00C18,AID:22VN00000054,AVAILABLE,HCM,,OFFICE_ASSET,Audit 2026 device/Office assets.xlsx#Asset!row=53,22VN00000054,DQ9VKG3,Laptop Dell Latitude 3520,1,1
OBS-04DCE13C3DB5,AID:22VN00000055,AVAILABLE,HCM,,OFFICE_ASSET,Audit 2026 device/Office assets.xlsx#Asset!row=54,22VN00000055,FR8VKG3,Laptop Dell Latitude 3520,1,1
OBS-FBCF0C6EB525,AID:22VN00000056,AVAILABLE,HCM,,OFFICE_ASSET,Audit 2026 device/Office assets.xlsx#Asset!row=55,22VN00000056,CR8VKG3,Laptop Dell Latitude 3520,1,1
OBS-8F98A294E718,AID:22VN00000057,AVAILABLE,HCM,,OFFICE_ASSET,Audit 2026 device/Office assets.xlsx#Asset!row=56,22VN00000057,2R9VKG3,Laptop Dell Latitude 3520,1,1
OBS-148B8F1022CA,AID:22VN00000058,AVAILABLE,HCM,,OFFICE_ASSET,Audit 2026 device/Office assets.xlsx#Asset!row=57,22VN00000058,C3KCZH3,Laptop Dell Latitude 5420,1,1
OBS-CCA191CA2404,AID:22VN00000059,IN_USE,HCM,,OFFICE_ASSET,Audit 2026 device/Office assets.xlsx#Asset!row=58,22VN00000059,DGGDZH3,Laptop Dell Latitude 5420,1,1
OBS-B37A4A7EADFA,AID:22VN00000061,IN_USE,HCM,,OFFICE_ASSET,Audit 2026 device/Office assets.xlsx#Asset!row=59,22VN00000061,3KZCKG3,Laptop Dell Latitude 3520,1,1
OBS-40B497703428,AID:22VN00000062,IN_USE,HCM,,OFFICE_ASSET,Audit 2026 device/Office assets.xlsx#Asset!row=60,22VN00000062,71GCGG3,Laptop Dell Latitude 3520,1,1
OBS-D61AC59F7EDF,AID:22VN00000063,IN_USE,HCM,,OFFICE_ASSET,Audit 2026 device/Office assets.xlsx#Asset!row=61,22VN00000063,9JYF7S3,Laptop Dell Latitude 3520,1,1
OBS-6500D94D0153,AID:22VN00000064,IN_USE,HCM,,OFFICE_ASSET,Audit 2026 device/Office assets.xlsx#Asset!row=62,22VN00000064,B8972T3,Laptop Dell Latitude 5430,1,1
OBS-E8D9E5ECF83E,AID:22VN00000066,IN_USE,HCM,,OFFICE_ASSET,Audit 2026 device/Office assets.xlsx#Asset!row=63,22VN00000066,JWZF7S3,Laptop Dell Latitude 3520,1,1
OBS-59B14DD6C43B,AID:22VN00000067,IN_USE,HCM,,OFFICE_ASSET,Audit 2026 device/Office assets.xlsx#Asset!row=64,22VN00000067,5CD250F9YL,Laptop HP ProBook 440 G9,1,1
OBS-67EFE39AC670,AID:22VN00000068,AVAILABLE,HCM,,OFFICE_ASSET,Audit 2026 device/Office assets.xlsx#Asset!row=65,22VN00000068,6SYF7S3,Laptop Dell Latitude 3520,1,1
OBS-1793A094F75A,AID:22VN00000069,AVAILABLE,HCM,,OFFICE_ASSET,Audit 2026 device/Office assets.xlsx#Asset!row=66,22VN00000069,3DYF7S3,Laptop Dell Latitude 3520,1,1
OBS-AB4E277CF4E1,AID:22VN00000070,IN_USE,HCM,,OFFICE_ASSET,Audit 2026 device/Office assets.xlsx#Asset!row=67,22VN00000070,H3NVHW3,Laptop Dell Latitude 5430,1,1
OBS-D8E784D3A93B,AID:22VN00000071,IN_USE,HCM,,OFFICE_ASSET,Audit 2026 device/Office assets.xlsx#Asset!row=68,22VN00000071,BJ972T3,Laptop Dell Latitude 5430,1,1
OBS-00FD3D363AF3,AID:22VN00000072,IN_USE,HCM,,OFFICE_ASSET,Audit 2026 device/Office assets.xlsx#Asset!row=69,22VN00000072,1KHVHW3,Laptop Dell Latitude 5430,1,1
OBS-0A416D3477AC,AID:22VN00000073,IN_USE,HCM,,OFFICE_ASSET,Audit 2026 device/Office assets.xlsx#Asset!row=70,22VN00000073,7X82HW3,Laptop Dell Latitude 5430,1,1
OBS-C132927B82C0,AID:22VN00000074,IN_USE,HCM,,OFFICE_ASSET,Audit 2026 device/Office assets.xlsx#Asset!row=71,22VN00000074,PC0VT5R5,Laptop Lenovo Thinkpad X280,1,1
OBS-9081DBE09DC0,AID:22VN00000075,IN_USE,HCM,,OFFICE_ASSET,Audit 2026 device/Office assets.xlsx#Asset!row=72,22VN00000075,61N8RQ3,Laptop Dell Latitude 5430,1,1
OBS-77FA8110ACA8,AID:22VN00000076,IN_USE,HCM,,OFFICE_ASSET,Audit 2026 device/Office assets.xlsx#Asset!row=73,22VN00000076,CXJ8VV3,Laptop Dell Latitude 5430,1,1
OBS-C3EED88D67CE,AID:22VN00000077,IN_USE,HCM,,OFFICE_ASSET,Audit 2026 device/Office assets.xlsx#Asset!row=74,22VN00000077,6MS0HW3,Laptop Dell Latitude 5430,1,1
OBS-6E92FEAD3DDF,AID:22VN00000078,IN_USE,HCM,,OFFICE_ASSET,Audit 2026 device/Office assets.xlsx#Asset!row=75,22VN00000078,9R2B9T3,Laptop Dell G15 5520,1,1
OBS-0030B0C7C375,AID:22VN00000080,IN_USE,HCM,,OFFICE_ASSET,Audit 2026 device/Office assets.xlsx#Asset!row=76,22VN00000080,FLQ85R3,Laptop Dell G15 5520,1,1
OBS-4DFF66B5B3FF,AID:22VN00000081,IN_USE,HCM,,OFFICE_ASSET,Audit 2026 device/Office assets.xlsx#Asset!row=77,22VN00000081,F598VV3,Laptop Dell Latitude 5430,1,1
OBS-0F53D3F51423,AID:22VN00000081,AVAILABLE,HCM,,OFFICE_ASSET,Audit 2026 device/Office assets.xlsx#Asset!row=78,22VN00000081,F598VV3,Laptop Dell Latitude 5430,1,1
OBS-296AE74094F0,AID:22VN00000082,AVAILABLE,HCM,,OFFICE_ASSET,Audit 2026 device/Office assets.xlsx#Asset!row=79,22VN00000082,DL0G7S3,Laptop Dell Latitude 3520,1,1
OBS-A339CC5C15BB,AID:22VN00000083,AVAILABLE,HCM,,OFFICE_ASSET,Audit 2026 device/Office assets.xlsx#Asset!row=80,22VN00000083,5YSSKS3,Laptop Dell Latitude 3520,1,1
OBS-29063B5F02C1,AID:22VN00000084,AVAILABLE,HCM,,OFFICE_ASSET,Audit 2026 device/Office assets.xlsx#Asset!row=81,22VN00000084,BXSSKS3,Laptop Dell Latitude 3520,1,1
OBS-C7B135B7624B,AID:22VN00000086,IN_USE,HCM,,OFFICE_ASSET,Audit 2026 device/Office assets.xlsx#Asset!row=82,22VN00000086,4084RV3,Laptop Dell Latitude 5430,1,1
OBS-2EC0E5EEE5D5,AID:22VN00000087,IN_USE,HCM,,OFFICE_ASSET,Audit 2026 device/Office assets.xlsx#Asset!row=83,22VN00000087,2XSSKS3,Laptop Dell Latitude 3520,1,1
OBS-D0F650B5A79E,AID:22VN00000087,AVAILABLE,HCM,,OFFICE_ASSET,Audit 2026 device/Office assets.xlsx#Asset!row=84,22VN00000087,2XSSKS3,Laptop Dell Latitude 3520,1,1
OBS-9CA1E3B399A5,AID:22VN00000091,AVAILABLE,HCM,,OFFICE_ASSET,Audit 2026 device/Office assets.xlsx#Asset!row=85,22VN00000091,PC0VT5RC,Laptop Lenovo Thinkpad X280,1,1
OBS-808E41732141,AID:22VN00000092,AVAILABLE,HCM,,OFFICE_ASSET,Audit 2026 device/Office assets.xlsx#Asset!row=86,22VN00000092,1GHVHW3,Laptop Dell Latitude 5430,1,1
OBS-CB7CDB067F53,AID:22VN00000094,IN_USE,HCM,,OFFICE_ASSET,Audit 2026 device/Office assets.xlsx#Asset!row=87,22VN00000094,9ZHQRV3,Laptop Dell Latitude 5430,1,1
OBS-F3A97774A04C,AID:22VN00000095,AVAILABLE,HCM,,OFFICE_ASSET,Audit 2026 device/Office assets.xlsx#Asset!row=88,22VN00000095,PC0VSNY2,Laptop Lenovo Thinkpad X280,1,1
OBS-FA41275B610A,AID:22VN00000097,IN_USE,HCM,,OFFICE_ASSET,Audit 2026 device/Office assets.xlsx#Asset!row=89,22VN00000097,B1K8VV3,Laptop Dell Latitude 5430,1,1
OBS-21DDB2DBF11E,AID:22VN00000098,IN_USE,HCM,,OFFICE_ASSET,Audit 2026 device/Office assets.xlsx#Asset!row=90,22VN00000098,F650FX3,Laptop Dell Latitude 3420,1,1
OBS-4B0234B1DEFE,AID:22VN00000099,IN_USE,HCM,,OFFICE_ASSET,Audit 2026 device/Office assets.xlsx#Asset!row=91,22VN00000099,2R20FX3,Laptop Dell Latitude 3420,1,1
OBS-8C7EBC3150F2,AID:22VN00000100,IN_USE,HCM,,OFFICE_ASSET,Audit 2026 device/Office assets.xlsx#Asset!row=92,22VN00000100,JJNZDX3,Laptop Dell Latitude 3420,1,1
OBS-9DEF7C26DB18,AID:22VN00000101,IN_USE,HCM,,OFFICE_ASSET,Audit 2026 device/Office assets.xlsx#Asset!row=93,22VN00000101,2Q20FX3,Laptop Dell Latitude 3420,1,1
OBS-7BE0381D08A1,AID:22VN00000102,IN_USE,HCM,,OFFICE_ASSET,Audit 2026 device/Office assets.xlsx#Asset!row=94,22VN00000102,CY40FX3,Laptop Dell Latitude 3420,1,1
OBS-845300113736,AID:22VN00000103,IN_USE,HCM,,OFFICE_ASSET,Audit 2026 device/Office assets.xlsx#Asset!row=95,22VN00000103,69LXDX3,Laptop Dell Latitude 3420,1,1
OBS-1B6E5435BA40,AID:22VN00000104,IN_USE,HCM,,OFFICE_ASSET,Audit 2026 device/Office assets.xlsx#Asset!row=96,22VN00000104,29XCZH3,Laptop Dell Latitude 5420,1,1
OBS-3A71CDA2CDED,AID:22VN00000105,IN_USE,HCM,,OFFICE_ASSET,Audit 2026 device/Office assets.xlsx#Asset!row=97,22VN00000105,5CG3401CPM,Laptop HP Elite x360 1040,1,1
OBS-4146FE00B78E,AID:22VN00000106,IN_USE,HCM,,OFFICE_ASSET,Audit 2026 device/Office assets.xlsx#Asset!row=98,22VN00000106,5CG3404MX5,Laptop HP Elite x360 1040,1,1
OBS-B971E1F4D144,AID:22VN00110009,IN_USE,HCM,,OFFICE_ASSET,Audit 2026 device/Office assets.xlsx#Asset!row=99,22VN00110009,5CG11088PT,Laptop HP 14s-cf2xxx,1,1
OBS-420F2B24EC42,AID:22VN00110009,AVAILABLE,HCM,,OFFICE_ASSET,Audit 2026 device/Office assets.xlsx#Asset!row=100,22VN00110009,5CG11088PT,Laptop HP 14s-cf2xxx,1,1
OBS-D2E66C2B9C60,AID:22VN00000006,IN_USE,HCM,,OFFICE_ASSET,Audit 2026 device/Office assets.xlsx#Asset!row=101,22VN00000006,5R4JGL3,Laptop Dell Latitude 3520,1,1
OBS-A200506C3D26,AID:22VN00000029,AVAILABLE,HCM,,OFFICE_ASSET,Audit 2026 device/Office assets.xlsx#Asset!row=102,22VN00000029,,Office Asset,1,1
OBS-FEADEE6E573C,AID:22VN00000036,AVAILABLE,HCM,,OFFICE_ASSET,Audit 2026 device/Office assets.xlsx#Asset!row=103,22VN00000036,,Office Asset,1,1
OBS-3B46EAA5D200,AID:22VN00000048,AVAILABLE,HCM,,OFFICE_ASSET,Audit 2026 device/Office assets.xlsx#Asset!row=104,22VN00000048,,Office Asset,1,1
OBS-ACBB458E66AB,AID:22VN00000060,AVAILABLE,HCM,,OFFICE_ASSET,Audit 2026 device/Office assets.xlsx#Asset!row=105,22VN00000060,,Office Asset,1,1
OBS-15781FDDA16F,AID:22VN00000065,AVAILABLE,HCM,,OFFICE_ASSET,Audit 2026 device/Office assets.xlsx#Asset!row=106,22VN00000065,,Office Asset,1,1
OBS-D7A6E0E8061E,AID:22VN00000079,AVAILABLE,HCM,,OFFICE_ASSET,Audit 2026 device/Office assets.xlsx#Asset!row=107,22VN00000079,,Office Asset,1,1
OBS-88975C7CE222,AID:22VN00110003,AVAILABLE,HCM,,OFFICE_ASSET,Audit 2026 device/Office assets.xlsx#Asset!row=108,22VN00110003,,Office Asset,1,1
OBS-4E7BE47A5BC8,AID:22VN00000089,AVAILABLE,HCM,,OFFICE_ASSET,Audit 2026 device/Office assets.xlsx#Asset!row=109,22VN00000089,,Office Asset,1,1
OBS-68A6D78BC5C6,AID:22VN00000093,AVAILABLE,HCM,,OFFICE_ASSET,Audit 2026 device/Office assets.xlsx#Asset!row=110,22VN00000093,,Office Asset,1,1
OBS-9FFE3B8699A1,AID:22VN00000096,AVAILABLE,HCM,,OFFICE_ASSET,Audit 2026 device/Office assets.xlsx#Asset!row=111,22VN00000096,,Office Asset,1,1
OBS-FA9F24AA4D2F,SN:8CC3161T0J,IN_USE,A001,,STORE_AUDIT,Audit 2026 device/Data store/Audit/A001.xlsx#A001!row=2,,8CC3161T0J,Mini Pc,1,1
OBS-E20B8B32FD56,OBS:BBA8660547,IN_USE,A001,,STORE_AUDIT,Audit 2026 device/Data store/Audit/A001.xlsx#A001!row=3,,,Keyboard,1,1
OBS-307CD86C716F,OBS:6FD56E4AAD,IN_USE,A001,,STORE_AUDIT,Audit 2026 device/Data store/Audit/A001.xlsx#A001!row=4,,,Mouse,1,1
OBS-A8C87FCC8970,SN:20201130040,IN_USE,A001,,STORE_AUDIT,Audit 2026 device/Data store/Audit/A001.xlsx#A001!row=5,,20201130040,Cash Drawer,1,1
OBS-A92ACA0AF5EF,SN:VFD220U13B20120035,IN_USE,A001,,STORE_AUDIT,Audit 2026 device/Data store/Audit/A001.xlsx#A001!row=6,,VFD220U13B20120035,Pole Display,1,1
OBS-50FAE0AFD284,SN:G21M82792,IN_USE,A001,,STORE_AUDIT,Audit 2026 device/Data store/Audit/A001.xlsx#A001!row=7,,G21M82792,Scanning gun,1,1
OBS-5621BCB3371B,SN:1CR82307C4,IN_USE,A001,,STORE_AUDIT,Audit 2026 device/Data store/Audit/A001.xlsx#A001!row=8,,1CR82307C4,Monitor,1,1
OBS-5C9523E688A0,SN:X7B9022774,IN_USE,A001,,STORE_AUDIT,Audit 2026 device/Data store/Audit/A001.xlsx#A001!row=9,,X7B9022774,Bill Printer,1,1
OBS-F4F6C7C0C881,SN:PSZ27181AHK,IN_USE,A001,,STORE_AUDIT,Audit 2026 device/Data store/Audit/A001.xlsx#A001!row=10,,PSZ27181AHK,"Switch (Internal Switch-POS, TF, Wifi)",1,1
OBS-56AEAF862862,SN:AC8BA9548380,IN_USE,A001,,STORE_AUDIT,Audit 2026 device/Data store/Audit/A001.xlsx#A001!row=11,,AC8BA9548380,Access Point,1,1
OBS-540C208DF4E1,SN:FGT40FTK2309D2D4,IN_USE,A001,,STORE_AUDIT,Audit 2026 device/Data store/Audit/A001.xlsx#A001!row=12,,FGT40FTK2309D2D4,Firewall,1,1
OBS-025ED9DF9553,SN:CNB3Q9MLY6,IN_USE,A001,,STORE_AUDIT,Audit 2026 device/Data store/Audit/A001.xlsx#A001!row=13,,CNB3Q9MLY6,Printer,1,1
OBS-CC4102D36A00,SN:S24165523020818,IN_USE,A001,,STORE_AUDIT,Audit 2026 device/Data store/Audit/A001.xlsx#A001!row=14,,S24165523020818,PDT,1,1
OBS-E1F2D97641D0,SN:F7N4GGJ73G,IN_USE,A001,,STORE_AUDIT,Audit 2026 device/Data store/Audit/A001.xlsx#A001!row=15,,F7N4GGJ73G,Ipad,1,1
OBS-AF41ADE66245,SN:2530022102301145,IN_USE,A001,,STORE_AUDIT,Audit 2026 device/Data store/Audit/A001.xlsx#A001!row=16,,2530022102301145,PDT's Printer,1,1
OBS-6F4B749E583A,SN:8CC3213L46,IN_USE,A002,,STORE_AUDIT,Audit 2026 device/Data store/Audit/A002.xlsx#A002!row=2,,8CC3213L46,Mini Pc,1,1
OBS-4F3ED35FEE30,SN:20201130017,IN_USE,A002,,STORE_AUDIT,Audit 2026 device/Data store/Audit/A002.xlsx#A002!row=3,,20201130017,Cash Drawer,1,1
OBS-E99BF796A7D5,SN:211130000023,IN_USE,A002,,STORE_AUDIT,Audit 2026 device/Data store/Audit/A002.xlsx#A002!row=4,,211130000023,Pole Display,1,1
OBS-BCEA18C401FA,SN:G23D05251,IN_USE,A002,,STORE_AUDIT,Audit 2026 device/Data store/Audit/A002.xlsx#A002!row=5,,G23D05251,Scanning gun,1,1
OBS-B13CFE421A2F,SN:1CR82307CJ,IN_USE,A002,,STORE_AUDIT,Audit 2026 device/Data store/Audit/A002.xlsx#A002!row=6,,1CR82307CJ,Monitor,1,1
OBS-D9F02454E35E,SN:X7BA004104,IN_USE,A002,,STORE_AUDIT,Audit 2026 device/Data store/Audit/A002.xlsx#A002!row=7,,X7BA004104,Bill Printer,1,1
OBS-F8F96CC82CC4,SN:PSZ27181D30,IN_USE,A002,,STORE_AUDIT,Audit 2026 device/Data store/Audit/A002.xlsx#A002!row=8,,PSZ27181D30,"Switch (Internal Switch-POS, TF, Wifi)",1,1
OBS-57A003198D30,SN:9C05D679853C,IN_USE,A002,,STORE_AUDIT,Audit 2026 device/Data store/Audit/A002.xlsx#A002!row=9,,9C05D679853C,Access Point,1,1
OBS-19F1CA46C722,SN:FGT40FTK24007310,IN_USE,A002,,STORE_AUDIT,Audit 2026 device/Data store/Audit/A002.xlsx#A002!row=10,,FGT40FTK24007310,Firewall,1,1
OBS-280BBEC105A4,SN:ZAU82MM037794,IN_USE,A002,,STORE_AUDIT,Audit 2026 device/Data store/Audit/A002.xlsx#A002!row=11,,ZAU82MM037794,Access Point,1,1
OBS-259ED0AA9EFD,SN:CNB3R38327,IN_USE,A002,,STORE_AUDIT,Audit 2026 device/Data store/Audit/A002.xlsx#A002!row=12,,CNB3R38327,Printer,1,1
OBS-F939BF57B0E9,SN:SK5QKJH956L,IN_USE,A002,,STORE_AUDIT,Audit 2026 device/Data store/Audit/A002.xlsx#A002!row=13,,SK5QKJH956L,IPad,1,1
OBS-BB9C5BBAE4B9,SN:24161523020360,IN_USE,A002,,STORE_AUDIT,Audit 2026 device/Data store/Audit/A002.xlsx#A002!row=14,,24161523020360,PDT,1,1
OBS-7FA41CF055CE,SN:234123052300546,IN_USE,A002,,STORE_AUDIT,Audit 2026 device/Data store/Audit/A002.xlsx#A002!row=15,,234123052300546,PDT's Printer,1,1
OBS-394EFCBA059D,SN:4CE234DC69,AVAILABLE,DSV,A003,STORE_AUDIT,Audit 2026 device/Data store/Audit/A003.xlsx#A003 ASICS GOLD COAST!row=2,,4CE234DC69,Mini Pc,1,1
OBS-0D708CBE05C9,OBS:211A5CB99C,IN_USE,A003,,STORE_AUDIT,Audit 2026 device/Data store/Audit/A003.xlsx#A003 ASICS GOLD COAST!row=3,,,Keyboard,1,1
OBS-4457B2E64A89,OBS:1858B49488,IN_USE,A003,,STORE_AUDIT,Audit 2026 device/Data store/Audit/A003.xlsx#A003 ASICS GOLD COAST!row=4,,,Mouse,1,1
OBS-8E4ECE69EF74,SN:MK410211201036,IN_USE,A003,,STORE_AUDIT,Audit 2026 device/Data store/Audit/A003.xlsx#A003 ASICS GOLD COAST!row=5,,MK410211201036,Cash Drawer,1,1
OBS-F46328DF2301,SN:211130000033,IN_USE,A003,,STORE_AUDIT,Audit 2026 device/Data store/Audit/A003.xlsx#A003 ASICS GOLD COAST!row=6,,211130000033,Pole Display,1,1
OBS-CDD2BCEFD647,SN:G00LH223008,IN_USE,A003,,STORE_AUDIT,Audit 2026 device/Data store/Audit/A003.xlsx#A003 ASICS GOLD COAST!row=7,,G00LH223008,Scanning gun,1,1
OBS-8DD53B5C582D,SN:3CQ7490XG4,IN_USE,A003,,STORE_AUDIT,Audit 2026 device/Data store/Audit/A003.xlsx#A003 ASICS GOLD COAST!row=8,,3CQ7490XG4,Monitor,1,1
OBS-3DE4633C6CA2,SN:X7BA007405,IN_USE,A003,,STORE_AUDIT,Audit 2026 device/Data store/Audit/A003.xlsx#A003 ASICS GOLD COAST!row=9,,X7BA007405,Bill Printer,1,1
OBS-A0517BE850CF,SN:PSZ27111C7N,IN_USE,A003,,STORE_AUDIT,Audit 2026 device/Data store/Audit/A003.xlsx#A003 ASICS GOLD COAST!row=10,,PSZ27111C7N,"Switch (Internal Switch-POS, TF, Wifi)",1,1
OBS-90D8679F2CC3,SN:8C30664CA1F4,IN_USE,A003,,STORE_AUDIT,Audit 2026 device/Data store/Audit/A003.xlsx#A003 ASICS GOLD COAST!row=11,,8C30664CA1F4,Access Point,1,1
OBS-24E17BC13BE2,SN:FGT40FTK25088855,IN_USE,A003,,STORE_AUDIT,Audit 2026 device/Data store/Audit/A003.xlsx#A003 ASICS GOLD COAST!row=12,,FGT40FTK25088855,Firewall,1,1
OBS-92A18B99AD0F,SN:NMYA744308,IN_USE,A003,,STORE_AUDIT,Audit 2026 device/Data store/Audit/A003.xlsx#A003 ASICS GOLD COAST!row=13,,NMYA744308,Printer,1,1
OBS-0236F10219CA,SN:S22182523023415,AVAILABLE,DSV,A003,STORE_AUDIT,Audit 2026 device/Data store/Audit/A003.xlsx#A003 ASICS GOLD COAST!row=14,,S22182523023415,PDT,1,1
OBS-00571F0DBCD0,SN:F36H6L0DM0,IN_USE,A003,,STORE_AUDIT,Audit 2026 device/Data store/Audit/A003.xlsx#A003 ASICS GOLD COAST!row=15,,F36H6L0DM0,Ipad,1,1
OBS-EF831A18FF5B,SN:XXZTN261200010,IN_USE,A003,,STORE_AUDIT,Audit 2026 device/Data store/Audit/A003.xlsx#A003 ASICS GOLD COAST!row=16,,XXZTN261200010,PDT's Printer,1,1
OBS-F64F936E9075,SN:8CC3500VNJ8CC3500VSH,IN_USE,V003,,STORE_AUDIT,Audit 2026 device/Data store/Audit/V003.xlsx#V003!row=2,,8CC3500VNJ8CC3500VSH,Mini Pc,2,1
OBS-E08B5B43EA13,OBS:5C3EFEBBED,IN_USE,V003,,STORE_AUDIT,Audit 2026 device/Data store/Audit/V003.xlsx#V003!row=2,,,Mini Pc,2,2
OBS-A6FF7C5E7717,SN:1C6A1B99A032,IN_USE,V003,,STORE_AUDIT,Audit 2026 device/Data store/Audit/V003.xlsx#V003!row=3,,1C6A1B99A032,Switch,1,1
OBS-ACD81FF41943,SN:KWC29190Y0L,IN_USE,V003,,STORE_AUDIT,Audit 2026 device/Data store/Audit/V003.xlsx#V003!row=4,,KWC29190Y0L,Switch,1,1
OBS-855133D174FD,SN:1C6A1B1F094D1C6A1B1EFD411C6A1B1EFB0D,IN_USE,V003,,STORE_AUDIT,Audit 2026 device/Data store/Audit/V003.xlsx#V003!row=5,,1C6A1B1F094D1C6A1B1EFD411C6A1B1EFB0D,Access Point,3,1
OBS-CCC010FC5055,OBS:EE58298147,IN_USE,V003,,STORE_AUDIT,Audit 2026 device/Data store/Audit/V003.xlsx#V003!row=5,,,Access Point,3,2
OBS-5D5586F04401,OBS:98B3472EE1,IN_USE,V003,,STORE_AUDIT,Audit 2026 device/Data store/Audit/V003.xlsx#V003!row=5,,,Access Point,3,3
OBS-BE31EBD975AE,OBS:78C85CD4CF,IN_USE,V003,,STORE_AUDIT,Audit 2026 device/Data store/Audit/V003.xlsx#V003!row=6,,,Sim Data (O2O),1,1
OBS-A10BA26C21DC,SN:352714115510901S24165523020007S24164523022749S24144523021867S24164523022750,IN_USE,V003,,STORE_AUDIT,Audit 2026 device/Data store/Audit/V003.xlsx#V003!row=7,,352714115510901S24165523020007S24164523022749S24144523021867S24164523022750,PDT,5,1
OBS-1DC1BF0CC0AF,OBS:BFBBB52104,IN_USE,V003,,STORE_AUDIT,Audit 2026 device/Data store/Audit/V003.xlsx#V003!row=7,,,PDT,5,2
OBS-7475FD102798,OBS:4B8209B328,IN_USE,V003,,STORE_AUDIT,Audit 2026 device/Data store/Audit/V003.xlsx#V003!row=7,,,PDT,5,3
OBS-F00BE356B9E8,OBS:C1E271B0E6,IN_USE,V003,,STORE_AUDIT,Audit 2026 device/Data store/Audit/V003.xlsx#V003!row=7,,,PDT,5,4
OBS-5A5C258A4E39,OBS:94D4689282,IN_USE,V003,,STORE_AUDIT,Audit 2026 device/Data store/Audit/V003.xlsx#V003!row=7,,,PDT,5,5
OBS-F53EC9D370AA,SN:25341230523005322530022102301146,IN_USE,V003,,STORE_AUDIT,Audit 2026 device/Data store/Audit/V003.xlsx#V003!row=8,,25341230523005322530022102301146,PDT printer,2,1
OBS-886A6B413056,OBS:63FED7548B,IN_USE,V003,,STORE_AUDIT,Audit 2026 device/Data store/Audit/V003.xlsx#V003!row=8,,,PDT printer,2,2
OBS-E35DAB6CF7CB,SN:356160461428445,IN_USE,V003,,STORE_AUDIT,Audit 2026 device/Data store/Audit/V003.xlsx#V003!row=9,,356160461428445,Tablet for o2o,1,1
OBS-263E9C68FE25,SN:I1624C0004,IN_USE,V003,,STORE_AUDIT,Audit 2026 device/Data store/Audit/V003.xlsx#V003!row=10,,I1624C0004,Printer for o2o,1,1
OBS-27B120573381,SN:91DR874,IN_USE,V003,,STORE_AUDIT,Audit 2026 device/Data store/Audit/V003.xlsx#V003!row=11,,91DR874,PC Workstation,1,1
OBS-D80F3E399B09,SN:3CQ3240J7T3CQ23206621CR82307C4,IN_USE,V003,,STORE_AUDIT,Audit 2026 device/Data store/Audit/V003.xlsx#V003!row=12,,3CQ3240J7T3CQ23206621CR82307C4,Monitor,3,1
OBS-E9D6493908FA,OBS:46FE9DC26B,IN_USE,V003,,STORE_AUDIT,Audit 2026 device/Data store/Audit/V003.xlsx#V003!row=12,,,Monitor,3,2
OBS-8CE390E167BE,OBS:93D8FF155C,IN_USE,V003,,STORE_AUDIT,Audit 2026 device/Data store/Audit/V003.xlsx#V003!row=12,,,Monitor,3,3
OBS-311BB1FE6A0C,OBS:EBA546346C,IN_USE,V003,,STORE_AUDIT,Audit 2026 device/Data store/Audit/V003.xlsx#V003!row=13,,,Keyboard,3,1
OBS-53F45CBA1673,OBS:0EC63D6202,IN_USE,V003,,STORE_AUDIT,Audit 2026 device/Data store/Audit/V003.xlsx#V003!row=13,,,Keyboard,3,2
OBS-DFD371F40DB3,OBS:55260DE4E4,IN_USE,V003,,STORE_AUDIT,Audit 2026 device/Data store/Audit/V003.xlsx#V003!row=13,,,Keyboard,3,3
OBS-42512846B17E,OBS:A9A22EEF7A,IN_USE,V003,,STORE_AUDIT,Audit 2026 device/Data store/Audit/V003.xlsx#V003!row=14,,,Mouse,3,1
OBS-461425FC32C8,OBS:3B406E52C3,IN_USE,V003,,STORE_AUDIT,Audit 2026 device/Data store/Audit/V003.xlsx#V003!row=14,,,Mouse,3,2
OBS-3E31A91EBD48,OBS:98151954EF,IN_USE,V003,,STORE_AUDIT,Audit 2026 device/Data store/Audit/V003.xlsx#V003!row=14,,,Mouse,3,3
OBS-4E8DBAD032C2,SN:MK410221102176MK410221102399,IN_USE,V003,,STORE_AUDIT,Audit 2026 device/Data store/Audit/V003.xlsx#V003!row=15,,MK410221102176MK410221102399,Cash Drawer,2,1
OBS-71A16F67E913,OBS:EEEE67C11D,IN_USE,V003,,STORE_AUDIT,Audit 2026 device/Data store/Audit/V003.xlsx#V003!row=15,,,Cash Drawer,2,2
OBS-1A9B91D296AC,SN:2TD311NAFS2TD3311NAFQ,IN_USE,V003,,STORE_AUDIT,Audit 2026 device/Data store/Audit/V003.xlsx#V003!row=16,,2TD311NAFS2TD3311NAFQ,Pole Display,2,1
OBS-F95D411C95B6,OBS:0C175DC24E,IN_USE,V003,,STORE_AUDIT,Audit 2026 device/Data store/Audit/V003.xlsx#V003!row=16,,,Pole Display,2,2
OBS-F3A8E231445D,SN:S24019523702434SCANS24017523702131DOCKSCANS24020523701951SCANS24016523701462DOCKSCAN,IN_USE,V003,,STORE_AUDIT,Audit 2026 device/Data store/Audit/V003.xlsx#V003!row=17,,S24019523702434SCANS24017523702131DOCKSCANS24020523701951SCANS24016523701462DOCKSCAN,Scanner,2,1
OBS-C3522DD6C74F,OBS:4545EA137F,IN_USE,V003,,STORE_AUDIT,Audit 2026 device/Data store/Audit/V003.xlsx#V003!row=17,,,Scanner,2,2
OBS-3C1500753E12,SN:25300221023011402534123052300530,IN_USE,V003,,STORE_AUDIT,Audit 2026 device/Data store/Audit/V003.xlsx#V003!row=18,,25300221023011402534123052300530,Bill printer,2,1
OBS-150729D29A0D,OBS:C300F0E286,IN_USE,V003,,STORE_AUDIT,Audit 2026 device/Data store/Audit/V003.xlsx#V003!row=18,,,Bill printer,2,2
OBS-E25393DCDD3B,SN:CNB2Q9TRM8,IN_USE,V003,,STORE_AUDIT,Audit 2026 device/Data store/Audit/V003.xlsx#V003!row=19,,CNB2Q9TRM8,A4 Printer,1,1
OBS-3D0D724E20F1,SN:5CG3350NKD,IN_USE,V003,,STORE_AUDIT,Audit 2026 device/Data store/Audit/V003.xlsx#V003!row=20,,5CG3350NKD,Mpos,1,1
OBS-3550FDB3908B,SN:2560023022000020,IN_USE,V003,,STORE_AUDIT,Audit 2026 device/Data store/Audit/V003.xlsx#V003!row=21,,2560023022000020,Printer for Mpos,1,1
OBS-56D87121BB01,SN:FGT60FTK23084659,IN_USE,V003,,STORE_AUDIT,Audit 2026 device/Data store/Audit/V003.xlsx#V003!row=22,,FGT60FTK23084659,Firewall,1,1
OBS-6551204B91C9,SN:S23069523701506,IN_USE,V003,,STORE_AUDIT,Audit 2026 device/Data store/Audit/V003.xlsx#V003!row=23,,S23069523701506,Dock zebra,1,1
OBS-3E6DD463D5F6,SN:8CC3190ZZK,IN_USE,VA01,,STORE_AUDIT,Audit 2026 device/Data store/Audit/VA01.xlsx#VA01!row=2,,8CC3190ZZK,Mini Pc,1,1
OBS-E9FF61778D5F,OBS:7AA234F871,IN_USE,VA01,,STORE_AUDIT,Audit 2026 device/Data store/Audit/VA01.xlsx#VA01!row=3,,,Keyboard,1,1
OBS-72DF2CDFEE25,OBS:1B59FBD0E4,IN_USE,VA01,,STORE_AUDIT,Audit 2026 device/Data store/Audit/VA01.xlsx#VA01!row=4,,,Mouse,1,1
OBS-DCDE6ECD756E,SN:MK410221102375,IN_USE,VA01,,STORE_AUDIT,Audit 2026 device/Data store/Audit/VA01.xlsx#VA01!row=5,,MK410221102375,Cash Drawer,1,1
OBS-B03834437888,SN:D190928010059,IN_USE,VA01,,STORE_AUDIT,Audit 2026 device/Data store/Audit/VA01.xlsx#VA01!row=6,,D190928010059,Pole Display,1,1
OBS-3492E0A46413,SN:G23C76633,IN_USE,VA01,,STORE_AUDIT,Audit 2026 device/Data store/Audit/VA01.xlsx#VA01!row=7,,G23C76633,Scanning gun,1,1
OBS-8D070AE0DC64,SN:3CQ23207GZ,IN_USE,VA01,,STORE_AUDIT,Audit 2026 device/Data store/Audit/VA01.xlsx#VA01!row=8,,3CQ23207GZ,Monitor,1,1
OBS-FCA37F4E7819,SN:X7B9027872,IN_USE,VA01,,STORE_AUDIT,Audit 2026 device/Data store/Audit/VA01.xlsx#VA01!row=9,,X7B9027872,Bill Printer,1,1
OBS-7C17DBD3B67D,SN:PSZ27111C9M,IN_USE,VA01,,STORE_AUDIT,Audit 2026 device/Data store/Audit/VA01.xlsx#VA01!row=10,,PSZ27111C9M,"Switch (Internal Switch-POS, TF, Wifi)",1,1
OBS-52498A618C66,SN:9C05D67987ED,IN_USE,VA01,,STORE_AUDIT,Audit 2026 device/Data store/Audit/VA01.xlsx#VA01!row=11,,9C05D67987ED,Access Point,1,1
OBS-EF371B84EB16,SN:FGT40FTK24013312,IN_USE,VA01,,STORE_AUDIT,Audit 2026 device/Data store/Audit/VA01.xlsx#VA01!row=12,,FGT40FTK24013312,Firewall,1,1
OBS-E65D3F091862,SN:NMYA846446,IN_USE,VA01,,STORE_AUDIT,Audit 2026 device/Data store/Audit/VA01.xlsx#VA01!row=13,,NMYA846446,Printer,1,1
OBS-5A954767702E,SN:862854053049828,IN_USE,VA01,,STORE_AUDIT,Audit 2026 device/Data store/Audit/VA01.xlsx#VA01!row=14,,862854053049828,Tablet (O2O),1,1
OBS-E6F09564BF81,SN:I1623H0004,IN_USE,VA01,,STORE_AUDIT,Audit 2026 device/Data store/Audit/VA01.xlsx#VA01!row=15,,I1623H0004,Printer (O2O),1,1
OBS-3F49B92E0D15,SN:24164523022661,IN_USE,VA01,,STORE_AUDIT,Audit 2026 device/Data store/Audit/VA01.xlsx#VA01!row=16,,24164523022661,PDT,1,1
OBS-811FA8C8C2F5,SN:2530022102300548,IN_USE,VA01,,STORE_AUDIT,Audit 2026 device/Data store/Audit/VA01.xlsx#VA01!row=17,,2530022102300548,PDT's Printer,1,1
OBS-EACEC6831866,SN:8CC3190ZZK,IN_USE,VA01,,STORE_AUDIT,Audit 2026 device/Data store/Audit/VA01.xlsx#Sheet1!row=2,,8CC3190ZZK,Mini Pc,1,1
OBS-0136FFBE627A,SN:MK410221102375,IN_USE,VA01,,STORE_AUDIT,Audit 2026 device/Data store/Audit/VA01.xlsx#Sheet1!row=5,,MK410221102375,Cash Drawer,1,1
OBS-B3B292FCA640,SN:D190928010059,IN_USE,VA01,,STORE_AUDIT,Audit 2026 device/Data store/Audit/VA01.xlsx#Sheet1!row=6,,D190928010059,Pole Display,1,1
OBS-848891A7122C,SN:G23C76633,IN_USE,VA01,,STORE_AUDIT,Audit 2026 device/Data store/Audit/VA01.xlsx#Sheet1!row=7,,G23C76633,Scanning gun,1,1
OBS-B62B31211646,SN:X7B9027872,IN_USE,VA01,,STORE_AUDIT,Audit 2026 device/Data store/Audit/VA01.xlsx#Sheet1!row=9,,X7B9027872,Bill Printer,1,1
OBS-DCD37F93DAAD,SN:KWC29190Y1C,IN_USE,VA01,,STORE_AUDIT,Audit 2026 device/Data store/Audit/VA01.xlsx#Sheet1!row=10,,KWC29190Y1C,"Switch (Internal Switch-POS, TF, Wifi)",1,1
OBS-BEB83905388B,SN:9C05D67658B6,IN_USE,VA01,,STORE_AUDIT,Audit 2026 device/Data store/Audit/VA01.xlsx#Sheet1!row=11,,9C05D67658B6,Access Point,1,1
OBS-4AE1D32BF9CB,OBS:9052D7C58E,IN_USE,VA01,,STORE_AUDIT,Audit 2026 device/Data store/Audit/VA01.xlsx#Sheet1!row=12,,,Sim Data (O2O),1,1
OBS-E11A6EBD8C08,SN:FGT40FTK24086985,IN_USE,VA01,,STORE_AUDIT,Audit 2026 device/Data store/Audit/VA01.xlsx#Sheet1!row=13,,FGT40FTK24086985,Firewall,1,1
OBS-EFA1EEB7F380,SN:NMYA846446,IN_USE,VA01,,STORE_AUDIT,Audit 2026 device/Data store/Audit/VA01.xlsx#Sheet1!row=14,,NMYA846446,Printer,1,1
OBS-1C3E1816FEA9,SN:I1623F0001,IN_USE,VA01,,STORE_AUDIT,Audit 2026 device/Data store/Audit/VA01.xlsx#Sheet1!row=16,,I1623F0001,Printer (O2O),1,1
OBS-C4E24D71EF35,SN:24164523022661,IN_USE,VA01,,STORE_AUDIT,Audit 2026 device/Data store/Audit/VA01.xlsx#Sheet1!row=17,,24164523022661,PDT,1,1
OBS-CA712279816D,SN:2530022102300950,IN_USE,VA01,,STORE_AUDIT,Audit 2026 device/Data store/Audit/VA01.xlsx#Sheet1!row=18,,2530022102300950,PDT's Printer,1,1
OBS-EFA40E37C17B,SN:8CC2452WZJ,IN_USE,VA03,,STORE_AUDIT,Audit 2026 device/Data store/Audit/VA03.xlsx#VA03!row=2,,8CC2452WZJ,Mini Pc,1,1
OBS-982F88BFF9AE,OBS:A6BC0F17F8,IN_USE,VA03,,STORE_AUDIT,Audit 2026 device/Data store/Audit/VA03.xlsx#VA03!row=3,,,Keyboard,1,1
OBS-A10DBCD460A2,OBS:68826B5C68,IN_USE,VA03,,STORE_AUDIT,Audit 2026 device/Data store/Audit/VA03.xlsx#VA03!row=4,,,Mouse,1,1
OBS-C9F21F57209C,SN:MK410221102387,IN_USE,VA03,,STORE_AUDIT,Audit 2026 device/Data store/Audit/VA03.xlsx#VA03!row=5,,MK410221102387,Cash Drawer,1,1
OBS-03F7179D9DCD,SN:ALCD20110003,IN_USE,VA03,,STORE_AUDIT,Audit 2026 device/Data store/Audit/VA03.xlsx#VA03!row=6,,ALCD20110003,Pole Display,1,1
OBS-282F867BEF17,SN:G20I34943,IN_USE,VA03,,STORE_AUDIT,Audit 2026 device/Data store/Audit/VA03.xlsx#VA03!row=7,,G20I34943,Scanning gun,1,1
OBS-7D990EFCBD86,SN:1CR82307DL,IN_USE,VA03,,STORE_AUDIT,Audit 2026 device/Data store/Audit/VA03.xlsx#VA03!row=8,,1CR82307DL,Monitor,1,1
OBS-6BCA9263DDCA,SN:TCEY007587,IN_USE,VA03,,STORE_AUDIT,Audit 2026 device/Data store/Audit/VA03.xlsx#VA03!row=9,,TCEY007587,Bill Printer,1,1
OBS-E8574D405AB5,SN:PSZ26391WEW,IN_USE,VA03,,STORE_AUDIT,Audit 2026 device/Data store/Audit/VA03.xlsx#VA03!row=10,,PSZ26391WEW,"Switch (Internal Switch-POS, TF, Wifi)",1,1
OBS-D6CB026E4CF7,SN:9C05D67985DB,IN_USE,VA03,,STORE_AUDIT,Audit 2026 device/Data store/Audit/VA03.xlsx#VA03!row=11,,9C05D67985DB,Access Point,1,1
OBS-4510E1B5E2FF,SN:FGT40FTK24013962,IN_USE,VA03,,STORE_AUDIT,Audit 2026 device/Data store/Audit/VA03.xlsx#VA03!row=12,,FGT40FTK24013962,Firewall,1,1
OBS-81C061AE7F8D,SN:NMYA467017,IN_USE,VA03,,STORE_AUDIT,Audit 2026 device/Data store/Audit/VA03.xlsx#VA03!row=13,,NMYA467017,Printer,1,1
OBS-E104A9C2B57C,SN:24164523022789,IN_USE,VA03,,STORE_AUDIT,Audit 2026 device/Data store/Audit/VA03.xlsx#VA03!row=14,,24164523022789,PDT,1,1
OBS-C1744B1843FB,SN:2530022102300551,IN_USE,VA03,,STORE_AUDIT,Audit 2026 device/Data store/Audit/VA03.xlsx#VA03!row=15,,2530022102300551,PDT's Printer,1,1
OBS-B1C0F98600B1,AID:22VN00000029,IN_USE,VA04,,STORE_AUDIT,Audit 2026 device/Data store/Audit/VA04.xlsx#VA04!row=2,,1P8VKG3,Desktop,1,1
OBS-9C7DDA7D78F5,OBS:BAF8FAED50,IN_USE,VA04,,STORE_AUDIT,Audit 2026 device/Data store/Audit/VA04.xlsx#VA04!row=3,,,Keyboard,1,1
OBS-9CA64C99FE1A,OBS:8F42313869,IN_USE,VA04,,STORE_AUDIT,Audit 2026 device/Data store/Audit/VA04.xlsx#VA04!row=4,,,Mouse,1,1
OBS-8ACCACEAA8F7,SN:G18C39498,IN_USE,VA04,,STORE_AUDIT,Audit 2026 device/Data store/Audit/VA04.xlsx#VA04!row=5,,G18C39498,Scanner,1,1
OBS-FC9D8293F0B1,SN:X7B9022768,IN_USE,VA04,,STORE_AUDIT,Audit 2026 device/Data store/Audit/VA04.xlsx#VA04!row=6,,X7B9022768,Bill Printer,1,1
OBS-169B6D592349,OBS:2E76A39368,IN_USE,VA04,,STORE_AUDIT,Audit 2026 device/Data store/Audit/VA04.xlsx#VA04!row=7,,,USB Hub,1,1
OBS-5629427149D8,SN:22172W5002241,IN_USE,VA04,,STORE_AUDIT,Audit 2026 device/Data store/Audit/VA04.xlsx#VA04!row=8,,22172W5002241,Network Switch,1,1
OBS-F4FC155771F1,SN:FGT40FTK24008605,IN_USE,VA04,,STORE_AUDIT,Audit 2026 device/Data store/Audit/VA04.xlsx#VA04!row=9,,FGT40FTK24008605,Firewall,1,1
OBS-F28BB9867DF6,SN:LQHA364224,IN_USE,VA04,,STORE_AUDIT,Audit 2026 device/Data store/Audit/VA04.xlsx#VA04!row=10,,LQHA364224,Printer,1,1
OBS-F13BA1600623,SN:DHC4LQ3,IN_USE,VA05,,STORE_AUDIT,Audit 2026 device/Data store/Audit/VA05.xlsx#VA05!row=2,,DHC4LQ3,Mini Pc,1,1
OBS-38F2F65A409E,OBS:17DAEAAE8D,IN_USE,VA05,,STORE_AUDIT,Audit 2026 device/Data store/Audit/VA05.xlsx#VA05!row=3,,,Keyboard,1,1
OBS-7A941D5D94B8,OBS:FF4A1ED420,IN_USE,VA05,,STORE_AUDIT,Audit 2026 device/Data store/Audit/VA05.xlsx#VA05!row=4,,,Mouse,1,1
OBS-641973E50F54,SN:MK410221102375,IN_USE,VA05,,STORE_AUDIT,Audit 2026 device/Data store/Audit/VA05.xlsx#VA05!row=5,,MK410221102375,Cash Drawer,1,1
OBS-1E1313234314,SN:D190928010059,IN_USE,VA05,,STORE_AUDIT,Audit 2026 device/Data store/Audit/VA05.xlsx#VA05!row=6,,D190928010059,Pole Display,1,1
OBS-09FE6D6783CA,SN:G23C76633,IN_USE,VA05,,STORE_AUDIT,Audit 2026 device/Data store/Audit/VA05.xlsx#VA05!row=7,,G23C76633,Scanning gun,1,1
OBS-EF9F81DF8768,SN:3CQ23207GZ,IN_USE,VA05,,STORE_AUDIT,Audit 2026 device/Data store/Audit/VA05.xlsx#VA05!row=8,,3CQ23207GZ,Monitor,1,1
OBS-D2260F874921,SN:X7B9027872,IN_USE,VA05,,STORE_AUDIT,Audit 2026 device/Data store/Audit/VA05.xlsx#VA05!row=9,,X7B9027872,Bill Printer,1,1
OBS-3DD24B63E80E,SN:PSZ2717X8F,IN_USE,VA05,,STORE_AUDIT,Audit 2026 device/Data store/Audit/VA05.xlsx#VA05!row=10,,PSZ2717X8F,"Switch (Internal Switch-POS, TF, Wifi)",1,1
OBS-85AD0FBB4B04,SN:9C05D67986B5,IN_USE,VA05,,STORE_AUDIT,Audit 2026 device/Data store/Audit/VA05.xlsx#VA05!row=11,,9C05D67986B5,Access Point,1,1
OBS-8AA043F861AA,SN:FGT40FTK24012852,IN_USE,VA05,,STORE_AUDIT,Audit 2026 device/Data store/Audit/VA05.xlsx#VA05!row=12,,FGT40FTK24012852,Firewall,1,1
OBS-67EF9AED3EC5,SN:NMYA846446,IN_USE,VA05,,STORE_AUDIT,Audit 2026 device/Data store/Audit/VA05.xlsx#VA05!row=13,,NMYA846446,Printer,1,1
OBS-9F0A4C29BF0E,SN:352294624027655,IN_USE,VA05,,STORE_AUDIT,Audit 2026 device/Data store/Audit/VA05.xlsx#VA05!row=14,,352294624027655,Tablet (O2O),1,1
OBS-7C84CE1022EB,SN:I1622C0001,IN_USE,VA05,,STORE_AUDIT,Audit 2026 device/Data store/Audit/VA05.xlsx#VA05!row=15,,I1622C0001,Printer (O2O),1,1
OBS-0538AA3479EC,SN:24163523021407,IN_USE,VA05,,STORE_AUDIT,Audit 2026 device/Data store/Audit/VA05.xlsx#VA05!row=16,,24163523021407,PDT,1,1
OBS-32992E302577,SN:2534123052300530,IN_USE,VA05,,STORE_AUDIT,Audit 2026 device/Data store/Audit/VA05.xlsx#VA05!row=17,,2534123052300530,PDT's Printer,1,1
OBS-3991369C1725,SN:5CD250F9PY,IN_USE,VA06,,STORE_AUDIT,Audit 2026 device/Data store/Audit/VA06.xlsx#VA06!row=2,,5CD250F9PY,Mini Pc,1,1
OBS-603459124A06,OBS:7BD37D447E,IN_USE,VA06,,STORE_AUDIT,Audit 2026 device/Data store/Audit/VA06.xlsx#VA06!row=3,,,Mouse,1,1
OBS-2E3447BBD770,SN:MK410221101761,IN_USE,VA06,,STORE_AUDIT,Audit 2026 device/Data store/Audit/VA06.xlsx#VA06!row=4,,MK410221101761,Cash Drawer,1,1
OBS-3E158342065A,SN:G22F27193,IN_USE,VA06,,STORE_AUDIT,Audit 2026 device/Data store/Audit/VA06.xlsx#VA06!row=5,,G22F27193,Scanning gun,1,1
OBS-42AB757A8949,SN:X7B9022769,IN_USE,VA06,,STORE_AUDIT,Audit 2026 device/Data store/Audit/VA06.xlsx#VA06!row=6,,X7B9022769,Bill Printer,1,1
OBS-A2666DE9933E,SN:22253D8008245,IN_USE,VA06,,STORE_AUDIT,Audit 2026 device/Data store/Audit/VA06.xlsx#VA06!row=7,,22253D8008245,MERCUSYS,1,1
OBS-13678C1E6DD5,SN:FGT40FTK24009146,IN_USE,VA06,,STORE_AUDIT,Audit 2026 device/Data store/Audit/VA06.xlsx#VA06!row=8,,FGT40FTK24009146,Firewall,1,1
OBS-90FAD32EA0A9,SN:NMYA785124,IN_USE,VA06,,STORE_AUDIT,Audit 2026 device/Data store/Audit/VA06.xlsx#VA06!row=9,,NMYA785124,Printer,1,1
OBS-3882D0AB47AC,SN:862854053047574,IN_USE,VA06,,STORE_AUDIT,Audit 2026 device/Data store/Audit/VA06.xlsx#VA06!row=10,,862854053047574,Tablet (O2O),1,1
OBS-CDD4BC722F46,SN:I1623H0001,IN_USE,VA06,,STORE_AUDIT,Audit 2026 device/Data store/Audit/VA06.xlsx#VA06!row=11,,I1623H0001,Printer (O2O),1,1
OBS-560545EB4125,SN:XXZTN261200002,IN_USE,VA06,,STORE_AUDIT,Audit 2026 device/Data store/Audit/VA06.xlsx#VA06!row=12,,XXZTN261200002,PDT Printer,1,1
OBS-C2BE656D9BD3,SN:9041B204E93D,IN_USE,VA06,,STORE_AUDIT,Audit 2026 device/Data store/Audit/VA06.xlsx#VA06!row=13,,9041B204E93D,Access Point,1,1
OBS-47CA8ACA1479,SN:S26023524700822,IN_USE,VA06,,STORE_AUDIT,Audit 2026 device/Data store/Audit/VA06.xlsx#VA06!row=14,,S26023524700822,PDT,1,1
OBS-3C84E31A5802,SN:5CD2409YYT,IN_USE,VA08,,STORE_AUDIT,Audit 2026 device/Data store/Audit/VA08.xlsx#VA08!row=2,,5CD2409YYT,Laptop,1,1
OBS-829D4C64513D,OBS:6786FD43B1,IN_USE,VA08,,STORE_AUDIT,Audit 2026 device/Data store/Audit/VA08.xlsx#VA08!row=3,,,Mouse,1,1
OBS-50A98FAAF35C,SN:G23C76615,IN_USE,VA08,,STORE_AUDIT,Audit 2026 device/Data store/Audit/VA08.xlsx#VA08!row=4,,G23C76615,Scanning gun,1,1
OBS-28E4C7B191BF,SN:X7B9025160,IN_USE,VA08,,STORE_AUDIT,Audit 2026 device/Data store/Audit/VA08.xlsx#VA08!row=5,,X7B9025160,Bill Printer,1,1
OBS-497307A52551,SN:PSZ26391WDK,IN_USE,VA08,,STORE_AUDIT,Audit 2026 device/Data store/Audit/VA08.xlsx#VA08!row=6,,PSZ26391WDK,"Switch (Internal Switch-POS, TF, Wifi)",1,1
OBS-233862431815,SN:9C05D6797F4B,IN_USE,VA08,,STORE_AUDIT,Audit 2026 device/Data store/Audit/VA08.xlsx#VA08!row=7,,9C05D6797F4B,Access Point,1,1
OBS-EB69C91235D8,SN:FGT40FTK24013313,IN_USE,VA08,,STORE_AUDIT,Audit 2026 device/Data store/Audit/VA08.xlsx#VA08!row=8,,FGT40FTK24013313,Firewall,1,1
OBS-FC19C03AD425,SN:NMYA802545,IN_USE,VA08,,STORE_AUDIT,Audit 2026 device/Data store/Audit/VA08.xlsx#VA08!row=9,,NMYA802545,Printer,1,1
OBS-55BC83C7C5F6,SN:24165523020005,IN_USE,VA08,,STORE_AUDIT,Audit 2026 device/Data store/Audit/VA08.xlsx#VA08!row=10,,24165523020005,PDT,1,1
OBS-4C715B0616D2,SN:9C05D6797F4B,IN_USE,VA08,,STORE_AUDIT,Audit 2026 device/Data store/Audit/VA08.xlsx#VA08!row=11,,9C05D6797F4B,PDT's Printer,1,1
OBS-65D339974DF8,SN:8CC3213L26,IN_USE,VA11,,STORE_AUDIT,Audit 2026 device/Data store/Audit/VA11.xlsx#VA11!row=2,,8CC3213L26,Desktop,1,1
OBS-A8574BFE6DF5,SN:G23D05933,IN_USE,VA11,,STORE_AUDIT,Audit 2026 device/Data store/Audit/VA11.xlsx#VA11!row=3,,G23D05933,Scanner,1,1
OBS-BB6198E29C3D,SN:X7B9028160,IN_USE,VA11,,STORE_AUDIT,Audit 2026 device/Data store/Audit/VA11.xlsx#VA11!row=4,,X7B9028160,Bill Printer,1,1
OBS-D931790B6D3F,SN:D190928010060,IN_USE,VA11,,STORE_AUDIT,Audit 2026 device/Data store/Audit/VA11.xlsx#VA11!row=5,,D190928010060,Pole Display,1,1
OBS-D024D4F5A998,SN:MK410221102370,IN_USE,VA11,,STORE_AUDIT,Audit 2026 device/Data store/Audit/VA11.xlsx#VA11!row=6,,MK410221102370,Cash Drawer,1,1
OBS-79C7FE94A760,SN:NMYA834048,IN_USE,VA11,,STORE_AUDIT,Audit 2026 device/Data store/Audit/VA11.xlsx#VA11!row=7,,NMYA834048,A4 Printer,1,1
OBS-7F50FDFC3085,OBS:A6894E317F,IN_USE,VA11,,STORE_AUDIT,Audit 2026 device/Data store/Audit/VA11.xlsx#VA11!row=8,,,Other,1,1
OBS-40126F4178FC,SN:3CQ2320CS2,IN_USE,VA11,,STORE_AUDIT,Audit 2026 device/Data store/Audit/VA11.xlsx#VA11!row=9,,3CQ2320CS2,Monitor,1,1
OBS-B7883AAD3F16,SN:PSZ27181B30,IN_USE,VA11,,STORE_AUDIT,Audit 2026 device/Data store/Audit/VA11.xlsx#VA11!row=10,,PSZ27181B30,Network Switch,1,1
OBS-63DADB74CE94,SN:FGT40FTK24006198,IN_USE,VA11,,STORE_AUDIT,Audit 2026 device/Data store/Audit/VA11.xlsx#VA11!row=11,,FGT40FTK24006198,Firewall,1,1
OBS-76A5164FBE46,SN:24164523022699,IN_USE,VA11,,STORE_AUDIT,Audit 2026 device/Data store/Audit/VA11.xlsx#VA11!row=12,,24164523022699,PDT,1,1
OBS-8D7478C4F821,SN:I1623H0005,IN_USE,VA11,,STORE_AUDIT,Audit 2026 device/Data store/Audit/VA11.xlsx#VA11!row=13,,I1623H0005,O2O,1,1
OBS-F10A30BFA457,SN:2530022102300552,IN_USE,VA11,,STORE_AUDIT,Audit 2026 device/Data store/Audit/VA11.xlsx#VA11!row=14,,2530022102300552,PDT Printer,1,1
OBS-3BB9C5FF74B1,SN:9C05D6798618,IN_USE,VA11,,STORE_AUDIT,Audit 2026 device/Data store/Audit/VA11.xlsx#VA11!row=15,,9C05D6798618,Access Point,1,1
OBS-261A0B97A1E9,SN:NMYA765067,IN_USE,VA12,,STORE_AUDIT,Audit 2026 device/Data store/Audit/VA12.xlsx#VA12!row=2,,NMYA765067,A4 Printer,1,1
OBS-54FBA208F9C5,SN:G23D05439,IN_USE,VA12,,STORE_AUDIT,Audit 2026 device/Data store/Audit/VA12.xlsx#VA12!row=3,,G23D05439,Scanner,1,1
OBS-DCCE506AFB13,SN:X7B9025644,IN_USE,VA12,,STORE_AUDIT,Audit 2026 device/Data store/Audit/VA12.xlsx#VA12!row=4,,X7B9025644,Bill Printer,1,1
OBS-E956B1494F60,OBS:1701B3B228,IN_USE,VA12,,STORE_AUDIT,Audit 2026 device/Data store/Audit/VA12.xlsx#VA12!row=5,,,Other,1,1
OBS-7985608C1C12,OBS:A73947445A,IN_USE,VA12,,STORE_AUDIT,Audit 2026 device/Data store/Audit/VA12.xlsx#VA12!row=6,,,Monitor,1,1
OBS-99C79BD8CB95,SN:3CQ232065Y,IN_USE,VA12,,STORE_AUDIT,Audit 2026 device/Data store/Audit/VA12.xlsx#VA12!row=7,,3CQ232065Y,Pole Display,1,1
OBS-B5FA42A8A19F,SN:PSZ27111BB9,IN_USE,VA12,,STORE_AUDIT,Audit 2026 device/Data store/Audit/VA12.xlsx#VA12!row=8,,PSZ27111BB9,Network Switch,1,1
OBS-4BD1185F1F5B,OBS:50FBAD216B,IN_USE,VA12,,STORE_AUDIT,Audit 2026 device/Data store/Audit/VA12.xlsx#VA12!row=9,,,USB Hub,1,1
OBS-B2A16407EA5F,SN:8CC2231CV8,IN_USE,VA12,,STORE_AUDIT,Audit 2026 device/Data store/Audit/VA12.xlsx#VA12!row=10,,8CC2231CV8,Desktop,1,1
OBS-D9C1F1A49202,SN:X7B9025644,IN_USE,VA12,,STORE_AUDIT,Audit 2026 device/Data store/Audit/VA12.xlsx#VA12!row=13,,X7B9025644,Bill Printer,1,1
OBS-AF2C3B17A836,OBS:3B16CD1A5C,IN_USE,VA12,,STORE_AUDIT,Audit 2026 device/Data store/Audit/VA12.xlsx#VA12!row=14,,,Other,1,1
OBS-62B26806E9B1,SN:3CQ232065Y,IN_USE,VA12,,STORE_AUDIT,Audit 2026 device/Data store/Audit/VA12.xlsx#VA12!row=15,,3CQ232065Y,Monitor,1,1
OBS-0FD557C37EE8,SN:D190928010128,IN_USE,VA12,,STORE_AUDIT,Audit 2026 device/Data store/Audit/VA12.xlsx#VA12!row=16,,D190928010128,Pole Display,1,1
OBS-A102A1315ADB,SN:PSZ27111BB9,IN_USE,VA12,,STORE_AUDIT,Audit 2026 device/Data store/Audit/VA12.xlsx#VA12!row=17,,PSZ27111BB9,Network Switch,1,1
OBS-040929CEDF27,OBS:AF79CEBCC2,IN_USE,VA12,,STORE_AUDIT,Audit 2026 device/Data store/Audit/VA12.xlsx#VA12!row=18,,,USB Hub,1,1
OBS-045FCE748C95,SN:24248523020405,IN_USE,VA12,,STORE_AUDIT,Audit 2026 device/Data store/Audit/VA12.xlsx#VA12!row=19,,24248523020405,PDT,1,1
OBS-215DAAF12B05,SN:9C05D67987D6,IN_USE,VA12,,STORE_AUDIT,Audit 2026 device/Data store/Audit/VA12.xlsx#VA12!row=20,,9C05D67987D6,Access Point,1,1
OBS-2C1AA093765B,SN:FGT40FTK2309D2HW,IN_USE,VA12,,STORE_AUDIT,Audit 2026 device/Data store/Audit/VA12.xlsx#VA12!row=21,,FGT40FTK2309D2HW,Firewall,1,1
OBS-91B19675AA41,SN:2534123052300531,IN_USE,VA12,,STORE_AUDIT,Audit 2026 device/Data store/Audit/VA12.xlsx#VA12!row=22,,2534123052300531,PDT Printer,1,1
OBS-1110DA9A905C,SN:3CQ633116Z,IN_USE,VA13,,STORE_AUDIT,Audit 2026 device/Data store/Audit/VA13.xlsx#VA13!row=2,,3CQ633116Z,Monitor,1,1
OBS-133F5E1267A3,SN:X7BA011302,IN_USE,VA13,,STORE_AUDIT,Audit 2026 device/Data store/Audit/VA13.xlsx#VA13!row=3,,X7BA011302,Bill Printer,1,1
OBS-9318D48A9EE2,SN:NMYA783802,IN_USE,VA13,,STORE_AUDIT,Audit 2026 device/Data store/Audit/VA13.xlsx#VA13!row=4,,NMYA783802,A4 Printer,1,1
OBS-C1F860914E50,SN:211130000049,IN_USE,VA13,,STORE_AUDIT,Audit 2026 device/Data store/Audit/VA13.xlsx#VA13!row=5,,211130000049,Pole Display,1,1
OBS-A338E584A451,OBS:C436F31137,IN_USE,VA13,,STORE_AUDIT,Audit 2026 device/Data store/Audit/VA13.xlsx#VA13!row=6,,,USB,1,1
OBS-C9E762861E66,SN:MK410220300197,IN_USE,VA13,,STORE_AUDIT,Audit 2026 device/Data store/Audit/VA13.xlsx#VA13!row=7,,MK410220300197,Cash Drawer,1,1
OBS-876B1E241508,SN:FGT40FTK24010083,IN_USE,VA13,,STORE_AUDIT,Audit 2026 device/Data store/Audit/VA13.xlsx#VA13!row=8,,FGT40FTK24010083,Firewall,1,1
OBS-3766323C7D1B,SN:22172W5002275,IN_USE,VA13,,STORE_AUDIT,Audit 2026 device/Data store/Audit/VA13.xlsx#VA13!row=9,,22172W5002275,Network Switch,1,1
OBS-B00410FB4FDB,SN:G22EB4602,IN_USE,VA13,,STORE_AUDIT,Audit 2026 device/Data store/Audit/VA13.xlsx#VA13!row=10,,G22EB4602,Scanner,1,1
OBS-BDCF7BAEE21F,OBS:CE4F3FDE13,IN_USE,VA13,,STORE_AUDIT,Audit 2026 device/Data store/Audit/VA13.xlsx#VA13!row=11,,,Other,1,1
OBS-40F5B36A0659,SN:8CC22011LP,IN_USE,VA13,,STORE_AUDIT,Audit 2026 device/Data store/Audit/VA13.xlsx#VA13!row=12,,8CC22011LP,Desktop,1,1
OBS-CF524F3F6BF2,SN:I1622F0004,IN_USE,VA13,,STORE_AUDIT,Audit 2026 device/Data store/Audit/VA13.xlsx#VA13!row=13,,I1622F0004,O2O Printer,1,1
OBS-D3EA6716CA77,SN:862854053050057,IN_USE,VA13,,STORE_AUDIT,Audit 2026 device/Data store/Audit/VA13.xlsx#VA13!row=14,,862854053050057,Tablet,1,1
OBS-ED5BB0D4A531,SN:24165523020013,IN_USE,VA13,,STORE_AUDIT,Audit 2026 device/Data store/Audit/VA13.xlsx#VA13!row=15,,24165523020013,PDT,1,1
OBS-DB1799312691,SN:9C05D6798566,IN_USE,VA13,,STORE_AUDIT,Audit 2026 device/Data store/Audit/VA13.xlsx#VA13!row=16,,9C05D6798566,Access Point,1,1
OBS-7A1941FC9B89,SN:2534123052300540,IN_USE,VA13,,STORE_AUDIT,Audit 2026 device/Data store/Audit/VA13.xlsx#VA13!row=17,,2534123052300540,PDT Printer,1,1
OBS-B955F74CF50F,SN:8CG8105N35,IN_USE,VA14,,STORE_AUDIT,Audit 2026 device/Data store/Audit/VA14.xlsx#VA14!row=2,,8CG8105N35,Desktop,1,1
OBS-18B7655D0942,SN:X7B90227772,IN_USE,VA14,,STORE_AUDIT,Audit 2026 device/Data store/Audit/VA14.xlsx#VA14!row=3,,X7B90227772,Bill Printer,1,1
OBS-16DD916FED73,OBS:9538E71BB3,IN_USE,VA14,,STORE_AUDIT,Audit 2026 device/Data store/Audit/VA14.xlsx#VA14!row=4,,,Mouse,1,1
OBS-A697345415DD,OBS:F82B0863D2,IN_USE,VA14,,STORE_AUDIT,Audit 2026 device/Data store/Audit/VA14.xlsx#VA14!row=5,,,Keyboard,1,1
OBS-68905D44A4AE,SN:NMYA786005,IN_USE,VA14,,STORE_AUDIT,Audit 2026 device/Data store/Audit/VA14.xlsx#VA14!row=6,,NMYA786005,A4 Printer,1,1
OBS-020466E4E871,SN:493345-002,IN_USE,VA14,,STORE_AUDIT,Audit 2026 device/Data store/Audit/VA14.xlsx#VA14!row=7,,493345-002,Pole Display,1,1
OBS-4E3F945813FF,SN:CN-OMMK39-72872-5CO-G47U-A00,IN_USE,VA14,,STORE_AUDIT,Audit 2026 device/Data store/Audit/VA14.xlsx#VA14!row=8,,CN-OMMK39-72872-5CO-G47U-A00,Monitor,1,1
OBS-85BB128D3A30,SN:2201552001955,IN_USE,VA14,,STORE_AUDIT,Audit 2026 device/Data store/Audit/VA14.xlsx#VA14!row=9,,2201552001955,Network Switch,1,1
OBS-1429A0DA108E,SN:FGT40FTK2309D2CM,IN_USE,VA14,,STORE_AUDIT,Audit 2026 device/Data store/Audit/VA14.xlsx#VA14!row=10,,FGT40FTK2309D2CM,firewall,1,1
OBS-37EC28AF8ADF,SN:G23C76615,IN_USE,VA14,,STORE_AUDIT,Audit 2026 device/Data store/Audit/VA14.xlsx#VA14!row=11,,G23C76615,Scanner,1,1
OBS-B618307430B0,SN:24144523021823,IN_USE,VA14,,STORE_AUDIT,Audit 2026 device/Data store/Audit/VA14.xlsx#VA14!row=12,,24144523021823,PDT,1,1
OBS-224B1F71171E,SN:HA1JZCBD,IN_USE,VA14,,STORE_AUDIT,Audit 2026 device/Data store/Audit/VA14.xlsx#VA14!row=13,,HA1JZCBD,Tablet,1,1
OBS-C50824D62306,SN:I1624C0003,IN_USE,VA14,,STORE_AUDIT,Audit 2026 device/Data store/Audit/VA14.xlsx#VA14!row=14,,I1624C0003,O2O Printer,1,1
OBS-8F6D00138FCD,SN:9C05D679886A,IN_USE,VA14,,STORE_AUDIT,Audit 2026 device/Data store/Audit/VA14.xlsx#VA14!row=15,,9C05D679886A,Access point,1,1
OBS-3FAEF096510A,SN:354348130452407,IN_USE,VA14,,STORE_AUDIT,Audit 2026 device/Data store/Audit/VA14.xlsx#VA14!row=16,,354348130452407,Tablet,1,1
OBS-B9A1DD993EF2,SN:MK410220300534,IN_USE,VA14,,STORE_AUDIT,Audit 2026 device/Data store/Audit/VA14.xlsx#VA14!row=17,,MK410220300534,Cash Drawer,1,1
OBS-3E8360244D86,SN:2534123052300545,IN_USE,VA14,,STORE_AUDIT,Audit 2026 device/Data store/Audit/VA14.xlsx#VA14!row=18,,2534123052300545,PDT Printer,1,1
OBS-90FF15064FE2,SN:1HC4LQ3,IN_USE,VA15,,STORE_AUDIT,Audit 2026 device/Data store/Audit/VA15.xlsx#VA15!row=2,,1HC4LQ3,Desktop,1,1
OBS-1A9A4718CCA2,SN:1CR8371GSK,IN_USE,VA15,,STORE_AUDIT,Audit 2026 device/Data store/Audit/VA15.xlsx#VA15!row=3,,1CR8371GSK,monitor,1,1
OBS-3DC12DFA200B,SN:20230526081,IN_USE,VA15,,STORE_AUDIT,Audit 2026 device/Data store/Audit/VA15.xlsx#VA15!row=4,,20230526081,Cash Drawer,1,1
OBS-9BC24D33994D,SN:211130000045,IN_USE,VA15,,STORE_AUDIT,Audit 2026 device/Data store/Audit/VA15.xlsx#VA15!row=5,,211130000045,Pole Display,1,1
OBS-B8AFD50071DE,SN:22253D9009871,IN_USE,VA15,,STORE_AUDIT,Audit 2026 device/Data store/Audit/VA15.xlsx#VA15!row=6,,22253D9009871,Network Switch,1,1
OBS-3B739A24C98C,SN:G21M82786,IN_USE,VA15,,STORE_AUDIT,Audit 2026 device/Data store/Audit/VA15.xlsx#VA15!row=7,,G21M82786,Scanner,1,1
OBS-DE385DE7DAF8,SN:X7B9022758,IN_USE,VA15,,STORE_AUDIT,Audit 2026 device/Data store/Audit/VA15.xlsx#VA15!row=8,,X7B9022758,Bill Printer,1,1
OBS-3CC9BA7115E2,SN:CNBRP8339N,IN_USE,VA15,,STORE_AUDIT,Audit 2026 device/Data store/Audit/VA15.xlsx#VA15!row=9,,CNBRP8339N,A4 Printer,1,1
OBS-C7437CA27400,OBS:22B327A3D0,IN_USE,VA15,,STORE_AUDIT,Audit 2026 device/Data store/Audit/VA15.xlsx#VA15!row=10,,,Other,1,1
OBS-BFCD38BD6317,SN:FGT40FTK24012854,IN_USE,VA15,,STORE_AUDIT,Audit 2026 device/Data store/Audit/VA15.xlsx#VA15!row=11,,FGT40FTK24012854,Firewall,1,1
OBS-CDA6AC05CA4F,SN:24164523022668,IN_USE,VA15,,STORE_AUDIT,Audit 2026 device/Data store/Audit/VA15.xlsx#VA15!row=12,,24164523022668,PDT,1,1
OBS-CBEB1919AB89,SN:2534123052300531,IN_USE,VA15,,STORE_AUDIT,Audit 2026 device/Data store/Audit/VA15.xlsx#VA15!row=13,,2534123052300531,PDT Printer,1,1
OBS-B1C0D4517601,SN:9C05D679882E,IN_USE,VA15,,STORE_AUDIT,Audit 2026 device/Data store/Audit/VA15.xlsx#VA15!row=14,,9C05D679882E,Access Point,1,1
OBS-568A56BBAE18,SN:8CC2231D6Z,IN_USE,VA16,,STORE_AUDIT,Audit 2026 device/Data store/Audit/VA16.xlsx#VA16!row=2,,8CC2231D6Z,Desktop,1,1
OBS-B78E69C9D992,SN:2HC4LQ3,IN_USE,VA16,,STORE_AUDIT,Audit 2026 device/Data store/Audit/VA16.xlsx#VA16!row=3,,2HC4LQ3,Desktop,1,1
OBS-77500BDDACCC,SN:DHC4LQ3,IN_USE,VA16,,STORE_AUDIT,Audit 2026 device/Data store/Audit/VA16.xlsx#VA16!row=4,,DHC4LQ3,Desktop,1,1
OBS-CE99D9DC3082,SN:3CQ54013F6,IN_USE,VA16,,STORE_AUDIT,Audit 2026 device/Data store/Audit/VA16.xlsx#VA16!row=5,,3CQ54013F6,Monitor,1,1
OBS-B12ECD9A02F2,SN:1CR8420HDS,IN_USE,VA16,,STORE_AUDIT,Audit 2026 device/Data store/Audit/VA16.xlsx#VA16!row=6,,1CR8420HDS,Monitor,1,1
OBS-58954D0D0508,SN:1CR82307CH,IN_USE,VA16,,STORE_AUDIT,Audit 2026 device/Data store/Audit/VA16.xlsx#VA16!row=7,,1CR82307CH,Monitor,1,1
OBS-CA8AA5EAD413,SN:F3H40430496,IN_USE,VA16,,STORE_AUDIT,Audit 2026 device/Data store/Audit/VA16.xlsx#VA16!row=8,,F3H40430496,Other,1,1
OBS-17BE94E0399C,SN:MK410220300326,IN_USE,VA16,,STORE_AUDIT,Audit 2026 device/Data store/Audit/VA16.xlsx#VA16!row=9,,MK410220300326,Cash Drawer,1,1
OBS-BCF68734855E,SN:DGAV141220180740,IN_USE,VA16,,STORE_AUDIT,Audit 2026 device/Data store/Audit/VA16.xlsx#VA16!row=10,,DGAV141220180740,Cash Drawer,1,1
OBS-BADEC3BCCFC3,SN:S31U4I3002273,IN_USE,VA16,,STORE_AUDIT,Audit 2026 device/Data store/Audit/VA16.xlsx#VA16!row=11,,S31U4I3002273,Network Switch,1,1
OBS-D702FC9463D2,SN:211130000039,IN_USE,VA16,,STORE_AUDIT,Audit 2026 device/Data store/Audit/VA16.xlsx#VA16!row=12,,211130000039,Pole Display,1,1
OBS-F1AEDB5BC392,SN:211130000034,IN_USE,VA16,,STORE_AUDIT,Audit 2026 device/Data store/Audit/VA16.xlsx#VA16!row=13,,211130000034,Pole Display,1,1
OBS-19CFC27CB57E,OBS:0F3CFEDF73,IN_USE,VA16,,STORE_AUDIT,Audit 2026 device/Data store/Audit/VA16.xlsx#VA16!row=14,,,USB Hub,1,1
OBS-193AEF013EBE,SN:G21EB1552,IN_USE,VA16,,STORE_AUDIT,Audit 2026 device/Data store/Audit/VA16.xlsx#VA16!row=15,,G21EB1552,Scanner,1,1
OBS-A6ABF38D1190,SN:G21E85723,IN_USE,VA16,,STORE_AUDIT,Audit 2026 device/Data store/Audit/VA16.xlsx#VA16!row=16,,G21E85723,Scanner,1,1
OBS-C72CC109F1D7,SN:X7B9025195,IN_USE,VA16,,STORE_AUDIT,Audit 2026 device/Data store/Audit/VA16.xlsx#VA16!row=17,,X7B9025195,Bill Printer,1,1
OBS-DDBD19785255,SN:X7BA007402,IN_USE,VA16,,STORE_AUDIT,Audit 2026 device/Data store/Audit/VA16.xlsx#VA16!row=18,,X7BA007402,Bill Printer,1,1
OBS-1BA9A27A764C,SN:NMYA585779,IN_USE,VA16,,STORE_AUDIT,Audit 2026 device/Data store/Audit/VA16.xlsx#VA16!row=19,,NMYA585779,A4 Printer,1,1
OBS-CEB0823208A7,OBS:8B337BB83A,IN_USE,VA16,,STORE_AUDIT,Audit 2026 device/Data store/Audit/VA16.xlsx#VA16!row=20,,,Other,1,1
OBS-E6DB2722170D,SN:CNK3380795,IN_USE,VA16,,STORE_AUDIT,Audit 2026 device/Data store/Audit/VA16.xlsx#VA16!row=21,,CNK3380795,Other,1,1
OBS-8DF622E48E8B,SN:FGT40FTK24006198,IN_USE,VA16,,STORE_AUDIT,Audit 2026 device/Data store/Audit/VA16.xlsx#VA16!row=23,,FGT40FTK24006198,Firewall,1,1
OBS-F0DDA7CB5604,SN:S24144523021519,IN_USE,VA16,,STORE_AUDIT,Audit 2026 device/Data store/Audit/VA16.xlsx#VA16!row=24,,S24144523021519,PDT,1,1
OBS-34D4E8C09ABD,SN:352294624028836,IN_USE,VA16,,STORE_AUDIT,Audit 2026 device/Data store/Audit/VA16.xlsx#VA16!row=25,,352294624028836,Table,1,1
OBS-1954F435715C,SN:I1622F0008,IN_USE,VA16,,STORE_AUDIT,Audit 2026 device/Data store/Audit/VA16.xlsx#VA16!row=26,,I1622F0008,Printer (O2O),1,1
OBS-0D99AE3334EA,SN:9C05D6798F4E,IN_USE,VA16,,STORE_AUDIT,Audit 2026 device/Data store/Audit/VA16.xlsx#VA16!row=27,,9C05D6798F4E,Access Point,1,1
OBS-DD451717D83A,SN:2530022102300542,IN_USE,VA16,,STORE_AUDIT,Audit 2026 device/Data store/Audit/VA16.xlsx#VA16!row=28,,2530022102300542,PDT Printer,1,1
OBS-839E7FBF3260,SN:356160460749106,IN_USE,VA16,,STORE_AUDIT,Audit 2026 device/Data store/Audit/VA16.xlsx#VA16!row=29,,356160460749106,Table,1,1
OBS-4C81E3465156,SN:SR25102704450,IN_USE,VA16,,STORE_AUDIT,Audit 2026 device/Data store/Audit/VA16.xlsx#VA16!row=30,,SR25102704450,Micro,1,1
OBS-284F6C42BA9F,SN:SR25102704455,IN_USE,VA16,,STORE_AUDIT,Audit 2026 device/Data store/Audit/VA16.xlsx#VA16!row=31,,SR25102704455,Micro,1,1
OBS-83C78A21D78B,OBS:D9B6ADDB89,IN_USE,VA16,,STORE_AUDIT,Audit 2026 device/Data store/Audit/VA16.xlsx#VA16!row=32,,,Light,1,1
OBS-9C8F42073248,SN:4CE234DC9C,AVAILABLE,DSV,VA18,STORE_AUDIT,Audit 2026 device/Data store/Audit/VA18.xlsx#VA18 NEW BALANCE AEON HA DONG!row=2,,4CE234DC9C,Mini Pc,1,1
OBS-656F9A70121E,OBS:847C01C47D,IN_USE,VA18,,STORE_AUDIT,Audit 2026 device/Data store/Audit/VA18.xlsx#VA18 NEW BALANCE AEON HA DONG!row=3,,,Keyboard,1,1
OBS-0C6777E3ABFE,OBS:302DFD592C,IN_USE,VA18,,STORE_AUDIT,Audit 2026 device/Data store/Audit/VA18.xlsx#VA18 NEW BALANCE AEON HA DONG!row=4,,,Mouse,1,1
OBS-E97E6995AB92,SN:MK410211200950,IN_USE,VA18,,STORE_AUDIT,Audit 2026 device/Data store/Audit/VA18.xlsx#VA18 NEW BALANCE AEON HA DONG!row=5,,MK410211200950,Cash Drawer,1,1
OBS-3543873738A2,SN:DH240328010036,IN_USE,VA18,,STORE_AUDIT,Audit 2026 device/Data store/Audit/VA18.xlsx#VA18 NEW BALANCE AEON HA DONG!row=6,,DH240328010036,Pole Display,1,1
OBS-3A586E652169,SN:G19M33798,IN_USE,VA18,,STORE_AUDIT,Audit 2026 device/Data store/Audit/VA18.xlsx#VA18 NEW BALANCE AEON HA DONG!row=7,,G19M33798,Scanning gun,1,1
OBS-C67D743914E1,SN:1CR82307DH,IN_USE,VA18,,STORE_AUDIT,Audit 2026 device/Data store/Audit/VA18.xlsx#VA18 NEW BALANCE AEON HA DONG!row=8,,1CR82307DH,Monitor,1,1
OBS-66226DEB09CA,SN:X7BA000887,IN_USE,VA18,,STORE_AUDIT,Audit 2026 device/Data store/Audit/VA18.xlsx#VA18 NEW BALANCE AEON HA DONG!row=9,,X7BA000887,Bill Printer,1,1
OBS-49806A66EB18,SN:PSZ27111BN9,IN_USE,VA18,,STORE_AUDIT,Audit 2026 device/Data store/Audit/VA18.xlsx#VA18 NEW BALANCE AEON HA DONG!row=10,,PSZ27111BN9,"Switch (Internal Switch-POS, TF, Wifi)",1,1
OBS-F4667476B190,SN:8C30664C8871,IN_USE,VA18,,STORE_AUDIT,Audit 2026 device/Data store/Audit/VA18.xlsx#VA18 NEW BALANCE AEON HA DONG!row=11,,8C30664C8871,Access Point,1,1
OBS-553E3ACB7036,SN:FGT40FTK24012853,IN_USE,VA18,,STORE_AUDIT,Audit 2026 device/Data store/Audit/VA18.xlsx#VA18 NEW BALANCE AEON HA DONG!row=12,,FGT40FTK24012853,Firewall,1,1
OBS-FB054DCF843F,SN:NMYA467026,IN_USE,VA18,,STORE_AUDIT,Audit 2026 device/Data store/Audit/VA18.xlsx#VA18 NEW BALANCE AEON HA DONG!row=13,,NMYA467026,Printer,1,1
OBS-E5FAEB97F288,SN:26023524700917,IN_USE,VA18,,STORE_AUDIT,Audit 2026 device/Data store/Audit/VA18.xlsx#VA18 NEW BALANCE AEON HA DONG!row=14,,26023524700917,PDT,1,1
OBS-AF446A2D83A7,SN:XXZTN261200005,IN_USE,VA18,,STORE_AUDIT,Audit 2026 device/Data store/Audit/VA18.xlsx#VA18 NEW BALANCE AEON HA DONG!row=15,,XXZTN261200005,PDT's Printer,1,1
OBS-888E65EBDBB0,SN:8CC51110Q1,IN_USE,VA19,,STORE_AUDIT,Audit 2026 device/Data store/Audit/VA19.xlsx#VA19!row=2,,8CC51110Q1,Mini Pc,1,1
OBS-A571118F4094,OBS:6D872586CC,IN_USE,VA19,,STORE_AUDIT,Audit 2026 device/Data store/Audit/VA19.xlsx#VA19!row=3,,,Keyboard,1,1
OBS-44271F03EE6B,OBS:DB5A7B558B,IN_USE,VA19,,STORE_AUDIT,Audit 2026 device/Data store/Audit/VA19.xlsx#VA19!row=4,,,Mouse,1,1
OBS-BE3B49934AF3,SN:MK410221101694,IN_USE,VA19,,STORE_AUDIT,Audit 2026 device/Data store/Audit/VA19.xlsx#VA19!row=5,,MK410221101694,Cash Drawer,1,1
OBS-1F9DEF0A56CC,SN:VFD220U13B20120033,IN_USE,VA19,,STORE_AUDIT,Audit 2026 device/Data store/Audit/VA19.xlsx#VA19!row=6,,VFD220U13B20120033,Pole Display,1,1
OBS-A87962100BDE,SN:G21E85754,IN_USE,VA19,,STORE_AUDIT,Audit 2026 device/Data store/Audit/VA19.xlsx#VA19!row=7,,G21E85754,Scanning gun,1,1
OBS-32DFA3943378,SN:1CR82307CB,IN_USE,VA19,,STORE_AUDIT,Audit 2026 device/Data store/Audit/VA19.xlsx#VA19!row=8,,1CR82307CB,Monitor,1,1
OBS-A88471115AD4,SN:X7B9023460,IN_USE,VA19,,STORE_AUDIT,Audit 2026 device/Data store/Audit/VA19.xlsx#VA19!row=9,,X7B9023460,Bill Printer,1,1
OBS-DB13ED316A1A,SN:KWC29190Y1C,IN_USE,VA19,,STORE_AUDIT,Audit 2026 device/Data store/Audit/VA19.xlsx#VA19!row=10,,KWC29190Y1C,"Switch (Internal Switch-POS, TF, Wifi)",1,1
OBS-0AEE20712BA6,SN:9C05D67658B6,IN_USE,VA19,,STORE_AUDIT,Audit 2026 device/Data store/Audit/VA19.xlsx#VA19!row=11,,9C05D67658B6,Access Point,1,1
OBS-CABE73D9FE12,OBS:FEA8715642,IN_USE,VA19,,STORE_AUDIT,Audit 2026 device/Data store/Audit/VA19.xlsx#VA19!row=12,,,Sim Data (O2O),1,1
OBS-F5989F1EAB26,SN:FGT40FTK24086985,IN_USE,VA19,,STORE_AUDIT,Audit 2026 device/Data store/Audit/VA19.xlsx#VA19!row=13,,FGT40FTK24086985,Firewall,1,1
OBS-9BA9BBFCC28E,SN:NMYA802536,IN_USE,VA19,,STORE_AUDIT,Audit 2026 device/Data store/Audit/VA19.xlsx#VA19!row=14,,NMYA802536,Printer,1,1
OBS-1C70341FF5E7,SN:356160460426515,IN_USE,VA19,,STORE_AUDIT,Audit 2026 device/Data store/Audit/VA19.xlsx#VA19!row=15,,356160460426515,Tablet (O2O),1,1
OBS-1ACA9492763A,SN:I1623F0001,IN_USE,VA19,,STORE_AUDIT,Audit 2026 device/Data store/Audit/VA19.xlsx#VA19!row=16,,I1623F0001,Printer (O2O),1,1
OBS-3237E84259A1,SN:S24164523022684,IN_USE,VA19,,STORE_AUDIT,Audit 2026 device/Data store/Audit/VA19.xlsx#VA19!row=17,,S24164523022684,PDT,1,1
OBS-8FF5D1AF3058,SN:2530022102300950,IN_USE,VA19,,STORE_AUDIT,Audit 2026 device/Data store/Audit/VA19.xlsx#VA19!row=18,,2530022102300950,PDT's Printer,1,1
OBS-9756E2CB2FFF,SN:8CC2231D4N,IN_USE,VA20,,STORE_AUDIT,Audit 2026 device/Data store/Audit/VA20.xlsx#VA20!row=2,,8CC2231D4N,Mini Pc,1,1
OBS-0E28C47F0247,SN:8CC2231D5C,IN_USE,VA20,,STORE_AUDIT,Audit 2026 device/Data store/Audit/VA20.xlsx#VA20!row=3,,8CC2231D5C,Mini Pc,1,1
OBS-44579452CF21,SN:BGC4LQ3,IN_USE,VA20,,STORE_AUDIT,Audit 2026 device/Data store/Audit/VA20.xlsx#VA20!row=4,,BGC4LQ3,Mini Pc,1,1
OBS-5937FADDB9F9,OBS:702B7EDC42,IN_USE,VA20,,STORE_AUDIT,Audit 2026 device/Data store/Audit/VA20.xlsx#VA20!row=5,,,Keyboard,2,1
OBS-7A1763ED2691,OBS:126B74C6D3,IN_USE,VA20,,STORE_AUDIT,Audit 2026 device/Data store/Audit/VA20.xlsx#VA20!row=5,,,Keyboard,2,2
OBS-1448A13AC264,OBS:3D879A7A1C,IN_USE,VA20,,STORE_AUDIT,Audit 2026 device/Data store/Audit/VA20.xlsx#VA20!row=6,,,Mouse,2,1
OBS-40E8C6DA012D,OBS:57E9875663,IN_USE,VA20,,STORE_AUDIT,Audit 2026 device/Data store/Audit/VA20.xlsx#VA20!row=6,,,Mouse,2,2
OBS-C43C3284F75E,SN:MK410211201512,IN_USE,VA20,,STORE_AUDIT,Audit 2026 device/Data store/Audit/VA20.xlsx#VA20!row=7,,MK410211201512,Cash Drawer,1,1
OBS-0EB8554745B6,SN:DGAV11220182777,IN_USE,VA20,,STORE_AUDIT,Audit 2026 device/Data store/Audit/VA20.xlsx#VA20!row=8,,DGAV11220182777,Cash Drawer,1,1
OBS-B031E6ECFAD5,SN:211130000048,IN_USE,VA20,,STORE_AUDIT,Audit 2026 device/Data store/Audit/VA20.xlsx#VA20!row=9,,211130000048,Pole Display,1,1
OBS-F4FC910AAAF4,SN:211130000009,IN_USE,VA20,,STORE_AUDIT,Audit 2026 device/Data store/Audit/VA20.xlsx#VA20!row=10,,211130000009,Pole Display,1,1
OBS-1E8E1EB7E807,SN:G22EB4589G21E85804,IN_USE,VA20,,STORE_AUDIT,Audit 2026 device/Data store/Audit/VA20.xlsx#VA20!row=11,,G22EB4589G21E85804,Scanning gun,2,1
OBS-5DA664DD5616,OBS:D5E085C8E8,IN_USE,VA20,,STORE_AUDIT,Audit 2026 device/Data store/Audit/VA20.xlsx#VA20!row=11,,,Scanning gun,2,2
OBS-1BDDEA67D4B4,SN:3CQ2320CR6,IN_USE,VA20,,STORE_AUDIT,Audit 2026 device/Data store/Audit/VA20.xlsx#VA20!row=12,,3CQ2320CR6,Monitor,1,1
OBS-A51FB17D6BB1,SN:CNT930534Q,IN_USE,VA20,,STORE_AUDIT,Audit 2026 device/Data store/Audit/VA20.xlsx#VA20!row=13,,CNT930534Q,Monitor,1,1
OBS-162DD1725659,SN:X7BA002787,IN_USE,VA20,,STORE_AUDIT,Audit 2026 device/Data store/Audit/VA20.xlsx#VA20!row=14,,X7BA002787,Bill Printer,1,1
OBS-0D15F3780942,SN:X7BA004091,IN_USE,VA20,,STORE_AUDIT,Audit 2026 device/Data store/Audit/VA20.xlsx#VA20!row=15,,X7BA004091,Bill Printer,1,1
OBS-E8385EA88E69,SN:2201552001939,IN_USE,VA20,,STORE_AUDIT,Audit 2026 device/Data store/Audit/VA20.xlsx#VA20!row=16,,2201552001939,"Switch (Internal Switch-POS, TF, Wifi)",1,1
OBS-F5C9156D48F5,SN:9C05D67986D9,IN_USE,VA20,,STORE_AUDIT,Audit 2026 device/Data store/Audit/VA20.xlsx#VA20!row=17,,9C05D67986D9,Access Point,1,1
OBS-9EDA165367B5,SN:FGT40FTK2309D2HW,IN_USE,VA20,,STORE_AUDIT,Audit 2026 device/Data store/Audit/VA20.xlsx#VA20!row=18,,FGT40FTK2309D2HW,Firewall,1,1
OBS-57BDEE156DA0,SN:NMYA746459,IN_USE,VA20,,STORE_AUDIT,Audit 2026 device/Data store/Audit/VA20.xlsx#VA20!row=19,,NMYA746459,Printer,1,1
OBS-C473E3F7B8F3,SN:862884053049927,IN_USE,VA20,,STORE_AUDIT,Audit 2026 device/Data store/Audit/VA20.xlsx#VA20!row=20,,862884053049927,Tablet (O2O),1,1
OBS-B02E4D6F73C1,SN:I1624C0017,IN_USE,VA20,,STORE_AUDIT,Audit 2026 device/Data store/Audit/VA20.xlsx#VA20!row=21,,I1624C0017,Printer (O2O),1,1
OBS-630FD1EFD172,SN:24164523022756,IN_USE,VA20,,STORE_AUDIT,Audit 2026 device/Data store/Audit/VA20.xlsx#VA20!row=22,,24164523022756,PDT,1,1
OBS-A31643A09C00,SN:2534123052300549,IN_USE,VA20,,STORE_AUDIT,Audit 2026 device/Data store/Audit/VA20.xlsx#VA20!row=23,,2534123052300549,PDT's Printer,1,1
OBS-51918693CF20,SN:2312178BADH21L0200002,IN_USE,VA20,,STORE_AUDIT,Audit 2026 device/Data store/Audit/VA20.xlsx#VA20!row=24,,2312178BADH21L0200002,Other,1,1
OBS-9C4733CC3D88,SN:5CD250F9ZW,IN_USE,VA23,,STORE_AUDIT,Audit 2026 device/Data store/Audit/VA23.xlsx#VA23!row=2,,5CD250F9ZW,Laptop,1,1
OBS-35C4FFB01FC7,OBS:CD2C7AFE13,IN_USE,VA23,,STORE_AUDIT,Audit 2026 device/Data store/Audit/VA23.xlsx#VA23!row=3,,,Mouse,1,1
OBS-18B08D85F258,SN:G20L70107,IN_USE,VA23,,STORE_AUDIT,Audit 2026 device/Data store/Audit/VA23.xlsx#VA23!row=4,,G20L70107,Scanning gun,1,1
OBS-D45A20AB06B4,SN:X7BA000883,IN_USE,VA23,,STORE_AUDIT,Audit 2026 device/Data store/Audit/VA23.xlsx#VA23!row=5,,X7BA000883,Bill Printer,1,1
OBS-CE403C03A75A,SN:2201552001975,IN_USE,VA23,,STORE_AUDIT,Audit 2026 device/Data store/Audit/VA23.xlsx#VA23!row=6,,2201552001975,"Switch (Internal Switch-POS, TF, Wifi)",1,1
OBS-C0EC84AE10D4,SN:FGT40FTK24012877,IN_USE,VA23,,STORE_AUDIT,Audit 2026 device/Data store/Audit/VA23.xlsx#VA23!row=7,,FGT40FTK24012877,Firewall,1,1
OBS-96386C3E29C1,SN:NMYA467026,IN_USE,VA23,,STORE_AUDIT,Audit 2026 device/Data store/Audit/VA23.xlsx#VA23!row=8,,NMYA467026,Printer,1,1
OBS-7A2EAEC9106B,SN:4CE234DC6P,AVAILABLE,DSV,VA24,STORE_AUDIT,Audit 2026 device/Data store/Audit/VA24.xlsx#VA24 NEW BALANCE VINCOM BATRIEU!row=2,,4CE234DC6P,Mini Pc,1,1
OBS-D20CE30004E4,OBS:4000FA51A6,IN_USE,VA24,,STORE_AUDIT,Audit 2026 device/Data store/Audit/VA24.xlsx#VA24 NEW BALANCE VINCOM BATRIEU!row=3,,,Keyboard,1,1
OBS-ECA048F532C4,OBS:ABF84B72F9,IN_USE,VA24,,STORE_AUDIT,Audit 2026 device/Data store/Audit/VA24.xlsx#VA24 NEW BALANCE VINCOM BATRIEU!row=4,,,Mouse,1,1
OBS-1909FB2693DF,SN:B5AT100009,IN_USE,VA24,,STORE_AUDIT,Audit 2026 device/Data store/Audit/VA24.xlsx#VA24 NEW BALANCE VINCOM BATRIEU!row=5,,B5AT100009,Cash Drawer,1,1
OBS-911738917D99,SN:DH240328010037,IN_USE,VA24,,STORE_AUDIT,Audit 2026 device/Data store/Audit/VA24.xlsx#VA24 NEW BALANCE VINCOM BATRIEU!row=6,,DH240328010037,Pole Display,1,1
OBS-127C399172F2,SN:G17NE9961,IN_USE,VA24,,STORE_AUDIT,Audit 2026 device/Data store/Audit/VA24.xlsx#VA24 NEW BALANCE VINCOM BATRIEU!row=7,,G17NE9961,Scanning gun,1,1
OBS-813FC4994A77,SN:1CR8420G58,IN_USE,VA24,,STORE_AUDIT,Audit 2026 device/Data store/Audit/VA24.xlsx#VA24 NEW BALANCE VINCOM BATRIEU!row=8,,1CR8420G58,Monitor,1,1
OBS-115FAF0E27D4,SN:TCCY011123,IN_USE,VA24,,STORE_AUDIT,Audit 2026 device/Data store/Audit/VA24.xlsx#VA24 NEW BALANCE VINCOM BATRIEU!row=9,,TCCY011123,Bill Printer,1,1
OBS-FA6275672C86,SN:PSZ26391W7N,IN_USE,VA24,,STORE_AUDIT,Audit 2026 device/Data store/Audit/VA24.xlsx#VA24 NEW BALANCE VINCOM BATRIEU!row=10,,PSZ26391W7N,"Switch (Internal Switch-POS, TF, Wifi)",1,1
OBS-703594A5ACAE,SN:84784886C6E7,IN_USE,VA24,,STORE_AUDIT,Audit 2026 device/Data store/Audit/VA24.xlsx#VA24 NEW BALANCE VINCOM BATRIEU!row=11,,84784886C6E7,Access Point,1,1
OBS-950607D5ABF4,OBS:C27CA81F4B,IN_USE,VA24,,STORE_AUDIT,Audit 2026 device/Data store/Audit/VA24.xlsx#VA24 NEW BALANCE VINCOM BATRIEU!row=12,,,Sim Data (O2O),1,1
OBS-F4232C4C722A,SN:FGT40FTK25089026,IN_USE,VA24,,STORE_AUDIT,Audit 2026 device/Data store/Audit/VA24.xlsx#VA24 NEW BALANCE VINCOM BATRIEU!row=13,,FGT40FTK25089026,Firewall,1,1
OBS-D4050C193BC4,SN:CNBRP833GH,IN_USE,VA24,,STORE_AUDIT,Audit 2026 device/Data store/Audit/VA24.xlsx#VA24 NEW BALANCE VINCOM BATRIEU!row=14,,CNBRP833GH,Printer,1,1
OBS-8C546727BD82,SN:R5GL20XDN3F,IN_USE,VA24,,STORE_AUDIT,Audit 2026 device/Data store/Audit/VA24.xlsx#VA24 NEW BALANCE VINCOM BATRIEU!row=15,,R5GL20XDN3F,Tablet (O2O),1,1
OBS-F953BA1C16AA,SN:I1622F0002,AVAILABLE,DSV,VA24,STORE_AUDIT,Audit 2026 device/Data store/Audit/VA24.xlsx#VA24 NEW BALANCE VINCOM BATRIEU!row=16,,I1622F0002,Printer (O2O),1,1
OBS-243B1D4CF396,SN:S26023524700890,IN_USE,VA24,,STORE_AUDIT,Audit 2026 device/Data store/Audit/VA24.xlsx#VA24 NEW BALANCE VINCOM BATRIEU!row=17,,S26023524700890,PDT,1,1
OBS-C1AF99D61E75,SN:XXZTN261200001,IN_USE,VA24,,STORE_AUDIT,Audit 2026 device/Data store/Audit/VA24.xlsx#VA24 NEW BALANCE VINCOM BATRIEU!row=18,,XXZTN261200001,PDT's Printer,1,1
OBS-7FD73417B4FA,SN:JL9XJ67CTP,IN_USE,VA24,,STORE_AUDIT,Audit 2026 device/Data store/Audit/VA24.xlsx#VA24 NEW BALANCE VINCOM BATRIEU!row=19,,JL9XJ67CTP,Tablet,1,1
OBS-649C477053E8,SN:ZAV10T500602A,IN_USE,VA24,,STORE_AUDIT,Audit 2026 device/Data store/Audit/VA24.xlsx#VA24 NEW BALANCE VINCOM BATRIEU!row=20,,ZAV10T500602A,Access Point,1,1
OBS-BFA814F5DC74,SN:8CC51110T08CC3500VT4,IN_USE,VH01,,STORE_AUDIT,Audit 2026 device/Data store/Audit/VH01.xlsx#VH01!row=2,,8CC51110T08CC3500VT4,Mini Pc,2,1
OBS-14F2FE6D4508,OBS:A0AB2F4FB9,IN_USE,VH01,,STORE_AUDIT,Audit 2026 device/Data store/Audit/VH01.xlsx#VH01!row=2,,,Mini Pc,2,2
OBS-76C20BE2B7E2,OBS:A4B920E826,IN_USE,VH01,,STORE_AUDIT,Audit 2026 device/Data store/Audit/VH01.xlsx#VH01!row=3,,,Keyboard,3,1
OBS-902000C97256,OBS:6099BEB6A0,IN_USE,VH01,,STORE_AUDIT,Audit 2026 device/Data store/Audit/VH01.xlsx#VH01!row=3,,,Keyboard,3,2
OBS-B0FA90E703FD,OBS:52F456B21C,IN_USE,VH01,,STORE_AUDIT,Audit 2026 device/Data store/Audit/VH01.xlsx#VH01!row=3,,,Keyboard,3,3
OBS-E451013A0654,OBS:BDC19C3C47,IN_USE,VH01,,STORE_AUDIT,Audit 2026 device/Data store/Audit/VH01.xlsx#VH01!row=4,,,Mouse,3,1
OBS-03C395C02ED8,OBS:7E647D5137,IN_USE,VH01,,STORE_AUDIT,Audit 2026 device/Data store/Audit/VH01.xlsx#VH01!row=4,,,Mouse,3,2
OBS-4378896A74CB,OBS:2DB275B688,IN_USE,VH01,,STORE_AUDIT,Audit 2026 device/Data store/Audit/VH01.xlsx#VH01!row=4,,,Mouse,3,3
OBS-30F1B475E511,SN:MK410211201000MK410221102371,IN_USE,VH01,,STORE_AUDIT,Audit 2026 device/Data store/Audit/VH01.xlsx#VH01!row=5,,MK410211201000MK410221102371,Cash Drawer,2,1
OBS-F06EEB9F4F3C,OBS:6DC925F49F,IN_USE,VH01,,STORE_AUDIT,Audit 2026 device/Data store/Audit/VH01.xlsx#VH01!row=5,,,Cash Drawer,2,2
OBS-9687C6A8940D,SN:2108112341009VFD220U13B20120034,IN_USE,VH01,,STORE_AUDIT,Audit 2026 device/Data store/Audit/VH01.xlsx#VH01!row=6,,2108112341009VFD220U13B20120034,Pole Display,2,1
OBS-2A81D0A6C58C,OBS:895C315786,IN_USE,VH01,,STORE_AUDIT,Audit 2026 device/Data store/Audit/VH01.xlsx#VH01!row=6,,,Pole Display,2,2
OBS-13048C3262FF,SN:G23D05705G23C76627,IN_USE,VH01,,STORE_AUDIT,Audit 2026 device/Data store/Audit/VH01.xlsx#VH01!row=7,,G23D05705G23C76627,Scanner-Bluetooth,2,1
OBS-1429F95BD0B3,OBS:E03B674D7A,IN_USE,VH01,,STORE_AUDIT,Audit 2026 device/Data store/Audit/VH01.xlsx#VH01!row=7,,,Scanner-Bluetooth,2,2
OBS-5E7400AC9105,SN:1CR82307C21CR82307CR3CQ3240J5T,IN_USE,VH01,,STORE_AUDIT,Audit 2026 device/Data store/Audit/VH01.xlsx#VH01!row=8,,1CR82307C21CR82307CR3CQ3240J5T,Monitor,3,1
OBS-2DABAA100F1A,OBS:DB2A0BD037,IN_USE,VH01,,STORE_AUDIT,Audit 2026 device/Data store/Audit/VH01.xlsx#VH01!row=8,,,Monitor,3,2
OBS-3C6C6A6FA333,OBS:691730EC80,IN_USE,VH01,,STORE_AUDIT,Audit 2026 device/Data store/Audit/VH01.xlsx#VH01!row=8,,,Monitor,3,3
OBS-FC75623D62E7,SN:X7B9025644X7B9022786,IN_USE,VH01,,STORE_AUDIT,Audit 2026 device/Data store/Audit/VH01.xlsx#VH01!row=9,,X7B9025644X7B9022786,Bill printer,2,1
OBS-DF6752FE6334,OBS:8DE2D419CA,IN_USE,VH01,,STORE_AUDIT,Audit 2026 device/Data store/Audit/VH01.xlsx#VH01!row=9,,,Bill printer,2,2
OBS-02BCD8251F3E,SN:KWC29190Y1G,IN_USE,VH01,,STORE_AUDIT,Audit 2026 device/Data store/Audit/VH01.xlsx#VH01!row=10,,KWC29190Y1G,Switch (External Switch-CCTV system),1,1
OBS-A8F5C8FD5040,SN:9C05D6797F57,IN_USE,VH01,,STORE_AUDIT,Audit 2026 device/Data store/Audit/VH01.xlsx#VH01!row=11,,9C05D6797F57,Access Point,1,1
OBS-CF746AF22C2A,SN:FGT40FTK24086915,IN_USE,VH01,,STORE_AUDIT,Audit 2026 device/Data store/Audit/VH01.xlsx#VH01!row=12,,FGT40FTK24086915,Firewall,1,1
OBS-D39EAAB18E42,SN:NMYA802553,IN_USE,VH01,,STORE_AUDIT,Audit 2026 device/Data store/Audit/VH01.xlsx#VH01!row=13,,NMYA802553,Printer,1,1
OBS-3C68F5E016D4,SN:C711P94,IN_USE,VH01,,STORE_AUDIT,Audit 2026 device/Data store/Audit/VH01.xlsx#VH01!row=14,,C711P94,Server,1,1
OBS-8730A56A4FC8,SN:S23118523021439,IN_USE,VH01,,STORE_AUDIT,Audit 2026 device/Data store/Audit/VH01.xlsx#VH01!row=15,,S23118523021439,PDT,1,1
OBS-2745D1E9A7CB,SN:2530022102301150,IN_USE,VH01,,STORE_AUDIT,Audit 2026 device/Data store/Audit/VH01.xlsx#VH01!row=16,,2530022102301150,PDT's Printer,1,1
OBS-581713230775,SN:5CD250F9PD,IN_USE,VH02,,STORE_AUDIT,Audit 2026 device/Data store/Audit/VH02.xlsx#VH02!row=2,,5CD250F9PD,Laptop,1,1
OBS-7817F0FEAA77,OBS:77B593E19E,IN_USE,VH02,,STORE_AUDIT,Audit 2026 device/Data store/Audit/VH02.xlsx#VH02!row=3,,,Keyboard,1,1
OBS-0F1739B0878E,OBS:FAF7DFB9EA,IN_USE,VH02,,STORE_AUDIT,Audit 2026 device/Data store/Audit/VH02.xlsx#VH02!row=4,,,Mouse,1,1
OBS-891904CEA22D,SN:2TD311NAFR,IN_USE,VH02,,STORE_AUDIT,Audit 2026 device/Data store/Audit/VH02.xlsx#VH02!row=5,,2TD311NAFR,Pole Display,1,1
OBS-9A4A908F4D2D,SN:G23C76607,IN_USE,VH02,,STORE_AUDIT,Audit 2026 device/Data store/Audit/VH02.xlsx#VH02!row=6,,G23C76607,Scanning gun,1,1
OBS-B08874E1D719,SN:X7BA003673,IN_USE,VH02,,STORE_AUDIT,Audit 2026 device/Data store/Audit/VH02.xlsx#VH02!row=7,,X7BA003673,Bill Printer,1,1
OBS-2A0A7B225CAE,SN:NMYA834196,IN_USE,VH02,,STORE_AUDIT,Audit 2026 device/Data store/Audit/VH02.xlsx#VH02!row=8,,NMYA834196,Printer,1,1
OBS-1A7A3F1DD08C,SN:4CE234DC8C,AVAILABLE,DSV,VH03,STORE_AUDIT,Audit 2026 device/Data store/Audit/VH03.xlsx#VH03 SKECHERS AEON HAI PHONG!row=2,,4CE234DC8C,Mini Pc,2,1
OBS-0C23C34FD0D3,OBS:F873971E64,AVAILABLE,DSV,VH03,STORE_AUDIT,Audit 2026 device/Data store/Audit/VH03.xlsx#VH03 SKECHERS AEON HAI PHONG!row=2,,,Mini Pc,2,2
OBS-8C1C3105D0C9,SN:4CE234DC92,AVAILABLE,DSV,VH03,STORE_AUDIT,Audit 2026 device/Data store/Audit/VH03.xlsx#VH03 SKECHERS AEON HAI PHONG!row=3,,4CE234DC92,Store Equipment,1,1
OBS-68767E6F7990,OBS:B06B1A83AD,IN_USE,VH03,,STORE_AUDIT,Audit 2026 device/Data store/Audit/VH03.xlsx#VH03 SKECHERS AEON HAI PHONG!row=4,,,Keyboard,3,1
OBS-485C85965EBB,OBS:7F05E7613D,IN_USE,VH03,,STORE_AUDIT,Audit 2026 device/Data store/Audit/VH03.xlsx#VH03 SKECHERS AEON HAI PHONG!row=4,,,Keyboard,3,2
OBS-373EC158614D,OBS:86413A3B9A,IN_USE,VH03,,STORE_AUDIT,Audit 2026 device/Data store/Audit/VH03.xlsx#VH03 SKECHERS AEON HAI PHONG!row=4,,,Keyboard,3,3
OBS-52C855F6A461,OBS:1E9AA46223,IN_USE,VH03,,STORE_AUDIT,Audit 2026 device/Data store/Audit/VH03.xlsx#VH03 SKECHERS AEON HAI PHONG!row=5,,,Mouse,3,1
OBS-3BEC614FD09A,OBS:C1A4B97CEF,IN_USE,VH03,,STORE_AUDIT,Audit 2026 device/Data store/Audit/VH03.xlsx#VH03 SKECHERS AEON HAI PHONG!row=5,,,Mouse,3,2
OBS-C2B9B2908A24,OBS:866BC696EF,IN_USE,VH03,,STORE_AUDIT,Audit 2026 device/Data store/Audit/VH03.xlsx#VH03 SKECHERS AEON HAI PHONG!row=5,,,Mouse,3,3
OBS-F7AC64C5577E,SN:MK410210300453,IN_USE,VH03,,STORE_AUDIT,Audit 2026 device/Data store/Audit/VH03.xlsx#VH03 SKECHERS AEON HAI PHONG!row=6,,MK410210300453,Cash Drawer,2,1
OBS-7F2904361BEF,OBS:C831771C9B,IN_USE,VH03,,STORE_AUDIT,Audit 2026 device/Data store/Audit/VH03.xlsx#VH03 SKECHERS AEON HAI PHONG!row=6,,,Cash Drawer,2,2
OBS-5120A8DF996C,SN:MK410211201514,IN_USE,VH03,,STORE_AUDIT,Audit 2026 device/Data store/Audit/VH03.xlsx#VH03 SKECHERS AEON HAI PHONG!row=7,,MK410211201514,Store Equipment,1,1
OBS-FDF7E1FFAA9B,SN:DH240328010039,IN_USE,VH03,,STORE_AUDIT,Audit 2026 device/Data store/Audit/VH03.xlsx#VH03 SKECHERS AEON HAI PHONG!row=8,,DH240328010039,Pole Display,2,1
OBS-72470E2F363C,OBS:17E1F21363,IN_USE,VH03,,STORE_AUDIT,Audit 2026 device/Data store/Audit/VH03.xlsx#VH03 SKECHERS AEON HAI PHONG!row=8,,,Pole Display,2,2
OBS-A82C8B31E3B3,SN:DH240328010038,IN_USE,VH03,,STORE_AUDIT,Audit 2026 device/Data store/Audit/VH03.xlsx#VH03 SKECHERS AEON HAI PHONG!row=9,,DH240328010038,Store Equipment,1,1
OBS-7B07FB7E0292,SN:G20I34954,IN_USE,VH03,,STORE_AUDIT,Audit 2026 device/Data store/Audit/VH03.xlsx#VH03 SKECHERS AEON HAI PHONG!row=10,,G20I34954,Scanner,2,1
OBS-E8C05A0CAFF6,OBS:9F0C613C23,IN_USE,VH03,,STORE_AUDIT,Audit 2026 device/Data store/Audit/VH03.xlsx#VH03 SKECHERS AEON HAI PHONG!row=10,,,Scanner,2,2
OBS-BF513832CCC2,SN:G21NG2046,IN_USE,VH03,,STORE_AUDIT,Audit 2026 device/Data store/Audit/VH03.xlsx#VH03 SKECHERS AEON HAI PHONG!row=11,,G21NG2046,Store Equipment,1,1
OBS-DEE30866DEDA,SN:1CR84126GF,IN_USE,VH03,,STORE_AUDIT,Audit 2026 device/Data store/Audit/VH03.xlsx#VH03 SKECHERS AEON HAI PHONG!row=12,,1CR84126GF,Monitor,2,1
OBS-9D13A4190F70,OBS:643DC2B94D,IN_USE,VH03,,STORE_AUDIT,Audit 2026 device/Data store/Audit/VH03.xlsx#VH03 SKECHERS AEON HAI PHONG!row=12,,,Monitor,2,2
OBS-80D7C18725D2,SN:1CR82307BL,IN_USE,VH03,,STORE_AUDIT,Audit 2026 device/Data store/Audit/VH03.xlsx#VH03 SKECHERS AEON HAI PHONG!row=13,,1CR82307BL,Store Equipment,1,1
OBS-5E67CBF46B04,SN:CN41484H9C,IN_USE,VH03,,STORE_AUDIT,Audit 2026 device/Data store/Audit/VH03.xlsx#VH03 SKECHERS AEON HAI PHONG!row=14,,CN41484H9C,Monitor,1,1
OBS-67EFCB1D8FB8,SN:X7BA003082,IN_USE,VH03,,STORE_AUDIT,Audit 2026 device/Data store/Audit/VH03.xlsx#VH03 SKECHERS AEON HAI PHONG!row=15,,X7BA003082,Bill printer,2,1
OBS-3874A93986F5,OBS:8F5FD25FB8,IN_USE,VH03,,STORE_AUDIT,Audit 2026 device/Data store/Audit/VH03.xlsx#VH03 SKECHERS AEON HAI PHONG!row=15,,,Bill printer,2,2
OBS-4F7A80CC9D0C,SN:X7BA002788,IN_USE,VH03,,STORE_AUDIT,Audit 2026 device/Data store/Audit/VH03.xlsx#VH03 SKECHERS AEON HAI PHONG!row=16,,X7BA002788,Store Equipment,1,1
OBS-60CD03EC5E08,SN:KWC29190Y0Z,IN_USE,VH03,,STORE_AUDIT,Audit 2026 device/Data store/Audit/VH03.xlsx#VH03 SKECHERS AEON HAI PHONG!row=17,,KWC29190Y0Z,Switch (External Switch-CCTV system),1,1
OBS-94B708EEEF22,SN:8C30664AD29C,IN_USE,VH03,,STORE_AUDIT,Audit 2026 device/Data store/Audit/VH03.xlsx#VH03 SKECHERS AEON HAI PHONG!row=18,,8C30664AD29C,Access Point,1,1
OBS-C396C470B65E,SN:FGT40FTK25089193,IN_USE,VH03,,STORE_AUDIT,Audit 2026 device/Data store/Audit/VH03.xlsx#VH03 SKECHERS AEON HAI PHONG!row=19,,FGT40FTK25089193,Firewall,1,1
OBS-0FC9C984F477,SN:VNC3K05078,IN_USE,VH03,,STORE_AUDIT,Audit 2026 device/Data store/Audit/VH03.xlsx#VH03 SKECHERS AEON HAI PHONG!row=20,,VNC3K05078,Printer,1,1
OBS-F235C196FC7A,SN:BVX97G4,IN_USE,VH03,,STORE_AUDIT,Audit 2026 device/Data store/Audit/VH03.xlsx#VH03 SKECHERS AEON HAI PHONG!row=21,,BVX97G4,Server,1,1
OBS-C20CC42A7818,SN:S22182523022953,AVAILABLE,DSV,VH03,STORE_AUDIT,Audit 2026 device/Data store/Audit/VH03.xlsx#VH03 SKECHERS AEON HAI PHONG!row=22,,S22182523022953,PDT,1,1
OBS-7AF769F8E5AE,SN:XXZTN261200003,IN_USE,VH03,,STORE_AUDIT,Audit 2026 device/Data store/Audit/VH03.xlsx#VH03 SKECHERS AEON HAI PHONG!row=23,,XXZTN261200003,PDT's Printer,1,1
OBS-7435A352A6C5,SN:PF1FV71U,IN_USE,VI03,,STORE_AUDIT,Audit 2026 device/Data store/Audit/VI03.xlsx#VI03!row=2,,PF1FV71U,Laptop,1,1
OBS-57B81338B95A,OBS:4B68028C6F,IN_USE,VI03,,STORE_AUDIT,Audit 2026 device/Data store/Audit/VI03.xlsx#VI03!row=3,,,Mouse,1,1
OBS-8B3DED623307,SN:20201130015,IN_USE,VI03,,STORE_AUDIT,Audit 2026 device/Data store/Audit/VI03.xlsx#VI03!row=4,,20201130015,Cash Drawer,1,1
OBS-8E2D953B838A,SN:2TD843AAAN,IN_USE,VI03,,STORE_AUDIT,Audit 2026 device/Data store/Audit/VI03.xlsx#VI03!row=5,,2TD843AAAN,Pole Display,1,1
OBS-C4AF633DC687,SN:G20E58609,IN_USE,VI03,,STORE_AUDIT,Audit 2026 device/Data store/Audit/VI03.xlsx#VI03!row=6,,G20E58609,Scanning gun,1,1
OBS-D7455B996BDD,SN:X7BA001290,IN_USE,VI03,,STORE_AUDIT,Audit 2026 device/Data store/Audit/VI03.xlsx#VI03!row=7,,X7BA001290,Bill Printer,1,1
OBS-EB8C80A6AAC3,SN:FGT40FTK2309D2DB,IN_USE,VI03,,STORE_AUDIT,Audit 2026 device/Data store/Audit/VI03.xlsx#VI03!row=8,,FGT40FTK2309D2DB,Firewall,1,1
OBS-C0229E751FAA,SN:VNC3K04690,IN_USE,VI03,,STORE_AUDIT,Audit 2026 device/Data store/Audit/VI03.xlsx#VI03!row=9,,VNC3K04690,Printer,1,1
OBS-B0F9A439BAD2,SN:862854053049620,IN_USE,VI03,,STORE_AUDIT,Audit 2026 device/Data store/Audit/VI03.xlsx#VI03!row=10,,862854053049620,Tablet (O2O),1,1
OBS-4A57DBA105C0,SN:I1623H0003,IN_USE,VI03,,STORE_AUDIT,Audit 2026 device/Data store/Audit/VI03.xlsx#VI03!row=11,,I1623H0003,Printer (O2O),1,1
OBS-C4AD5CA2FA14,SN:8CC3500VT2,IN_USE,VN05,,STORE_AUDIT,Audit 2026 device/Data store/Audit/VN05.xlsx#VN05!row=2,,8CC3500VT2,Mini Pc,1,1
OBS-D838554DCAE3,OBS:2450D72265,IN_USE,VN05,,STORE_AUDIT,Audit 2026 device/Data store/Audit/VN05.xlsx#VN05!row=3,,,Keyboard,1,1
OBS-C3B0E831D152,OBS:9ED7FA76B6,IN_USE,VN05,,STORE_AUDIT,Audit 2026 device/Data store/Audit/VN05.xlsx#VN05!row=4,,,Mouse,1,1
OBS-5570C240E807,SN:M3302021060398,IN_USE,VN05,,STORE_AUDIT,Audit 2026 device/Data store/Audit/VN05.xlsx#VN05!row=5,,M3302021060398,Cash Drawer,1,1
OBS-53A5BE0A98AC,SN:120035,IN_USE,VN05,,STORE_AUDIT,Audit 2026 device/Data store/Audit/VN05.xlsx#VN05!row=6,,120035,Pole Display,1,1
OBS-6A4F89F8849B,SN:G21E85761,IN_USE,VN05,,STORE_AUDIT,Audit 2026 device/Data store/Audit/VN05.xlsx#VN05!row=7,,G21E85761,Scanning gun,1,1
OBS-3DF202A1A384,SN:1CR8420G67,IN_USE,VN05,,STORE_AUDIT,Audit 2026 device/Data store/Audit/VN05.xlsx#VN05!row=8,,1CR8420G67,Monitor,1,1
OBS-6D29BBB2134A,SN:X7BA004094,IN_USE,VN05,,STORE_AUDIT,Audit 2026 device/Data store/Audit/VN05.xlsx#VN05!row=9,,X7BA004094,Bill Printer,1,1
OBS-3EDBF651FEC5,SN:22253D9009592,IN_USE,VN05,,STORE_AUDIT,Audit 2026 device/Data store/Audit/VN05.xlsx#VN05!row=10,,22253D9009592,"Switch (Internal Switch-POS, TF, Wifi)",1,1
OBS-181F8FD25831,SN:9C05D67981E2,IN_USE,VN05,,STORE_AUDIT,Audit 2026 device/Data store/Audit/VN05.xlsx#VN05!row=11,,9C05D67981E2,Access Point,1,1
OBS-92B5DE312A45,SN:FGT40FTK24014025,IN_USE,VN05,,STORE_AUDIT,Audit 2026 device/Data store/Audit/VN05.xlsx#VN05!row=12,,FGT40FTK24014025,Firewall,1,1
OBS-461E31B47B99,SN:CNBRP8297B,IN_USE,VN05,,STORE_AUDIT,Audit 2026 device/Data store/Audit/VN05.xlsx#VN05!row=13,,CNBRP8297B,Printer,1,1
OBS-133C9D5156EF,SN:352294624029024,IN_USE,VN05,,STORE_AUDIT,Audit 2026 device/Data store/Audit/VN05.xlsx#VN05!row=14,,352294624029024,Tablet (O2O),1,1
OBS-78A0AF12F629,SN:11622C0003,IN_USE,VN05,,STORE_AUDIT,Audit 2026 device/Data store/Audit/VN05.xlsx#VN05!row=15,,11622C0003,Printer (O2O),1,1
OBS-A89EA0ED06BC,SN:24144523021654,IN_USE,VN05,,STORE_AUDIT,Audit 2026 device/Data store/Audit/VN05.xlsx#VN05!row=16,,24144523021654,PDT,1,1
OBS-CD80FBC43D60,SN:2530022102300538,IN_USE,VN05,,STORE_AUDIT,Audit 2026 device/Data store/Audit/VN05.xlsx#VN05!row=17,,2530022102300538,PDT's Printer,1,1
OBS-162AD6CA014D,AID:22VN00000096,IN_USE,VN06,,STORE_AUDIT,Audit 2026 device/Data store/!!!/VN06.xlsx#VN06!row=2,,PC12PNNM,Laptop,1,1
OBS-BC6111371434,OBS:E507BF6FAD,IN_USE,VN06,,STORE_AUDIT,Audit 2026 device/Data store/!!!/VN06.xlsx#VN06!row=3,,,Mouse,1,1
OBS-51AF0454E0AD,OBS:EFC491C45B,IN_USE,VN06,,STORE_AUDIT,Audit 2026 device/Data store/!!!/VN06.xlsx#VN06!row=4,,,Cash Drawer,1,1
OBS-3438C8BAEBC7,OBS:8FAF1D1FAC,IN_USE,VN06,,STORE_AUDIT,Audit 2026 device/Data store/!!!/VN06.xlsx#VN06!row=5,,,Pole Display,1,1
OBS-7E2E21A7DD99,SN:G21EB1603,IN_USE,VN06,,STORE_AUDIT,Audit 2026 device/Data store/!!!/VN06.xlsx#VN06!row=6,,G21EB1603,Scanning gun,1,1
OBS-50A2B1F4D0D1,SN:BM2105270032,IN_USE,VN06,,STORE_AUDIT,Audit 2026 device/Data store/!!!/VN06.xlsx#VN06!row=7,,BM2105270032,Bill Printer,1,1
OBS-08CB1971A2D0,OBS:1381CE3FC4,IN_USE,VN06,,STORE_AUDIT,Audit 2026 device/Data store/!!!/VN06.xlsx#VN06!row=8,,,"Switch (Internal Switch-POS, TF, Wifi)",1,1
OBS-A5DA3F0AA23E,SN:FGT40FTK24086300,IN_USE,VN06,,STORE_AUDIT,Audit 2026 device/Data store/!!!/VN06.xlsx#VN06!row=9,,FGT40FTK24086300,Firewall,1,1
OBS-2A755AFB53D3,OBS:BA5D74AC95,IN_USE,VN06,,STORE_AUDIT,Audit 2026 device/Data store/!!!/VN06.xlsx#VN06!row=10,,,Printer,1,1
OBS-9719DDB67263,SN:1CR82307K2,IN_USE,VN07,,STORE_AUDIT,Audit 2026 device/Data store/Audit/VN07.xlsx#VN07!row=2,,1CR82307K2,Monitor,1,1
OBS-EB0B983FDA68,SN:BM2105270034,IN_USE,VN07,,STORE_AUDIT,Audit 2026 device/Data store/Audit/VN07.xlsx#VN07!row=3,,BM2105270034,Bill Printer,1,1
OBS-BAC3B9C03B35,SN:G21EB1563,IN_USE,VN07,,STORE_AUDIT,Audit 2026 device/Data store/Audit/VN07.xlsx#VN07!row=4,,G21EB1563,Scanner,1,1
OBS-DCEA3D7EF592,SN:211130000045,IN_USE,VN07,,STORE_AUDIT,Audit 2026 device/Data store/Audit/VN07.xlsx#VN07!row=5,,211130000045,Pole Display,1,1
OBS-63B6E61AE907,SN:CNBRP8434C,IN_USE,VN07,,STORE_AUDIT,Audit 2026 device/Data store/Audit/VN07.xlsx#VN07!row=6,,CNBRP8434C,A4 Printer,1,1
OBS-476B982D402A,SN:MK410221102041,IN_USE,VN07,,STORE_AUDIT,Audit 2026 device/Data store/Audit/VN07.xlsx#VN07!row=7,,MK410221102041,Cash Drawer,1,1
OBS-748E4CF92BA8,SN:22172W5002256,IN_USE,VN07,,STORE_AUDIT,Audit 2026 device/Data store/Audit/VN07.xlsx#VN07!row=8,,22172W5002256,Network Switch,1,1
OBS-6325825BB9A2,SN:1CZ04303Y7,IN_USE,VN07,,STORE_AUDIT,Audit 2026 device/Data store/Audit/VN07.xlsx#VN07!row=9,,1CZ04303Y7,Desktop,1,1
OBS-D4D628141DD3,SN:24165523020914,IN_USE,VN07,,STORE_AUDIT,Audit 2026 device/Data store/Audit/VN07.xlsx#VN07!row=10,,24165523020914,PDT,1,1
OBS-D9861D49C3C8,SN:9C05D6798563,IN_USE,VN07,,STORE_AUDIT,Audit 2026 device/Data store/Audit/VN07.xlsx#VN07!row=11,,9C05D6798563,Access Point,1,1
OBS-C0C807232689,SN:FGT40FTK24086985,IN_USE,VN07,,STORE_AUDIT,Audit 2026 device/Data store/Audit/VN07.xlsx#VN07!row=12,,FGT40FTK24086985,Firewall,1,1
OBS-2F2C910D445F,SN:2530022102300544,IN_USE,VN07,,STORE_AUDIT,Audit 2026 device/Data store/Audit/VN07.xlsx#VN07!row=13,,2530022102300544,PDT Printer,1,1
OBS-51FBF9E7B222,SN:3CQ7490XG4,IN_USE,VN09,,STORE_AUDIT,Audit 2026 device/Data store/Audit/VN09.xlsx#VN09!row=2,,3CQ7490XG4,Monitor,1,1
OBS-272F5B11C17F,SN:TCEY007561,IN_USE,VN09,,STORE_AUDIT,Audit 2026 device/Data store/Audit/VN09.xlsx#VN09!row=3,,TCEY007561,Bill Printer,1,1
OBS-EB6244881DBD,SN:G20I34943,IN_USE,VN09,,STORE_AUDIT,Audit 2026 device/Data store/Audit/VN09.xlsx#VN09!row=4,,G20I34943,Scanner,1,1
OBS-C8E47F7FA00A,SN:ALCD20110003,IN_USE,VN09,,STORE_AUDIT,Audit 2026 device/Data store/Audit/VN09.xlsx#VN09!row=5,,ALCD20110003,Pole Display,1,1
OBS-07E81DA5ED7A,SN:MK410211201237,IN_USE,VN09,,STORE_AUDIT,Audit 2026 device/Data store/Audit/VN09.xlsx#VN09!row=6,,MK410211201237,Cash Drawer,1,1
OBS-32DA15CCFD98,SN:NMYA765067,IN_USE,VN09,,STORE_AUDIT,Audit 2026 device/Data store/Audit/VN09.xlsx#VN09!row=7,,NMYA765067,A4 Printer,1,1
OBS-BC86764A7C52,SN:8CC51110SM,IN_USE,VN09,,STORE_AUDIT,Audit 2026 device/Data store/Audit/VN09.xlsx#VN09!row=8,,8CC51110SM,Desktop,1,1
OBS-6B60E3D489FB,SN:22172W5002268,IN_USE,VN09,,STORE_AUDIT,Audit 2026 device/Data store/Audit/VN09.xlsx#VN09!row=9,,22172W5002268,Switch,1,1
OBS-FD4B6D1BF107,SN:24161523023427,IN_USE,VN09,,STORE_AUDIT,Audit 2026 device/Data store/Audit/VN09.xlsx#VN09!row=10,,24161523023427,PDT,1,1
OBS-13CCBD65C675,SN:9C05D679862C,IN_USE,VN09,,STORE_AUDIT,Audit 2026 device/Data store/Audit/VN09.xlsx#VN09!row=11,,9C05D679862C,Access Point,1,1
OBS-F08D02312D35,SN:2530022102300537,IN_USE,VN09,,STORE_AUDIT,Audit 2026 device/Data store/Audit/VN09.xlsx#VN09!row=12,,2530022102300537,PDT Printer,1,1
OBS-B359DA66E947,SN:FGT40FTK24006929,IN_USE,VN09,,STORE_AUDIT,Audit 2026 device/Data store/Audit/VN09.xlsx#VN09!row=13,,FGT40FTK24006929,Firewall,1,1
OBS-D58ADFEEBDA1,OBS:628FE7D6C5,IN_USE,VN09,,STORE_AUDIT,Audit 2026 device/Data store/Audit/VN09.xlsx#VN09!row=14,,,Keyboard,1,1
OBS-F51320DD5F97,OBS:1396A47FB6,IN_USE,VN09,,STORE_AUDIT,Audit 2026 device/Data store/Audit/VN09.xlsx#VN09!row=15,,,Mouse,1,1
OBS-780E2CC34CD9,SN:8CC51110PK,IN_USE,VN10,,STORE_AUDIT,Audit 2026 device/Data store/Audit/VN10.xlsx#VN10!row=2,,8CC51110PK,Mini Pc,1,1
OBS-C66FCFD9729A,OBS:31F9E46D75,IN_USE,VN10,,STORE_AUDIT,Audit 2026 device/Data store/Audit/VN10.xlsx#VN10!row=3,,,Keyboard,1,1
OBS-6C8CC4C098F2,OBS:8491BA6C4C,IN_USE,VN10,,STORE_AUDIT,Audit 2026 device/Data store/Audit/VN10.xlsx#VN10!row=4,,,Mouse,1,1
OBS-D9F9DDDF50E3,SN:MK410211201238,IN_USE,VN10,,STORE_AUDIT,Audit 2026 device/Data store/Audit/VN10.xlsx#VN10!row=5,,MK410211201238,Cash Drawer,1,1
OBS-3F1DAD53A028,SN:211130000038,IN_USE,VN10,,STORE_AUDIT,Audit 2026 device/Data store/Audit/VN10.xlsx#VN10!row=6,,211130000038,Pole Display,1,1
OBS-D30739C61A39,SN:G21M82790,IN_USE,VN10,,STORE_AUDIT,Audit 2026 device/Data store/Audit/VN10.xlsx#VN10!row=7,,G21M82790,Scanning gun,1,1
OBS-DF50C8C7ACE2,SN:1CR82307D2,IN_USE,VN10,,STORE_AUDIT,Audit 2026 device/Data store/Audit/VN10.xlsx#VN10!row=8,,1CR82307D2,Monitor,1,1
OBS-FA0E0D256CBC,SN:X7BA002747,IN_USE,VN10,,STORE_AUDIT,Audit 2026 device/Data store/Audit/VN10.xlsx#VN10!row=9,,X7BA002747,Bill Printer,1,1
OBS-2ED25B60223A,SN:2225308008268,IN_USE,VN10,,STORE_AUDIT,Audit 2026 device/Data store/Audit/VN10.xlsx#VN10!row=10,,2225308008268,"Switch (Internal Switch-POS, TF, Wifi)",1,1
OBS-44EF8A4531DF,SN:FGT40FTK24011504,IN_USE,VN10,,STORE_AUDIT,Audit 2026 device/Data store/Audit/VN10.xlsx#VN10!row=11,,FGT40FTK24011504,Firewall,1,1
OBS-CE8A48E941E6,SN:NMYA585379,IN_USE,VN10,,STORE_AUDIT,Audit 2026 device/Data store/Audit/VN10.xlsx#VN10!row=12,,NMYA585379,Printer,1,1
OBS-9334CB84432C,SN:RZPK2G2000820,IN_USE,VN10,,STORE_AUDIT,Audit 2026 device/Data store/Audit/VN10.xlsx#VN10!row=13,,RZPK2G2000820,Router,1,1
OBS-B48755C28354,SN:8CC22011CR,IN_USE,VN12,,STORE_AUDIT,Audit 2026 device/Data store/!!!/VN12.xlsx#VN12!row=2,,8CC22011CR,Desktop,1,1
OBS-A9DA20203C1E,OBS:466E697080,IN_USE,VN12,,STORE_AUDIT,Audit 2026 device/Data store/!!!/VN12.xlsx#VN12!row=3,,,A4 Printer,1,1
OBS-775F16CFAF60,OBS:83A08A8480,IN_USE,VN12,,STORE_AUDIT,Audit 2026 device/Data store/!!!/VN12.xlsx#VN12!row=4,,,Scanner,1,1
OBS-59DC9B13BA8C,OBS:528C3166B8,IN_USE,VN12,,STORE_AUDIT,Audit 2026 device/Data store/!!!/VN12.xlsx#VN12!row=5,,,Bill Printer,1,1
OBS-80D6CB6CEE42,OBS:C51F784F2E,IN_USE,VN12,,STORE_AUDIT,Audit 2026 device/Data store/!!!/VN12.xlsx#VN12!row=6,,,Other,1,1
OBS-C23361E1E1BD,OBS:D07F399C62,IN_USE,VN12,,STORE_AUDIT,Audit 2026 device/Data store/!!!/VN12.xlsx#VN12!row=7,,,Monitor,1,1
OBS-48FB4531C54C,OBS:DA8D367867,IN_USE,VN12,,STORE_AUDIT,Audit 2026 device/Data store/!!!/VN12.xlsx#VN12!row=8,,,Pole Display,1,1
OBS-DBF3F4767BC8,OBS:0A92BDA57E,IN_USE,VN12,,STORE_AUDIT,Audit 2026 device/Data store/!!!/VN12.xlsx#VN12!row=9,,,Network Switch,1,1
OBS-B9C3952D49B2,OBS:1BA4CF4FB5,IN_USE,VN12,,STORE_AUDIT,Audit 2026 device/Data store/!!!/VN12.xlsx#VN12!row=10,,,USB Hub,1,1
OBS-A0F0A7714AB7,SN:24164523022817,IN_USE,VN12,,STORE_AUDIT,Audit 2026 device/Data store/!!!/VN12.xlsx#VN12!row=11,,24164523022817,PDT,1,1
OBS-49EBFF91CB89,SN:8CC3500VVD,IN_USE,VN16,,STORE_AUDIT,Audit 2026 device/Data store/Audit/VN16.xlsx#VN16!row=2,,8CC3500VVD,Mini Pc,1,1
OBS-6E6133FE386F,OBS:E4B2CC333D,IN_USE,VN16,,STORE_AUDIT,Audit 2026 device/Data store/Audit/VN16.xlsx#VN16!row=3,,,Keyboard,1,1
OBS-4EB21E607EF0,OBS:8DAB54CE95,IN_USE,VN16,,STORE_AUDIT,Audit 2026 device/Data store/Audit/VN16.xlsx#VN16!row=4,,,Mouse,1,1
OBS-D0FE954BC1AA,SN:MK410211201237,IN_USE,VN16,,STORE_AUDIT,Audit 2026 device/Data store/Audit/VN16.xlsx#VN16!row=5,,MK410211201237,Cash Drawer,1,1
OBS-D1A71A83CD63,SN:211130000042,IN_USE,VN16,,STORE_AUDIT,Audit 2026 device/Data store/Audit/VN16.xlsx#VN16!row=6,,211130000042,Pole Display,1,1
OBS-682FCD60B2EA,SN:G21E85804,IN_USE,VN16,,STORE_AUDIT,Audit 2026 device/Data store/Audit/VN16.xlsx#VN16!row=7,,G21E85804,Scanning gun,1,1
OBS-0E190E086CCD,SN:3CQ7490XGD,IN_USE,VN16,,STORE_AUDIT,Audit 2026 device/Data store/Audit/VN16.xlsx#VN16!row=8,,3CQ7490XGD,Monitor,1,1
OBS-E1EBC0DDCE45,SN:X7BA002821,IN_USE,VN16,,STORE_AUDIT,Audit 2026 device/Data store/Audit/VN16.xlsx#VN16!row=9,,X7BA002821,Bill Printer,1,1
OBS-157AB38C385F,SN:22172W5002261,IN_USE,VN16,,STORE_AUDIT,Audit 2026 device/Data store/Audit/VN16.xlsx#VN16!row=10,,22172W5002261,"Switch (Internal Switch-POS, TF, Wifi)",1,1
OBS-D4F000420494,SN:9C05D6798854,IN_USE,VN16,,STORE_AUDIT,Audit 2026 device/Data store/Audit/VN16.xlsx#VN16!row=11,,9C05D6798854,Access Point,1,1
OBS-569AF8528E63,SN:FGT40FTK24009393,IN_USE,VN16,,STORE_AUDIT,Audit 2026 device/Data store/Audit/VN16.xlsx#VN16!row=12,,FGT40FTK24009393,Firewall,1,1
OBS-073402B6FE56,SN:8CG8105N38,IN_USE,VN16,,STORE_AUDIT,Audit 2026 device/Data store/Audit/VN16.xlsx#VN16!row=13,,8CG8105N38,Printer,1,1
OBS-33F138BA57B3,SN:352294624027796,IN_USE,VN16,,STORE_AUDIT,Audit 2026 device/Data store/Audit/VN16.xlsx#VN16!row=14,,352294624027796,Tablet (O2O),1,1
OBS-7216F1603B98,SN:I1622F0003,IN_USE,VN16,,STORE_AUDIT,Audit 2026 device/Data store/Audit/VN16.xlsx#VN16!row=15,,I1622F0003,Printer (O2O),1,1
OBS-1137786A53D9,SN:24165523020341,IN_USE,VN16,,STORE_AUDIT,Audit 2026 device/Data store/Audit/VN16.xlsx#VN16!row=16,,24165523020341,PDT,1,1
OBS-A952CED8452E,SN:2530022102300547,IN_USE,VN16,,STORE_AUDIT,Audit 2026 device/Data store/Audit/VN16.xlsx#VN16!row=17,,2530022102300547,PDT's Printer,1,1
OBS-17DE3D747C1E,SN:CND53878ZC,IN_USE,VN19,,STORE_AUDIT,Audit 2026 device/Data store/Audit/VN19.xlsx#VN19!row=2,,CND53878ZC,Laptop,1,1
OBS-458D74298A68,OBS:061DD8E5F1,IN_USE,VN19,,STORE_AUDIT,Audit 2026 device/Data store/Audit/VN19.xlsx#VN19!row=3,,,Keyboard,1,1
OBS-58923A6DEB02,SN:215LZ0428,IN_USE,VN19,,STORE_AUDIT,Audit 2026 device/Data store/Audit/VN19.xlsx#VN19!row=4,,215LZ0428,Mouse,1,1
OBS-1948D3546015,SN:G21M82726,IN_USE,VN19,,STORE_AUDIT,Audit 2026 device/Data store/Audit/VN19.xlsx#VN19!row=5,,G21M82726,Scanner,1,1
OBS-C26D1BB96952,SN:1CR82307CB,IN_USE,VN19,,STORE_AUDIT,Audit 2026 device/Data store/Audit/VN19.xlsx#VN19!row=6,,1CR82307CB,Monitor,1,1
OBS-25722A766316,SN:X7BA002775,IN_USE,VN19,,STORE_AUDIT,Audit 2026 device/Data store/Audit/VN19.xlsx#VN19!row=7,,X7BA002775,Bill Printer,1,1
OBS-5E16A558544F,SN:FGT40FTK24006198,IN_USE,VN19,,STORE_AUDIT,Audit 2026 device/Data store/Audit/VN19.xlsx#VN19!row=8,,FGT40FTK24006198,Firewall,1,1
OBS-B168FB1FB886,SN:NMYA782038,IN_USE,VN19,,STORE_AUDIT,Audit 2026 device/Data store/Audit/VN19.xlsx#VN19!row=9,,NMYA782038,Printer A4,1,1
OBS-1A436E45070E,SN:8CC22011GD,IN_USE,VN27,,STORE_AUDIT,Audit 2026 device/Data store/Audit/VN27.xlsx#VN27!row=2,,8CC22011GD,Desktop,1,1
OBS-9ABFA6EC376B,SN:8CC2231CY7,IN_USE,VN27,,STORE_AUDIT,Audit 2026 device/Data store/Audit/VN27.xlsx#VN27!row=3,,8CC2231CY7,Desktop,1,1
OBS-5C78893D0874,SN:8CC22011BC,IN_USE,VN27,,STORE_AUDIT,Audit 2026 device/Data store/Audit/VN27.xlsx#VN27!row=4,,8CC22011BC,Desktop,1,1
OBS-E6461B4AF088,SN:8CC22011BS,IN_USE,VN27,,STORE_AUDIT,Audit 2026 device/Data store/Audit/VN27.xlsx#VN27!row=5,,8CC22011BS,Desktop,1,1
OBS-FB77B1B8D05A,SN:3CQ2320CRY,IN_USE,VN27,,STORE_AUDIT,Audit 2026 device/Data store/Audit/VN27.xlsx#VN27!row=6,,3CQ2320CRY,Monitor,1,1
OBS-5283073E47BA,SN:3CQ2320CRN,IN_USE,VN27,,STORE_AUDIT,Audit 2026 device/Data store/Audit/VN27.xlsx#VN27!row=7,,3CQ2320CRN,Monitor,1,1
OBS-356980AC294E,SN:3CQ2320CRF,IN_USE,VN27,,STORE_AUDIT,Audit 2026 device/Data store/Audit/VN27.xlsx#VN27!row=8,,3CQ2320CRF,Monitor,1,1
OBS-F27CC1D98E35,SN:X7B9022775,IN_USE,VN27,,STORE_AUDIT,Audit 2026 device/Data store/Audit/VN27.xlsx#VN27!row=9,,X7B9022775,Bill Printer,1,1
OBS-A2DFBBBE806A,SN:X7B9023235,IN_USE,VN27,,STORE_AUDIT,Audit 2026 device/Data store/Audit/VN27.xlsx#VN27!row=10,,X7B9023235,Bill Printer,1,1
OBS-3E74D9544223,SN:G23C76662,IN_USE,VN27,,STORE_AUDIT,Audit 2026 device/Data store/Audit/VN27.xlsx#VN27!row=11,,G23C76662,Scanner,1,1
OBS-7CB4EE3F1E69,SN:G23C76677,IN_USE,VN27,,STORE_AUDIT,Audit 2026 device/Data store/Audit/VN27.xlsx#VN27!row=12,,G23C76677,Scanner,1,1
OBS-709F8311B1D9,SN:NMYA804390,IN_USE,VN27,,STORE_AUDIT,Audit 2026 device/Data store/Audit/VN27.xlsx#VN27!row=13,,NMYA804390,A4 Printer,1,1
OBS-D2964EA5CE9E,SN:MK410221102016,IN_USE,VN27,,STORE_AUDIT,Audit 2026 device/Data store/Audit/VN27.xlsx#VN27!row=14,,MK410221102016,Cash Drawer,1,1
OBS-18D0C93EE347,SN:D190928010009,IN_USE,VN27,,STORE_AUDIT,Audit 2026 device/Data store/Audit/VN27.xlsx#VN27!row=15,,D190928010009,Pole Display,1,1
OBS-170A7526FECD,SN:D190928010004,IN_USE,VN27,,STORE_AUDIT,Audit 2026 device/Data store/Audit/VN27.xlsx#VN27!row=16,,D190928010004,Pole Display,1,1
OBS-057FFF43E84F,OBS:8BBD657B30,IN_USE,VN27,,STORE_AUDIT,Audit 2026 device/Data store/Audit/VN27.xlsx#VN27!row=17,,,Other,1,1
OBS-52F48EB47560,SN:PSZ26391WAB,IN_USE,VN27,,STORE_AUDIT,Audit 2026 device/Data store/Audit/VN27.xlsx#VN27!row=19,,PSZ26391WAB,Network Switch,1,1
OBS-85AADEF775C5,OBS:5CA588A8AC,IN_USE,VN27,,STORE_AUDIT,Audit 2026 device/Data store/Audit/VN27.xlsx#VN27!row=20,,,USB Hub,1,1
OBS-D367CF79A09B,OBS:60A978403C,IN_USE,VN27,,STORE_AUDIT,Audit 2026 device/Data store/Audit/VN27.xlsx#VN27!row=21,,,Other,1,1
OBS-C225C2E2BFAD,SN:529101223400048,IN_USE,VN27,,STORE_AUDIT,Audit 2026 device/Data store/Audit/VN27.xlsx#VN27!row=22,,529101223400048,Other,1,1
OBS-5BAFC74DEEB3,OBS:8BAD70A0A6,IN_USE,VN27,,STORE_AUDIT,Audit 2026 device/Data store/Audit/VN27.xlsx#VN27!row=23,,,Other,1,1
OBS-3CE77FD3A067,SN:354348130452001,IN_USE,VN27,,STORE_AUDIT,Audit 2026 device/Data store/Audit/VN27.xlsx#VN27!row=24,,354348130452001,Tablet,1,1
OBS-FBDD702A0867,SN:I1624C0002,IN_USE,VN27,,STORE_AUDIT,Audit 2026 device/Data store/Audit/VN27.xlsx#VN27!row=25,,I1624C0002,O2O Printer,1,1
OBS-B45C4DBA15BC,SN:8401230250322103,IN_USE,VN27,,STORE_AUDIT,Audit 2026 device/Data store/Audit/VN27.xlsx#VN27!row=26,,8401230250322103,Sim 4G,1,1
OBS-A760B5EF6B2A,SN:24161523020532,IN_USE,VN27,,STORE_AUDIT,Audit 2026 device/Data store/Audit/VN27.xlsx#VN27!row=27,,24161523020532,PDT,1,1
OBS-8F91295FD94F,SN:FGT40FTK24006970,IN_USE,VN27,,STORE_AUDIT,Audit 2026 device/Data store/Audit/VN27.xlsx#VN27!row=28,,FGT40FTK24006970,Firewall,1,1
OBS-7A7479F509CC,SN:8CC51110R7,IN_USE,VN28,,STORE_AUDIT,Audit 2026 device/Data store/Audit/VN28.xlsx#VN28!row=2,,8CC51110R7,Mini Pc,1,1
OBS-00D1C8701BF3,OBS:14EE0C5742,IN_USE,VN28,,STORE_AUDIT,Audit 2026 device/Data store/Audit/VN28.xlsx#VN28!row=3,,,Keyboard,1,1
OBS-242456FDCF86,OBS:20DD6D483E,IN_USE,VN28,,STORE_AUDIT,Audit 2026 device/Data store/Audit/VN28.xlsx#VN28!row=4,,,Mouse,1,1
OBS-D04857B50118,SN:MK410221102347,IN_USE,VN28,,STORE_AUDIT,Audit 2026 device/Data store/Audit/VN28.xlsx#VN28!row=5,,MK410221102347,Cash Drawer,1,1
OBS-AB770EE9F607,SN:211130000024,IN_USE,VN28,,STORE_AUDIT,Audit 2026 device/Data store/Audit/VN28.xlsx#VN28!row=6,,211130000024,Pole Display,1,1
OBS-68C5ED9ED465,SN:G23C76551,IN_USE,VN28,,STORE_AUDIT,Audit 2026 device/Data store/Audit/VN28.xlsx#VN28!row=7,,G23C76551,Scanning gun,1,1
OBS-CDDAD4C840D2,SN:1CR8420G66,IN_USE,VN28,,STORE_AUDIT,Audit 2026 device/Data store/Audit/VN28.xlsx#VN28!row=8,,1CR8420G66,Monitor,1,1
OBS-D084AFDE207F,SN:X7BA004103,IN_USE,VN28,,STORE_AUDIT,Audit 2026 device/Data store/Audit/VN28.xlsx#VN28!row=9,,X7BA004103,Bill Printer,1,1
OBS-D6DF060F1746,SN:KWC29190Y0E,IN_USE,VN28,,STORE_AUDIT,Audit 2026 device/Data store/Audit/VN28.xlsx#VN28!row=10,,KWC29190Y0E,"Switch (Internal Switch-POS, TF, Wifi)",1,1
OBS-008EE494EDDD,SN:9C05D679A3DC,IN_USE,VN28,,STORE_AUDIT,Audit 2026 device/Data store/Audit/VN28.xlsx#VN28!row=11,,9C05D679A3DC,Access Point,1,1
OBS-9D50738384EE,OBS:1397D9A17A,IN_USE,VN28,,STORE_AUDIT,Audit 2026 device/Data store/Audit/VN28.xlsx#VN28!row=12,,,Sim Data (O2O),1,1
OBS-4AAB79433332,SN:FGT40FTK24086493,IN_USE,VN28,,STORE_AUDIT,Audit 2026 device/Data store/Audit/VN28.xlsx#VN28!row=13,,FGT40FTK24086493,Firewall,1,1
OBS-94FC2BD043BF,SN:NMYA467073,IN_USE,VN28,,STORE_AUDIT,Audit 2026 device/Data store/Audit/VN28.xlsx#VN28!row=14,,NMYA467073,Printer,1,1
OBS-F47C2F2CCA09,SN:352294624027473,IN_USE,VN28,,STORE_AUDIT,Audit 2026 device/Data store/Audit/VN28.xlsx#VN28!row=15,,352294624027473,Tablet (O2O),1,1
OBS-B2A1AFDB1CC1,SN:I1624C00019,IN_USE,VN28,,STORE_AUDIT,Audit 2026 device/Data store/Audit/VN28.xlsx#VN28!row=16,,I1624C00019,Printer (O2O),1,1
OBS-239A614EB316,SN:S23118523021190,IN_USE,VN28,,STORE_AUDIT,Audit 2026 device/Data store/Audit/VN28.xlsx#VN28!row=17,,S23118523021190,PDT,1,1
OBS-BC27AC9A381D,SN:2530022102300930,IN_USE,VN28,,STORE_AUDIT,Audit 2026 device/Data store/Audit/VN28.xlsx#VN28!row=18,,2530022102300930,PDT's Printer,1,1
OBS-2BE42DEED7C7,SN:8CC323166M,IN_USE,VO02,,STORE_AUDIT,Audit 2026 device/Data store/Audit/VO02.xlsx#VO02!row=2,,8CC323166M,Desktop,1,1
OBS-2D6A8DD43C34,SN:8CC3231667,IN_USE,VO02,,STORE_AUDIT,Audit 2026 device/Data store/Audit/VO02.xlsx#VO02!row=3,,8CC3231667,Desktop,1,1
OBS-1235CBFF5835,SN:8CC323166K,IN_USE,VO02,,STORE_AUDIT,Audit 2026 device/Data store/Audit/VO02.xlsx#VO02!row=4,,8CC323166K,Desktop,1,1
OBS-0D2793D5A1C3,SN:8CC3231668,IN_USE,VO02,,STORE_AUDIT,Audit 2026 device/Data store/Audit/VO02.xlsx#VO02!row=5,,8CC3231668,Desktop,1,1
OBS-DB8B5457F0FE,SN:8CC323166B,IN_USE,VO02,,STORE_AUDIT,Audit 2026 device/Data store/Audit/VO02.xlsx#VO02!row=6,,8CC323166B,Desktop,1,1
OBS-53A93028721D,SN:3CQ3100DB8,IN_USE,VO02,,STORE_AUDIT,Audit 2026 device/Data store/Audit/VO02.xlsx#VO02!row=7,,3CQ3100DB8,Monitor,1,1
OBS-1E56433AAACC,SN:3CQ3100DBJ,IN_USE,VO02,,STORE_AUDIT,Audit 2026 device/Data store/Audit/VO02.xlsx#VO02!row=8,,3CQ3100DBJ,Monitor,1,1
OBS-DA65B6C73160,SN:3CQ3100GSJ,IN_USE,VO02,,STORE_AUDIT,Audit 2026 device/Data store/Audit/VO02.xlsx#VO02!row=9,,3CQ3100GSJ,Monitor,1,1
OBS-EE79913A2F1F,SN:3CQ3100DBK,IN_USE,VO02,,STORE_AUDIT,Audit 2026 device/Data store/Audit/VO02.xlsx#VO02!row=10,,3CQ3100DBK,Monitor,1,1
OBS-419911CF34CC,SN:3CQ3110GSB,IN_USE,VO02,,STORE_AUDIT,Audit 2026 device/Data store/Audit/VO02.xlsx#VO02!row=11,,3CQ3110GSB,Monitor,1,1
OBS-7B431A81118A,SN:MK410221102416,IN_USE,VO02,,STORE_AUDIT,Audit 2026 device/Data store/Audit/VO02.xlsx#VO02!row=12,,MK410221102416,Cash Drawer,1,1
OBS-AC928B712369,SN:MK410221102358,IN_USE,VO02,,STORE_AUDIT,Audit 2026 device/Data store/Audit/VO02.xlsx#VO02!row=13,,MK410221102358,Cash Drawer,1,1
OBS-B8631DDAD3C7,SN:MK410221102392,IN_USE,VO02,,STORE_AUDIT,Audit 2026 device/Data store/Audit/VO02.xlsx#VO02!row=14,,MK410221102392,Cash Drawer,1,1
OBS-9B4D9ED95A17,SN:2TD216NAXV,IN_USE,VO02,,STORE_AUDIT,Audit 2026 device/Data store/Audit/VO02.xlsx#VO02!row=15,,2TD216NAXV,Pole Display,1,1
OBS-4232CD96C728,SN:2TD216NATN,IN_USE,VO02,,STORE_AUDIT,Audit 2026 device/Data store/Audit/VO02.xlsx#VO02!row=16,,2TD216NATN,Pole Display,1,1
OBS-ECD12EA326CC,SN:2TD216NBAX,IN_USE,VO02,,STORE_AUDIT,Audit 2026 device/Data store/Audit/VO02.xlsx#VO02!row=17,,2TD216NBAX,Pole Display,1,1
OBS-4C5669278F5F,SN:22127523428423,IN_USE,VO02,,STORE_AUDIT,Audit 2026 device/Data store/Audit/VO02.xlsx#VO02!row=18,,22127523428423,Scanner,1,1
OBS-AD82A94FB4A5,SN:22127523428227,IN_USE,VO02,,STORE_AUDIT,Audit 2026 device/Data store/Audit/VO02.xlsx#VO02!row=19,,22127523428227,Scanner,1,1
OBS-37B43904CAC5,SN:22127523428422,IN_USE,VO02,,STORE_AUDIT,Audit 2026 device/Data store/Audit/VO02.xlsx#VO02!row=20,,22127523428422,Scanner,1,1
OBS-7C4F33C96D6F,SN:2580022090600005,IN_USE,VO02,,STORE_AUDIT,Audit 2026 device/Data store/Audit/VO02.xlsx#VO02!row=21,,2580022090600005,Bill Printer,1,1
OBS-E848DAEE21B3,SN:2580022120601399,IN_USE,VO02,,STORE_AUDIT,Audit 2026 device/Data store/Audit/VO02.xlsx#VO02!row=22,,2580022120601399,Bill Printer,1,1
OBS-DB5219BBAC6E,SN:2580022120601396,IN_USE,VO02,,STORE_AUDIT,Audit 2026 device/Data store/Audit/VO02.xlsx#VO02!row=23,,2580022120601396,Bill Printer,1,1
OBS-4BC5F48E99EE,SN:NMYA783808,IN_USE,VO02,,STORE_AUDIT,Audit 2026 device/Data store/Audit/VO02.xlsx#VO02!row=24,,NMYA783808,A4 Printer,1,1
OBS-BE3BDAC17F3D,SN:22349523021212,IN_USE,VO02,,STORE_AUDIT,Audit 2026 device/Data store/Audit/VO02.xlsx#VO02!row=25,,22349523021212,PDT,1,1
OBS-58476DB6622D,SN:23058523022779,IN_USE,VO02,,STORE_AUDIT,Audit 2026 device/Data store/Audit/VO02.xlsx#VO02!row=26,,23058523022779,PDT,1,1
OBS-F313CEB362F9,SN:22349523021237,IN_USE,VO02,,STORE_AUDIT,Audit 2026 device/Data store/Audit/VO02.xlsx#VO02!row=27,,22349523021237,PDT,1,1
OBS-C36E9F58C64D,SN:22349523021227,IN_USE,VO02,,STORE_AUDIT,Audit 2026 device/Data store/Audit/VO02.xlsx#VO02!row=28,,22349523021227,PDT,1,1
OBS-80731705C807,SN:23058523022744,IN_USE,VO02,,STORE_AUDIT,Audit 2026 device/Data store/Audit/VO02.xlsx#VO02!row=29,,23058523022744,PDT,1,1
OBS-635CC65B0469,SN:23058523022830,IN_USE,VO02,,STORE_AUDIT,Audit 2026 device/Data store/Audit/VO02.xlsx#VO02!row=30,,23058523022830,PDT,1,1
OBS-E9225581D597,SN:23059523020062,IN_USE,VO02,,STORE_AUDIT,Audit 2026 device/Data store/Audit/VO02.xlsx#VO02!row=31,,23059523020062,PDT,1,1
OBS-C4312E2E7117,SN:23059523020086,IN_USE,VO02,,STORE_AUDIT,Audit 2026 device/Data store/Audit/VO02.xlsx#VO02!row=32,,23059523020086,PDT,1,1
OBS-628E8551F550,SN:22349523021319,IN_USE,VO02,,STORE_AUDIT,Audit 2026 device/Data store/Audit/VO02.xlsx#VO02!row=33,,22349523021319,PDT,1,1
OBS-83884DFF64D7,SN:22349523021217,IN_USE,VO02,,STORE_AUDIT,Audit 2026 device/Data store/Audit/VO02.xlsx#VO02!row=34,,22349523021217,PDT,1,1
OBS-8B1E8D04E8F6,SN:22349523021234,IN_USE,VO02,,STORE_AUDIT,Audit 2026 device/Data store/Audit/VO02.xlsx#VO02!row=35,,22349523021234,PDT,1,1
OBS-A8027BA8E3A1,SN:23058523022788,IN_USE,VO02,,STORE_AUDIT,Audit 2026 device/Data store/Audit/VO02.xlsx#VO02!row=36,,23058523022788,PDT,1,1
OBS-56D596BC8178,SN:23059523020095,IN_USE,VO02,,STORE_AUDIT,Audit 2026 device/Data store/Audit/VO02.xlsx#VO02!row=37,,23059523020095,PDT,1,1
OBS-0168D3279C66,SN:22349523021208,IN_USE,VO02,,STORE_AUDIT,Audit 2026 device/Data store/Audit/VO02.xlsx#VO02!row=38,,22349523021208,PDT,1,1
OBS-066DF3F783AD,SN:23059523020687,IN_USE,VO02,,STORE_AUDIT,Audit 2026 device/Data store/Audit/VO02.xlsx#VO02!row=39,,23059523020687,PDT,1,1
OBS-6631F2CE1554,SN:22349523021205,IN_USE,VO02,,STORE_AUDIT,Audit 2026 device/Data store/Audit/VO02.xlsx#VO02!row=40,,22349523021205,PDT,1,1
OBS-805D7A9EAC5C,SN:23059523020084,IN_USE,VO02,,STORE_AUDIT,Audit 2026 device/Data store/Audit/VO02.xlsx#VO02!row=41,,23059523020084,PDT,1,1
OBS-6C925F1CDF52,SN:2530022102301149,IN_USE,VO02,,STORE_AUDIT,Audit 2026 device/Data store/Audit/VO02.xlsx#VO02!row=42,,2530022102301149,PDT Printer,1,1
OBS-A5ABEB40EE6D,SN:2530022102301145,IN_USE,VO02,,STORE_AUDIT,Audit 2026 device/Data store/Audit/VO02.xlsx#VO02!row=43,,2530022102301145,PDT Printer,1,1
OBS-8F060C5918B7,SN:2530022102301148,IN_USE,VO02,,STORE_AUDIT,Audit 2026 device/Data store/Audit/VO02.xlsx#VO02!row=44,,2530022102301148,PDT Printer,1,1
OBS-A254CF1F5527,SN:2530022102301151,IN_USE,VO02,,STORE_AUDIT,Audit 2026 device/Data store/Audit/VO02.xlsx#VO02!row=45,,2530022102301151,PDT Printer,1,1
OBS-9617740F2DC7,SN:2530022102301147,IN_USE,VO02,,STORE_AUDIT,Audit 2026 device/Data store/Audit/VO02.xlsx#VO02!row=46,,2530022102301147,PDT Printer,1,1
OBS-7B93D9263C8B,SN:2530022102301152,IN_USE,VO02,,STORE_AUDIT,Audit 2026 device/Data store/Audit/VO02.xlsx#VO02!row=47,,2530022102301152,PDT Printer,1,1
OBS-5513E1959261,SN:FGT60FTK23087443,IN_USE,VO02,,STORE_AUDIT,Audit 2026 device/Data store/Audit/VO02.xlsx#VO02!row=48,,FGT60FTK23087443,Firewall,1,1
OBS-28D02A45F56F,SN:AC8BA954563E,IN_USE,VO02,,STORE_AUDIT,Audit 2026 device/Data store/Audit/VO02.xlsx#VO02!row=49,,AC8BA954563E,Access Point,1,1
OBS-8882FC13C98F,SN:AC8BA9543BA7,IN_USE,VO02,,STORE_AUDIT,Audit 2026 device/Data store/Audit/VO02.xlsx#VO02!row=50,,AC8BA9543BA7,Access Point,1,1
OBS-C45E48366ED7,SN:AC8BA9545908,IN_USE,VO02,,STORE_AUDIT,Audit 2026 device/Data store/Audit/VO02.xlsx#VO02!row=51,,AC8BA9545908,Access Point,1,1
OBS-8CCE8D953EB0,SN:AC8BA9548B3C,IN_USE,VO02,,STORE_AUDIT,Audit 2026 device/Data store/Audit/VO02.xlsx#VO02!row=52,,AC8BA9548B3C,Access Point,1,1
OBS-2EEACEEB74D1,SN:AC8BA94CC48C,IN_USE,VO02,,STORE_AUDIT,Audit 2026 device/Data store/Audit/VO02.xlsx#VO02!row=53,,AC8BA94CC48C,Access Point,1,1
OBS-5596CCABDFFB,SN:AC8BA94C76A1,IN_USE,VO02,,STORE_AUDIT,Audit 2026 device/Data store/Audit/VO02.xlsx#VO02!row=54,,AC8BA94C76A1,Access Point,1,1
OBS-D8600FE72307,SN:4CE246CMQ7,IN_USE,VO02,,STORE_AUDIT,Audit 2026 device/Data store/Audit/VO02.xlsx#VO02!row=55,,4CE246CMQ7,Desktop,1,1
OBS-18CE774008ED,SN:AC8BA9A52CEC,IN_USE,VO02,,STORE_AUDIT,Audit 2026 device/Data store/Audit/VO02.xlsx#VO02!row=56,,AC8BA9A52CEC,Switch,1,1
OBS-E09738812F9D,OBS:3F3C39BC13,IN_USE,VO02,,STORE_AUDIT,Audit 2026 device/Data store/Audit/VO02.xlsx#VO02!row=57,,,Keyboard,5,1
OBS-058E03A2F1F3,OBS:1895351029,IN_USE,VO02,,STORE_AUDIT,Audit 2026 device/Data store/Audit/VO02.xlsx#VO02!row=57,,,Keyboard,5,2
OBS-DA6FF30962C2,OBS:FD664D0110,IN_USE,VO02,,STORE_AUDIT,Audit 2026 device/Data store/Audit/VO02.xlsx#VO02!row=57,,,Keyboard,5,3
OBS-608CCFD33EBA,OBS:42D06894CA,IN_USE,VO02,,STORE_AUDIT,Audit 2026 device/Data store/Audit/VO02.xlsx#VO02!row=57,,,Keyboard,5,4
OBS-E664B14A30E1,OBS:93220BB432,IN_USE,VO02,,STORE_AUDIT,Audit 2026 device/Data store/Audit/VO02.xlsx#VO02!row=57,,,Keyboard,5,5
OBS-840CD8AE971A,OBS:FD91A2A480,IN_USE,VO02,,STORE_AUDIT,Audit 2026 device/Data store/Audit/VO02.xlsx#VO02!row=58,,,Mouse,5,1
OBS-BF7F3190F8ED,OBS:1112343E89,IN_USE,VO02,,STORE_AUDIT,Audit 2026 device/Data store/Audit/VO02.xlsx#VO02!row=58,,,Mouse,5,2
OBS-F7A270463F51,OBS:B006FD8CFB,IN_USE,VO02,,STORE_AUDIT,Audit 2026 device/Data store/Audit/VO02.xlsx#VO02!row=58,,,Mouse,5,3
OBS-E2945374E707,OBS:E708BFFC29,IN_USE,VO02,,STORE_AUDIT,Audit 2026 device/Data store/Audit/VO02.xlsx#VO02!row=58,,,Mouse,5,4
OBS-AC97A4A14ED5,OBS:6CC450F327,IN_USE,VO02,,STORE_AUDIT,Audit 2026 device/Data store/Audit/VO02.xlsx#VO02!row=58,,,Mouse,5,5
OBS-DE6DF7B4B197,SN:8CC33807N6,IN_USE,VO04,,STORE_AUDIT,Audit 2026 device/Data store/Audit/VO04.xlsx#VO04 FOOT LOCKER AEON THANH KHE!row=2,,8CC33807N6,Mini Pc,1,1
OBS-23FF5FD728D5,SN:8CC33807NS,IN_USE,VO04,,STORE_AUDIT,Audit 2026 device/Data store/Audit/VO04.xlsx#VO04 FOOT LOCKER AEON THANH KHE!row=3,,8CC33807NS,Mini Pc,1,1
OBS-02F32B865683,SN:58D61F887469,IN_USE,VO04,,STORE_AUDIT,Audit 2026 device/Data store/Audit/VO04.xlsx#VO04 FOOT LOCKER AEON THANH KHE!row=4,,58D61F887469,Switch,1,1
OBS-59BAF4538513,SN:KWC294003EG,IN_USE,VO04,,STORE_AUDIT,Audit 2026 device/Data store/Audit/VO04.xlsx#VO04 FOOT LOCKER AEON THANH KHE!row=5,,KWC294003EG,Switch,1,1
OBS-1B716F6A2CA7,SN:9041B204B634,IN_USE,VO04,,STORE_AUDIT,Audit 2026 device/Data store/Audit/VO04.xlsx#VO04 FOOT LOCKER AEON THANH KHE!row=6,,9041B204B634,Access Point,1,1
OBS-74C6F56CAC18,SN:A89C6CD23F84,IN_USE,VO04,,STORE_AUDIT,Audit 2026 device/Data store/Audit/VO04.xlsx#VO04 FOOT LOCKER AEON THANH KHE!row=7,,A89C6CD23F84,Access Point,1,1
OBS-FC6A67D069F5,SN:9041B204915F,IN_USE,VO04,,STORE_AUDIT,Audit 2026 device/Data store/Audit/VO04.xlsx#VO04 FOOT LOCKER AEON THANH KHE!row=8,,9041B204915F,Access Point,1,1
OBS-5C854B8B4F42,SN:S26023524700851,IN_USE,VO04,,STORE_AUDIT,Audit 2026 device/Data store/Audit/VO04.xlsx#VO04 FOOT LOCKER AEON THANH KHE!row=9,,S26023524700851,PDT,1,1
OBS-6E7F17791365,SN:S26023524701186,IN_USE,VO04,,STORE_AUDIT,Audit 2026 device/Data store/Audit/VO04.xlsx#VO04 FOOT LOCKER AEON THANH KHE!row=10,,S26023524701186,PDT,1,1
OBS-672F6379273B,SN:S26023524701058,IN_USE,VO04,,STORE_AUDIT,Audit 2026 device/Data store/Audit/VO04.xlsx#VO04 FOOT LOCKER AEON THANH KHE!row=11,,S26023524701058,PDT,1,1
OBS-0882958B042E,SN:S26024524700326,IN_USE,VO04,,STORE_AUDIT,Audit 2026 device/Data store/Audit/VO04.xlsx#VO04 FOOT LOCKER AEON THANH KHE!row=12,,S26024524700326,PDT,1,1
OBS-7C5FF60A887C,SN:S26024524700308,IN_USE,VO04,,STORE_AUDIT,Audit 2026 device/Data store/Audit/VO04.xlsx#VO04 FOOT LOCKER AEON THANH KHE!row=13,,S26024524700308,PDT,1,1
OBS-644EFCF63D0D,SN:XXZTN261200011,IN_USE,VO04,,STORE_AUDIT,Audit 2026 device/Data store/Audit/VO04.xlsx#VO04 FOOT LOCKER AEON THANH KHE!row=14,,XXZTN261200011,PDT printer,1,1
OBS-670C4C5602B1,SN:XXZTN261200006,IN_USE,VO04,,STORE_AUDIT,Audit 2026 device/Data store/Audit/VO04.xlsx#VO04 FOOT LOCKER AEON THANH KHE!row=15,,XXZTN261200006,PDT printer,1,1
OBS-1A1AB3542EBB,SN:JVX97G4,IN_USE,VO04,,STORE_AUDIT,Audit 2026 device/Data store/Audit/VO04.xlsx#VO04 FOOT LOCKER AEON THANH KHE!row=16,,JVX97G4,PC Workstation,1,1
OBS-78979A280326,SN:1CR82307CY,IN_USE,VO04,,STORE_AUDIT,Audit 2026 device/Data store/Audit/VO04.xlsx#VO04 FOOT LOCKER AEON THANH KHE!row=17,,1CR82307CY,Monitor,1,1
OBS-2F080B1DFA69,SN:1CR82307D4,IN_USE,VO04,,STORE_AUDIT,Audit 2026 device/Data store/Audit/VO04.xlsx#VO04 FOOT LOCKER AEON THANH KHE!row=18,,1CR82307D4,Monitor,1,1
OBS-9C97B09DC1C2,SN:CN41383K50,IN_USE,VO04,,STORE_AUDIT,Audit 2026 device/Data store/Audit/VO04.xlsx#VO04 FOOT LOCKER AEON THANH KHE!row=19,,CN41383K50,Monitor,1,1
OBS-67E2426453B1,OBS:351C9B094E,IN_USE,VO04,,STORE_AUDIT,Audit 2026 device/Data store/Audit/VO04.xlsx#VO04 FOOT LOCKER AEON THANH KHE!row=20,,,Keyboard,3,1
OBS-8D80D61688DE,OBS:1ECFCF6344,IN_USE,VO04,,STORE_AUDIT,Audit 2026 device/Data store/Audit/VO04.xlsx#VO04 FOOT LOCKER AEON THANH KHE!row=20,,,Keyboard,3,2
OBS-24B3E2F454DC,OBS:A6D95BB1E3,IN_USE,VO04,,STORE_AUDIT,Audit 2026 device/Data store/Audit/VO04.xlsx#VO04 FOOT LOCKER AEON THANH KHE!row=20,,,Keyboard,3,3
OBS-6F1F10473E06,OBS:7D19C7F3CA,IN_USE,VO04,,STORE_AUDIT,Audit 2026 device/Data store/Audit/VO04.xlsx#VO04 FOOT LOCKER AEON THANH KHE!row=21,,,Mouse,3,1
OBS-41299222DA38,OBS:8AB8E6B162,IN_USE,VO04,,STORE_AUDIT,Audit 2026 device/Data store/Audit/VO04.xlsx#VO04 FOOT LOCKER AEON THANH KHE!row=21,,,Mouse,3,2
OBS-D49A2804774C,OBS:4968AA0A23,IN_USE,VO04,,STORE_AUDIT,Audit 2026 device/Data store/Audit/VO04.xlsx#VO04 FOOT LOCKER AEON THANH KHE!row=21,,,Mouse,3,3
OBS-C7902A074382,SN:20201130015,IN_USE,VO04,,STORE_AUDIT,Audit 2026 device/Data store/Audit/VO04.xlsx#VO04 FOOT LOCKER AEON THANH KHE!row=22,,20201130015,Cash Drawer,1,1
OBS-CAD747DD35CE,SN:2020092533,IN_USE,VO04,,STORE_AUDIT,Audit 2026 device/Data store/Audit/VO04.xlsx#VO04 FOOT LOCKER AEON THANH KHE!row=23,,2020092533,Cash Drawer,1,1
OBS-E24FA1422088,SN:D190928010055,IN_USE,VO04,,STORE_AUDIT,Audit 2026 device/Data store/Audit/VO04.xlsx#VO04 FOOT LOCKER AEON THANH KHE!row=24,,D190928010055,Pole Display,1,1
OBS-F2E31A7ECCA7,SN:D190928010054,IN_USE,VO04,,STORE_AUDIT,Audit 2026 device/Data store/Audit/VO04.xlsx#VO04 FOOT LOCKER AEON THANH KHE!row=25,,D190928010054,Pole Display,1,1
OBS-CE53F1C8C6E7,SN:2208523423456,IN_USE,VO04,,STORE_AUDIT,Audit 2026 device/Data store/Audit/VO04.xlsx#VO04 FOOT LOCKER AEON THANH KHE!row=26,,2208523423456,Scanner,1,1
OBS-81BCB6BD18A2,SN:2208523408905,IN_USE,VO04,,STORE_AUDIT,Audit 2026 device/Data store/Audit/VO04.xlsx#VO04 FOOT LOCKER AEON THANH KHE!row=27,,2208523408905,Scanner,1,1
OBS-EAC0134C39CE,SN:2580022120601400,IN_USE,VO04,,STORE_AUDIT,Audit 2026 device/Data store/Audit/VO04.xlsx#VO04 FOOT LOCKER AEON THANH KHE!row=28,,2580022120601400,Bill printer,1,1
OBS-5185FBCE1D7C,SN:X7BA014973,IN_USE,VO04,,STORE_AUDIT,Audit 2026 device/Data store/Audit/VO04.xlsx#VO04 FOOT LOCKER AEON THANH KHE!row=29,,X7BA014973,Bill printer,1,1
OBS-62A815B22436,SN:VNC3K04690,IN_USE,VO04,,STORE_AUDIT,Audit 2026 device/Data store/Audit/VO04.xlsx#VO04 FOOT LOCKER AEON THANH KHE!row=30,,VNC3K04690,A4 Printer,1,1
OBS-C1192C572094,SN:5CG3350NKC,IN_USE,VO04,,STORE_AUDIT,Audit 2026 device/Data store/Audit/VO04.xlsx#VO04 FOOT LOCKER AEON THANH KHE!row=31,,5CG3350NKC,Mpos,1,1
OBS-EE3A9DADDFF4,SN:4951319256007,IN_USE,VO04,,STORE_AUDIT,Audit 2026 device/Data store/Audit/VO04.xlsx#VO04 FOOT LOCKER AEON THANH KHE!row=32,,4951319256007,Printer for Mpos,1,1
OBS-8B8D467D7B4D,SN:FGT60FTK25056910,IN_USE,VO04,,STORE_AUDIT,Audit 2026 device/Data store/Audit/VO04.xlsx#VO04 FOOT LOCKER AEON THANH KHE!row=33,,FGT60FTK25056910,Firewall,1,1
OBS-7595AEE3C630,SN:2210010555452,IN_USE,VO04,,STORE_AUDIT,Audit 2026 device/Data store/Audit/VO04.xlsx#VO04 FOOT LOCKER AEON THANH KHE!row=34,,2210010555452,Scanner,1,1
OBS-A5E0F9E41DD4,SN:FGT60FTK2209EHFB,AVAILABLE,DSV,,WAREHOUSE_DSV,Asset management/Warehouse/Asset_List_DSV.xlsx#Asset List!row=2,,FGT60FTK2209EHFB,Fortigate FG60 (Installation + Configuration),1,1
OBS-CF7146ADB0E6,SN:CNLLK9W0BBCNL3K9W1KPCNNVK9WBTQCNL3K9W1M8CNPBK9W74NCNPBK9W751CNL3K9W1M3,AVAILABLE,DSV,,WAREHOUSE_DSV,Asset management/Warehouse/Asset_List_DSV.xlsx#Asset List!row=3,,CNLLK9W0BBCNL3K9W1KPCNNVK9WBTQCNL3K9W1M8CNPBK9W74NCNPBK9W751CNL3K9W1M3,Access Point with POE Injector,7,1
OBS-D2BF2F675024,OBS:FCF276C810,AVAILABLE,DSV,,WAREHOUSE_DSV,Asset management/Warehouse/Asset_List_DSV.xlsx#Asset List!row=3,,,Access Point with POE Injector,7,2
OBS-33106282E4E2,OBS:27F5136C17,AVAILABLE,DSV,,WAREHOUSE_DSV,Asset management/Warehouse/Asset_List_DSV.xlsx#Asset List!row=3,,,Access Point with POE Injector,7,3
OBS-C2B21AD649F1,OBS:6EDFAB51BE,AVAILABLE,DSV,,WAREHOUSE_DSV,Asset management/Warehouse/Asset_List_DSV.xlsx#Asset List!row=3,,,Access Point with POE Injector,7,4
OBS-8CC58C2FB3DF,OBS:E306C4586C,AVAILABLE,DSV,,WAREHOUSE_DSV,Asset management/Warehouse/Asset_List_DSV.xlsx#Asset List!row=3,,,Access Point with POE Injector,7,5
OBS-FC8FB3FEECFD,OBS:0DA3CBF713,AVAILABLE,DSV,,WAREHOUSE_DSV,Asset management/Warehouse/Asset_List_DSV.xlsx#Asset List!row=3,,,Access Point with POE Injector,7,6
OBS-8C430793463B,OBS:5EC44AC114,AVAILABLE,DSV,,WAREHOUSE_DSV,Asset management/Warehouse/Asset_List_DSV.xlsx#Asset List!row=3,,,Access Point with POE Injector,7,7
OBS-69F594016D1E,AID:22VN00000047,AVAILABLE,DSV,,WAREHOUSE_DSV,Asset management/Warehouse/Asset_List_DSV.xlsx#Asset List!row=4,,DFHLRQ3,"Laptop (corporate model: Lenovo Thinkpad, HP Elitebook, Dell Latitude). With Ethernet Port.",1,1
OBS-10A1BDAA5ACC,SN:4CE234DC5T4CE234DC774CE234DC944CE234DC924CE234DC694CE234DC6P4CE234DC9C4CE234DC8C,AVAILABLE,DSV,,WAREHOUSE_DSV,Asset management/Warehouse/Asset_List_DSV.xlsx#Asset List!row=5,,4CE234DC5T4CE234DC774CE234DC944CE234DC924CE234DC694CE234DC6P4CE234DC9C4CE234DC8C,"PC (corporate model: Lenovo, HP Elitedesk, Dell). MiniPC form factor will be better",8,1
OBS-2C5323CDAECA,OBS:3995FE769E,AVAILABLE,DSV,,WAREHOUSE_DSV,Asset management/Warehouse/Asset_List_DSV.xlsx#Asset List!row=5,,,"PC (corporate model: Lenovo, HP Elitedesk, Dell). MiniPC form factor will be better",8,2
OBS-A62DB172BAD9,OBS:2B36B76FD1,AVAILABLE,DSV,,WAREHOUSE_DSV,Asset management/Warehouse/Asset_List_DSV.xlsx#Asset List!row=5,,,"PC (corporate model: Lenovo, HP Elitedesk, Dell). MiniPC form factor will be better",8,3
OBS-1667086392E8,OBS:38133FDD65,AVAILABLE,DSV,,WAREHOUSE_DSV,Asset management/Warehouse/Asset_List_DSV.xlsx#Asset List!row=5,,,"PC (corporate model: Lenovo, HP Elitedesk, Dell). MiniPC form factor will be better",8,4
OBS-48504C60D6AC,OBS:3D606D051A,AVAILABLE,DSV,,WAREHOUSE_DSV,Asset management/Warehouse/Asset_List_DSV.xlsx#Asset List!row=5,,,"PC (corporate model: Lenovo, HP Elitedesk, Dell). MiniPC form factor will be better",8,5
OBS-5A2F17A26F8C,OBS:B9EA6AFAF4,AVAILABLE,DSV,,WAREHOUSE_DSV,Asset management/Warehouse/Asset_List_DSV.xlsx#Asset List!row=5,,,"PC (corporate model: Lenovo, HP Elitedesk, Dell). MiniPC form factor will be better",8,6
OBS-8AD01AD11433,OBS:BFE5E926EB,AVAILABLE,DSV,,WAREHOUSE_DSV,Asset management/Warehouse/Asset_List_DSV.xlsx#Asset List!row=5,,,"PC (corporate model: Lenovo, HP Elitedesk, Dell). MiniPC form factor will be better",8,7
OBS-4588354EFD7B,OBS:FB322FE9E4,AVAILABLE,DSV,,WAREHOUSE_DSV,Asset management/Warehouse/Asset_List_DSV.xlsx#Asset List!row=5,,,"PC (corporate model: Lenovo, HP Elitedesk, Dell). MiniPC form factor will be better",8,8
OBS-B374989EACF3,SN:CN41383K50CN41484H9KCN41484HC3CN41484H9JCN41484HQYCN41484H9CCN41383K3JCN41484HV1,AVAILABLE,DSV,,WAREHOUSE_DSV,Asset management/Warehouse/Asset_List_DSV.xlsx#Asset List!row=6,,CN41383K50CN41484H9KCN41484HC3CN41484H9JCN41484HQYCN41484H9CCN41383K3JCN41484HV1,LCD: HP,8,1
OBS-B628C37708BA,OBS:6256A2E349,AVAILABLE,DSV,,WAREHOUSE_DSV,Asset management/Warehouse/Asset_List_DSV.xlsx#Asset List!row=6,,,LCD: HP,8,2
OBS-6CB91ADCE51B,OBS:461AF337DA,AVAILABLE,DSV,,WAREHOUSE_DSV,Asset management/Warehouse/Asset_List_DSV.xlsx#Asset List!row=6,,,LCD: HP,8,3
OBS-2113A6CFF058,OBS:C92C5E89DC,AVAILABLE,DSV,,WAREHOUSE_DSV,Asset management/Warehouse/Asset_List_DSV.xlsx#Asset List!row=6,,,LCD: HP,8,4
OBS-C505C1422BFB,OBS:DAC76265FB,AVAILABLE,DSV,,WAREHOUSE_DSV,Asset management/Warehouse/Asset_List_DSV.xlsx#Asset List!row=6,,,LCD: HP,8,5
OBS-5D8940339A49,OBS:17B71FB54A,AVAILABLE,DSV,,WAREHOUSE_DSV,Asset management/Warehouse/Asset_List_DSV.xlsx#Asset List!row=6,,,LCD: HP,8,6
OBS-73781A42FF9D,OBS:46C26A239D,AVAILABLE,DSV,,WAREHOUSE_DSV,Asset management/Warehouse/Asset_List_DSV.xlsx#Asset List!row=6,,,LCD: HP,8,7
OBS-6174FD16E7BB,OBS:8C08FDA900,AVAILABLE,DSV,,WAREHOUSE_DSV,Asset management/Warehouse/Asset_List_DSV.xlsx#Asset List!row=6,,,LCD: HP,8,8
OBS-4EAE2BFEA0B5,SN:GF105031GF105047,AVAILABLE,DSV,,WAREHOUSE_DSV,Asset management/Warehouse/Asset_List_DSV.xlsx#Asset List!row=7,,GF105031GF105047,Label / Barcode Printer,2,1
OBS-E867BBB50766,OBS:200DC5AC1F,AVAILABLE,DSV,,WAREHOUSE_DSV,Asset management/Warehouse/Asset_List_DSV.xlsx#Asset List!row=7,,,Label / Barcode Printer,2,2
OBS-6213D5ED4331,SN:I1622F0005I1622F0004I1622F0002,AVAILABLE,DSV,,WAREHOUSE_DSV,Asset management/Warehouse/Asset_List_DSV.xlsx#Asset List!row=8,,I1622F0005I1622F0004I1622F0002,Label Printer (for Ecommerce),3,1
OBS-26670AC83B76,OBS:F4F9246F4D,AVAILABLE,DSV,,WAREHOUSE_DSV,Asset management/Warehouse/Asset_List_DSV.xlsx#Asset List!row=8,,,Label Printer (for Ecommerce),3,2
OBS-DF5C777572F5,OBS:C0E944DD3C,AVAILABLE,DSV,,WAREHOUSE_DSV,Asset management/Warehouse/Asset_List_DSV.xlsx#Asset List!row=8,,,Label Printer (for Ecommerce),3,3
OBS-1AA5D572A19E,SN:2TJ08251,AVAILABLE,DSV,,WAREHOUSE_DSV,Asset management/Warehouse/Asset_List_DSV.xlsx#Asset List!row=9,,2TJ08251,Laser Printer,1,1
OBS-F8A04A2F213A,SN:S22182523022953S22182523023415S22182523023275S22182523023442,AVAILABLE,DSV,,WAREHOUSE_DSV,Asset management/Warehouse/Asset_List_DSV.xlsx#Asset List!row=10,,S22182523022953S22182523023415S22182523023275S22182523023442,RF Gun,4,1
OBS-03BB01603959,OBS:B016A9FC4D,AVAILABLE,DSV,,WAREHOUSE_DSV,Asset management/Warehouse/Asset_List_DSV.xlsx#Asset List!row=10,,,RF Gun,4,2
OBS-1F7E665259F1,OBS:4120E07CED,AVAILABLE,DSV,,WAREHOUSE_DSV,Asset management/Warehouse/Asset_List_DSV.xlsx#Asset List!row=10,,,RF Gun,4,3
OBS-44DA42F93015,OBS:AA8B416CAB,AVAILABLE,DSV,,WAREHOUSE_DSV,Asset management/Warehouse/Asset_List_DSV.xlsx#Asset List!row=10,,,RF Gun,4,4
OBS-C0C76A7772E5,SN:S23010520100822S23010520100706,AVAILABLE,DSV,,WAREHOUSE_DSV,Asset management/Warehouse/Asset_List_DSV.xlsx#Asset List!row=11,,S23010520100822S23010520100706,RF Gun Battery Cradle,2,1
OBS-3A1F83F2ABEA,OBS:A87F573933,AVAILABLE,DSV,,WAREHOUSE_DSV,Asset management/Warehouse/Asset_List_DSV.xlsx#Asset List!row=11,,,RF Gun Battery Cradle,2,2
OBS-F96AFF59BF42,OBS:E14C4C45B4,AVAILABLE,DSV,,WAREHOUSE_DSV,Asset management/Warehouse/Asset_List_DSV.xlsx#Asset List!row=12,,,Spare battery,4,1
OBS-0ABE1BDEBC9C,OBS:96822EA1A0,AVAILABLE,DSV,,WAREHOUSE_DSV,Asset management/Warehouse/Asset_List_DSV.xlsx#Asset List!row=12,,,Spare battery,4,2
OBS-A81BA4E6717E,OBS:4DA5B1AC60,AVAILABLE,DSV,,WAREHOUSE_DSV,Asset management/Warehouse/Asset_List_DSV.xlsx#Asset List!row=12,,,Spare battery,4,3
OBS-74E8C9512D9E,OBS:F28C530FA0,AVAILABLE,DSV,,WAREHOUSE_DSV,Asset management/Warehouse/Asset_List_DSV.xlsx#Asset List!row=12,,,Spare battery,4,4
OBS-E4D1391380CD,SN:22100105525672210010552677221001055267622100105554522210010552668,AVAILABLE,DSV,,WAREHOUSE_DSV,Asset management/Warehouse/Asset_List_DSV.xlsx#Asset List!row=13,,22100105525672210010552677221001055267622100105554522210010552668,2D Barcode Scanner,5,1
OBS-7E3E0124E66A,OBS:6ECB2B5B5D,AVAILABLE,DSV,,WAREHOUSE_DSV,Asset management/Warehouse/Asset_List_DSV.xlsx#Asset List!row=13,,,2D Barcode Scanner,5,2
OBS-9CBDDB2F0E15,OBS:2FC59CEFDD,AVAILABLE,DSV,,WAREHOUSE_DSV,Asset management/Warehouse/Asset_List_DSV.xlsx#Asset List!row=13,,,2D Barcode Scanner,5,3
OBS-1BE898D6D1A8,OBS:7783B16C5C,AVAILABLE,DSV,,WAREHOUSE_DSV,Asset management/Warehouse/Asset_List_DSV.xlsx#Asset List!row=13,,,2D Barcode Scanner,5,4
OBS-D6B771282E4F,OBS:C9EA7EAA91,AVAILABLE,DSV,,WAREHOUSE_DSV,Asset management/Warehouse/Asset_List_DSV.xlsx#Asset List!row=13,,,2D Barcode Scanner,5,5
OBS-402B6D400AF3,SN:220852340002122085234089052208523423456,AVAILABLE,DSV,,WAREHOUSE_DSV,Asset management/Warehouse/Asset_List_DSV.xlsx#Asset List!row=14,,220852340002122085234089052208523423456,2D Barcode Scanner,3,1
OBS-1DA1AE8A9952,OBS:A27DA2353E,AVAILABLE,DSV,,WAREHOUSE_DSV,Asset management/Warehouse/Asset_List_DSV.xlsx#Asset List!row=14,,,2D Barcode Scanner,3,2
OBS-0C40FF5EF97F,OBS:BE015EE009,AVAILABLE,DSV,,WAREHOUSE_DSV,Asset management/Warehouse/Asset_List_DSV.xlsx#Asset List!row=14,,,2D Barcode Scanner,3,3
OBS-88C54FDC0AEB,SN:221365234141152213652342806522136523437622,AVAILABLE,DSV,,WAREHOUSE_DSV,Asset management/Warehouse/Asset_List_DSV.xlsx#Asset List!row=15,,221365234141152213652342806522136523437622,DS2278 Wireless dock,3,1
OBS-B26BA6B6196E,OBS:5AD306D101,AVAILABLE,DSV,,WAREHOUSE_DSV,Asset management/Warehouse/Asset_List_DSV.xlsx#Asset List!row=15,,,DS2278 Wireless dock,3,2
OBS-53F35E4DFD3E,OBS:BD3C00AFF7,AVAILABLE,DSV,,WAREHOUSE_DSV,Asset management/Warehouse/Asset_List_DSV.xlsx#Asset List!row=15,,,DS2278 Wireless dock,3,3
OBS-A1690C3F5162,SN:R9WRB0CV98FR9WRB0CWHR,AVAILABLE,DSV,,WAREHOUSE_DSV,Asset management/Warehouse/Asset_List_DSV.xlsx#Asset List!row=16,,R9WRB0CV98FR9WRB0CWHR,Tablet android 8inch with SIM Card (for Ecommerce),2,1
OBS-8E08000C47F3,OBS:9277A7715A,AVAILABLE,DSV,,WAREHOUSE_DSV,Asset management/Warehouse/Asset_List_DSV.xlsx#Asset List!row=16,,,Tablet android 8inch with SIM Card (for Ecommerce),2,2
OBS-B1CEB6A32F30,SN:CN24HL20CLCN25HL21HV,AVAILABLE,DSV,,WAREHOUSE_DSV,Asset management/Warehouse/Asset_List_DSV.xlsx#Asset List!row=17,,CN24HL20CLCN25HL21HV,Switch 24 port Layer 2 (Non POE - Access point need to have power injector),2,1
OBS-EBD9CF36E10F,OBS:B7656D79AA,AVAILABLE,DSV,,WAREHOUSE_DSV,Asset management/Warehouse/Asset_List_DSV.xlsx#Asset List!row=17,,,Switch 24 port Layer 2 (Non POE - Access point need to have power injector),2,2
OBS-57887F76D7F6,SN:AS2207171934,AVAILABLE,DSV,,WAREHOUSE_DSV,Asset management/Warehouse/Asset_List_DSV.xlsx#Asset List!row=18,,AS2207171934,UPS 1-3KVA for Network Rack,1,1
OBS-FB34133688F3,SN:AS2222242356,AVAILABLE,DSV,,WAREHOUSE_DSV,Asset management/Warehouse/Asset_List_DSV.xlsx#Asset List!row=19,,AS2222242356,UPS for Rack,1,1
OBS-1C6BA34DCC5A,SN:MY68D3Z500MY68D3Z51G,AVAILABLE,DSV,,WAREHOUSE_DSV,Asset management/Warehouse/Asset_List_DSV.xlsx#Asset List!row=20,,MY68D3Z500MY68D3Z51G,SFP,2,1
OBS-8DDFE29B2548,OBS:F3DA333FFC,AVAILABLE,DSV,,WAREHOUSE_DSV,Asset management/Warehouse/Asset_List_DSV.xlsx#Asset List!row=20,,,SFP,2,2
OBS-999E6DDDF103,AID:22VN00000108,AVAILABLE,GEODIS,,WAREHOUSE_GEODIS,Asset management/Warehouse/Geodis device.xlsx#Sheet1!row=2,22VN00000108,3XMPPB4,Latitude 3450,1,1
OBS-4A06B9327A03,AID:22VN00000109,AVAILABLE,GEODIS,,WAREHOUSE_GEODIS,Asset management/Warehouse/Geodis device.xlsx#Sheet1!row=3,22VN00000109,JTGSPB4,Latitude 3450,1,1
OBS-F50D182D473F,AID:22VN00000110,AVAILABLE,GEODIS,,WAREHOUSE_GEODIS,Asset management/Warehouse/Geodis device.xlsx#Sheet1!row=4,22VN00000110,9PKSPB4,Latitude 3450,1,1
OBS-C591A30D4DDA,AID:22VN00000111,AVAILABLE,GEODIS,,WAREHOUSE_GEODIS,Asset management/Warehouse/Geodis device.xlsx#Sheet1!row=5,22VN00000111,4CE425CCX1,HP Pro Tower 400 G9 PCI Desktop PC,1,1
OBS-9160C8D03D74,AID:22VN00000112,AVAILABLE,GEODIS,,WAREHOUSE_GEODIS,Asset management/Warehouse/Geodis device.xlsx#Sheet1!row=6,22VN00000112,4CE425CCX8,HP Pro Tower 400 G9 PCI Desktop PC,1,1
OBS-27A14FAAC698,AID:22VN00000113,AVAILABLE,GEODIS,,WAREHOUSE_GEODIS,Asset management/Warehouse/Geodis device.xlsx#Sheet1!row=7,22VN00000113,4CE425CKN0,HP Pro Tower 400 G9 PCI Desktop PC,1,1
OBS-D392CF08E9D2,AID:22VN00000114,AVAILABLE,GEODIS,,WAREHOUSE_GEODIS,Asset management/Warehouse/Geodis device.xlsx#Sheet1!row=8,22VN00000114,4CE425CKP2,HP Pro Tower 400 G9 PCI Desktop PC,1,1
OBS-D2D84059F11B,SN:3CQ41608RT,AVAILABLE,GEODIS,,WAREHOUSE_GEODIS,Asset management/Warehouse/Geodis device.xlsx#Sheet1!row=9,,3CQ41608RT,HP P204V,1,1
OBS-5BF373A139FF,SN:3CQ41805TJ,AVAILABLE,GEODIS,,WAREHOUSE_GEODIS,Asset management/Warehouse/Geodis device.xlsx#Sheet1!row=10,,3CQ41805TJ,HP P204V,1,1
OBS-3CD98766CD8E,SN:3CQ41608TQ,AVAILABLE,GEODIS,,WAREHOUSE_GEODIS,Asset management/Warehouse/Geodis device.xlsx#Sheet1!row=11,,3CQ41608TQ,HP P204V,1,1
OBS-1F231744669D,SN:3CQ41608SZ,AVAILABLE,GEODIS,,WAREHOUSE_GEODIS,Asset management/Warehouse/Geodis device.xlsx#Sheet1!row=12,,3CQ41608SZ,HP P204V,1,1
OBS-D4EE0DB425E5,SN:356160462079437,AVAILABLE,GEODIS,,WAREHOUSE_GEODIS,Asset management/Warehouse/Geodis device.xlsx#Sheet1!row=13,,356160462079437,Samsung Galaxy Tab S10 FE,1,1
OBS-847646C9F476,SN:356160462031834,AVAILABLE,GEODIS,,WAREHOUSE_GEODIS,Asset management/Warehouse/Geodis device.xlsx#Sheet1!row=14,,356160462031834,Samsung Galaxy Tab S10 FE,1,1
OBS-D7844ADBB25C,SN:I1624C0018,AVAILABLE,GEODIS,,WAREHOUSE_GEODIS,Asset management/Warehouse/Geodis device.xlsx#Sheet1!row=15,,I1624C0018,Postek printer,1,1
OBS-310BAE824B7E,SN:I1621C0029,AVAILABLE,GEODIS,,WAREHOUSE_GEODIS,Asset management/Warehouse/Geodis device.xlsx#Sheet1!row=16,,I1621C0029,Postek printer,1,1
OBS-1793D55E554D,SN:VNL6K9W44LCNJ6K9W4T4VNK9K9W0L3VNL5K9W046CNJ6K9W4RYVNKTK9W0ZG,AVAILABLE,GEODIS,,WAREHOUSE_GEODIS,Asset management/Warehouse/Geodis device.xlsx#Sheet1!row=17,,VNL6K9W44LCNJ6K9W4T4VNK9K9W0L3VNL5K9W046CNJ6K9W4RYVNKTK9W0ZG,HPE Aruba Networking AP-535 (RW),1,1
OBS-6D8F93B3B51D,SN:CN31KND6NVCN31KND6ZT,AVAILABLE,GEODIS,,WAREHOUSE_GEODIS,Asset management/Warehouse/Geodis device.xlsx#Sheet1!row=18,,CN31KND6NVCN31KND6ZT,Aruba 6100 48G CL4,1,1
OBS-8AD04358F662,SN:F2140055315F2140055314,AVAILABLE,GEODIS,,WAREHOUSE_GEODIS,Asset management/Warehouse/Geodis device.xlsx#Sheet1!row=19,,F2140055315F2140055314,HPE Aruba Compatible,1,1
OBS-4D4E86599F15,SN:FGT60FTK24032195,AVAILABLE,GEODIS,,WAREHOUSE_GEODIS,Asset management/Warehouse/Geodis device.xlsx#Sheet1!row=20,,FGT60FTK24032195,FortiGate-60F Firewall,1,1
OBS-22C7332F963A,SN:E81752C4N220073,AVAILABLE,GEODIS,,WAREHOUSE_GEODIS,Asset management/Warehouse/Geodis device.xlsx#Sheet1!row=21,,E81752C4N220073,Máy in Brother MFC-L5710DN,1,1
OBS-75C888C3C62E,SN:S25151523700803S25142523704262S25151523700819S25142523704260S25151523700859S25142523704190S25151523700789S25142523704258,AVAILABLE,GEODIS,,WAREHOUSE_GEODIS,Asset management/Warehouse/Geodis device.xlsx#Sheet1!row=22,,S25151523700803S25142523704262S25151523700819S25142523704260S25151523700859S25142523704190S25151523700789S25142523704258,Zebra Scanner DS2278,1,1
OBS-F226114E30C2,SN:S25199524701778S25199524701876PWR-WUA5V12W0US250755684PWR-WUA5V12W0US250755628,AVAILABLE,GEODIS,,WAREHOUSE_GEODIS,Asset management/Warehouse/Geodis device.xlsx#Sheet1!row=23,,S25199524701778S25199524701876PWR-WUA5V12W0US250755684PWR-WUA5V12W0US250755628,Zebra Mobile Computer TC22,1,1
OBS-3399F459D722,SN:S22182523023442S22182523023275,AVAILABLE,GEODIS,,WAREHOUSE_GEODIS,Asset management/Warehouse/Geodis device.xlsx#Sheet1!row=24,,S22182523023442S22182523023275,Zebra TC26BK,1,1
OBS-08D5DB242BE4,SN:S23010520100706,AVAILABLE,GEODIS,,WAREHOUSE_GEODIS,Asset management/Warehouse/Geodis device.xlsx#Sheet1!row=25,,S23010520100706,Zebra-Dock PDT,1,1
OBS-1B6802CDA209,AID:MINIPC-VC01,AVAILABLE,IT_STOCK,,MINIPC_STATUS,Asset management/Transititons/IT tool.xlsx#Mini PC status!row=2,MINIPC-VC01,8CG8105MSQ,ProDesk 400 G3 Mini,1,1
OBS-E51440302470,AID:MINIPC-VC03-ADMIN,AVAILABLE,IT_STOCK,,MINIPC_STATUS,Asset management/Transititons/IT tool.xlsx#Mini PC status!row=3,MINIPC-VC03-ADMIN,8CG75206VW,ProDesk 400 G3 Mini,1,1
OBS-EC452D1A4577,AID:MINIPC-P001-ADMIN,AVAILABLE,IT_STOCK,,MINIPC_STATUS,Asset management/Transititons/IT tool.xlsx#Mini PC status!row=4,MINIPC-P001-ADMIN,8CGG75234QP,ProDesk 400 G3 Mini,1,1
OBS-B0BF8EB375B6,AID:MINIPC-P002-ADMIN,AVAILABLE,IT_STOCK,,MINIPC_STATUS,Asset management/Transititons/IT tool.xlsx#Mini PC status!row=5,MINIPC-P002-ADMIN,8CG8105N1T,ProDesk 400 G3 Mini,1,1
OBS-2947B5AE4AA2,AID:MINIPC-VF02-ADMIN,AVAILABLE,IT_STOCK,,MINIPC_STATUS,Asset management/Transititons/IT tool.xlsx#Mini PC status!row=6,MINIPC-VF02-ADMIN,8CG8052W2H,ProDesk 400 G3 Mini,1,1
OBS-B146883F20E2,AID:MINIPC-VN20-ADMIN,AVAILABLE,IT_STOCK,,MINIPC_STATUS,Asset management/Transititons/IT tool.xlsx#Mini PC status!row=7,MINIPC-VN20-ADMIN,,Optiplex 3090,1,1
OBS-504EA8295692,AID:MINIPC-VN17,AVAILABLE,IT_STOCK,,MINIPC_STATUS,Asset management/Transititons/IT tool.xlsx#Mini PC status!row=8,MINIPC-VN17,,Mini PC,1,1
OBS-46EF7E1BBC64,AID:MINIPC-BAZZAR,AVAILABLE,IT_STOCK,,MINIPC_STATUS,Asset management/Transititons/IT tool.xlsx#Mini PC status!row=9,MINIPC-BAZZAR,,Mini PC,1,1
OBS-F13D83F89F6B,AID:MINIPC-BAZZAR,AVAILABLE,IT_STOCK,,MINIPC_STATUS,Asset management/Transititons/IT tool.xlsx#Mini PC status!row=10,MINIPC-BAZZAR,,Mini PC,1,1
OBS-555DD4F9F9FB,SN:4R4JGL3,UNDER_MAINTENANCE,HCM,,BROKEN_ASSET,Data clear/05_Broken_and_Transfers_Cleaned.xlsx#Office_Broken!row=3,,4R4JGL3,Laptop Dell Latitude 3520,1,1
OBS-7A7E30B937C5,AID:22VN00110026,UNDER_MAINTENANCE,HCM,,BROKEN_ASSET,Data clear/05_Broken_and_Transfers_Cleaned.xlsx#Office_Broken!row=4,22VN00110026,H4K0BG3,Laptop Dell Latitude 3520,1,1
OBS-346545E66AD7,AID:22VN00110011,UNDER_MAINTENANCE,HCM,,BROKEN_ASSET,Data clear/05_Broken_and_Transfers_Cleaned.xlsx#Office_Broken!row=6,22VN00110011,HRBPK73,Laptop Dell Inspiron 3505,1,1
OBS-45EAC26EEE43,AID:22VN00110024,UNDER_MAINTENANCE,HCM,,BROKEN_ASSET,Data clear/05_Broken_and_Transfers_Cleaned.xlsx#Office_Broken!row=7,22VN00110024,GNWPK73,Laptop Dell Inspiron 3505,1,1
OBS-C45F46131837,SN:5CG7325LVQ,UNDER_MAINTENANCE,HCM,,BROKEN_ASSET,Data clear/05_Broken_and_Transfers_Cleaned.xlsx#Office_Broken!row=12,,5CG7325LVQ,HP Elitebook 840 G4,1,1
OBS-A20466350862,SN:PC-OVT5R6,UNDER_MAINTENANCE,HCM,,BROKEN_ASSET,Data clear/05_Broken_and_Transfers_Cleaned.xlsx#Office_Broken!row=13,,PC-OVT5R6,Lenovo ThinkPad,1,1
OBS-A0D6B227639A,SN:FXVJB62,UNDER_MAINTENANCE,HCM,,BROKEN_ASSET,Data clear/05_Broken_and_Transfers_Cleaned.xlsx#Office_Broken!row=14,,FXVJB62,Dell Vostro 14-5480,1,1
OBS-4B4986BFC379,SN:CND218PWRZ,UNDER_MAINTENANCE,HCM,,BROKEN_ASSET,Data clear/05_Broken_and_Transfers_Cleaned.xlsx#Office_Broken!row=15,,CND218PWRZ,HP Paviloin,1,1
OBS-1E4899291CD2,OBS:5EAEF14361,UNDER_MAINTENANCE,HCM,,BROKEN_ASSET,Data clear/05_Broken_and_Transfers_Cleaned.xlsx#Office_Broken!row=16,,,HP ProBook G2,1,1
OBS-9C54464C79B8,SN:TCEY002724,AVAILABLE,HCM,,TRANSFER_ASSET,Data clear/05_Broken_and_Transfers_Cleaned.xlsx#Transfer_Map_Fashion!row=6,,TCEY002724,Epson TM-82II,1,1
OBS-8A39586FAC7D,SN:TCEY004688,AVAILABLE,HCM,,TRANSFER_ASSET,Data clear/05_Broken_and_Transfers_Cleaned.xlsx#Transfer_Map_Fashion!row=7,,TCEY004688,Epson TM-82II,1,1
OBS-0B75FBD177FB,SN:TCCY014794,AVAILABLE,HCM,,TRANSFER_ASSET,Data clear/05_Broken_and_Transfers_Cleaned.xlsx#Transfer_Map_Fashion!row=8,,TCCY014794,Epson TM-82II,1,1
OBS-1C1A8203D36E,SN:G17NE9935,AVAILABLE,HCM,,TRANSFER_ASSET,Data clear/05_Broken_and_Transfers_Cleaned.xlsx#Transfer_Map_Fashion!row=9,,G17NE9935,Datalogic QW2100,1,1
OBS-66B3A99E88A3,SN:G21M82827,AVAILABLE,HCM,,TRANSFER_ASSET,Data clear/05_Broken_and_Transfers_Cleaned.xlsx#Transfer_Map_Fashion!row=10,,G21M82827,Datalogic QW2100,1,1
OBS-F7242AF29719,SN:G21NE8123,AVAILABLE,HCM,,TRANSFER_ASSET,Data clear/05_Broken_and_Transfers_Cleaned.xlsx#Transfer_Map_Fashion!row=11,,G21NE8123,Datalogic QW2100,1,1
