asset_key,asset_code,asset_id,serial_number,name,category_code,model_code,location_code,intended_location_code,department_code,employee_id,status,raw_qty,unit_index,notes,source_kind,source_refs,needs_review,source_store_code
AID:22VN00000001,22VN00000001,22VN00000001,DVV62J3,Laptop HP Latitude 7420,LAP,M-314ACABD20,HCM,,SCMDMMA0,23019420,IN_USE,1,1,Hostname: AMMAVNAMC000001; CPU: 1700 MHz 11th Gen Intel Core i7-1165G7 @ 2.80GHz; RAM: 16; Disk: 512,OFFICE_ASSET,Asset management/Office/Office assets.xlsx#Sheet1!row=2 | Audit 2026 device/Office assets.xlsx#Asset!row=2,false,
AID:22VN00000002,22VN00000002,22VN00000002,124N1J3,Laptop Dell Latitude 7420,LAP,M-3CC4BECE8A,HCM,,SCECMMA0,25018683,IN_USE,1,1,Hostname: AMMAVNACC000002; CPU: 1700 MHz 11th Gen Intel Core i7-1165G7 @ 2.80GHz; RAM: 16; Disk: 512,OFFICE_ASSET,Asset management/Office/Office assets.xlsx#Sheet1!row=3 | Audit 2026 device/Office assets.xlsx#Asset!row=3,false,
AID:22VN00000003,22VN00000003,22VN00000003,1Z8DZH3,Laptop Dell Latitude 5420,LAP,M-485AB63FDB,HCM,,SCLOMMA0,23019401,IN_USE,1,1,Hostname: AMMAVNACC000003; CPU: 1400 MHz 11th Gen Intel Core i5-1135G7 @ 2.40GHz; RAM: 16; Disk: 512,OFFICE_ASSET,Asset management/Office/Office assets.xlsx#Sheet1!row=4 | Audit 2026 device/Office assets.xlsx#Asset!row=4,false,
AID:22VN00000004,22VN00000004,22VN00000004,42X2SQ3,Laptop Dell Latitude 5430,LAP,M-C77A43B17B,HCM,,SCMKMMA0,23019404,IN_USE,1,1,Hostname: AMMAVNACC000004; CPU: 2500 MHz 12th Gen Intel Core i5-1235U; RAM: 8; Disk: 512,OFFICE_ASSET,Asset management/Office/Office assets.xlsx#Sheet1!row=5 | Audit 2026 device/Office assets.xlsx#Asset!row=5,false,
AID:22VN00000005,22VN00000005,22VN00000005,8P9VKG3,Laptop Dell Latitude 3520,LAP,M-EC8F0C4F53,HCM,,,,AVAILABLE,1,1,Hostname: AMMAVNACC000005; CPU: 2200 MHz 11th Gen Intel Core i3-1115G4 @ 3.00GHz; RAM: 8; Disk: 512,OFFICE_ASSET,Asset management/Office/Office assets.xlsx#Sheet1!row=6,false,
AID:22VN00000006,22VN00000006,22VN00000006,5R4JGL3,Laptop Dell Latitude 3520,LAP,M-EC8F0C4F53,HCM,,SCMKMMA0,,IN_USE,1,1,Hostname: AMMAVNACC000006; CPU: 1400 MHz 11th Gen Intel Core i5-1135G7 @ 2.40GHz; RAM: 8; Disk: 256 | Unresolved holder name: Le Hong Bao Chau | Unresolved holder name: Le Hong Bao Chau,OFFICE_ASSET,Asset management/Office/Office assets.xlsx#Sheet1!row=7 | Audit 2026 device/Office assets.xlsx#Asset!row=101,true,
AID:22VN00000007,22VN00000007,22VN00000007,65G48S3,Laptop Dell Latitude 3420,LAP,M-AB5CBB65FB,HCM,,SCACMMA0,,IN_USE,1,1,Hostname: AMMAVNACCC000007; CPU: 1400 MHz 11th Gen Intel Core i5-1135G7 @ 2.40GHz; RAM: 16; Disk: 512 | Unresolved holder name: Vu Anh Thu | Unresolved holder name: Vu Anh Thu,OFFICE_ASSET,Asset management/Office/Office assets.xlsx#Sheet1!row=8 | Audit 2026 device/Office assets.xlsx#Asset!row=6,true,
AID:22VN00000008,22VN00000008,22VN00000008,2P8VKG3,Laptop Dell Latitude 3520,LAP,M-EC8F0C4F53,HCM,,,,UNDER_MAINTENANCE,1,1,"Hostname: AMMAVNACC000008; CPU: 1400 MHz 11th Gen Intel Core i3-1135G7 @ 2.40GHz; RAM: 8; Disk: 512 | Hư phím, ko có ram",OFFICE_ASSET,Asset management/Office/Office assets.xlsx#Sheet1!row=9 | Audit 2026 device/Office assets.xlsx#Asset!row=7,false,
AID:22VN00000009,22VN00000009,22VN00000009,1583SQ3,Laptop Dell Latitude 5430,LAP,M-C77A43B17B,HCM,,SCLOMMA0,23019399,IN_USE,1,1,Hostname: AMMAVNLOC000009; CPU: 2500 MHz 12th Gen Intel Core i5-1235U; RAM: 20; Disk: 512,OFFICE_ASSET,Asset management/Office/Office assets.xlsx#Sheet1!row=10 | Audit 2026 device/Office assets.xlsx#Asset!row=8,false,
AID:22VN00000010,22VN00000010,22VN00000010,4Q9VKG3,Laptop Dell Latitude 3520,LAP,M-EC8F0C4F53,HCM,,,,AVAILABLE,1,1,Hostname: ZV44-ADMIN; CPU: 2200 MHz 11th Gen Intel Core i3-1115G4 @ 3.00GHz; RAM: 8; Disk: 256,OFFICE_ASSET,Asset management/Office/Office assets.xlsx#Sheet1!row=11 | Audit 2026 device/Office assets.xlsx#Asset!row=9,false,
AID:22VN00000011,22VN00000011,22VN00000011,F083SQ3,Laptop Dell Latitude 5430,LAP,M-C77A43B17B,HCM,,SCACMMA0,,IN_USE,1,1,Hostname: AMMAVNMDC000011; CPU: 2500 MHz 12th Gen Intel Core i5-1235U; RAM: 16; Disk: 512 | Unresolved holder name: Vu Thi Thu Hien | Unresolved holder name: Nguyen Bao Ngoc | Unresolved holder name: Vu Thi Thu Hien,OFFICE_ASSET,Asset management/Office/Office assets.xlsx#Sheet1!row=12 | Audit 2026 device/Office assets.xlsx#Asset!row=10 | Audit 2026 device/Office assets.xlsx#Asset!row=11,true,
AID:22VN00000012,22VN00000012,22VN00000012,BR9VKG3,Laptop Dell Latitude 3520,LAP,M-EC8F0C4F53,HCM,,,,IN_USE,1,1,CPU: 2200 MHz 11th Gen Intel Core i3-1115G4 @ 3.00GHz; RAM: 8; Disk: 256 | Unresolved holder name: ZV24-ADMIN TV:ZV12,OFFICE_ASSET,Asset management/Office/Office assets.xlsx#Sheet1!row=13 | Audit 2026 device/Office assets.xlsx#Asset!row=12,true,
AID:22VN00000013,22VN00000013,22VN00000013,5CD1294NHX,Laptop HP Pavilion 15-eg0xxx,LAP,M-A645DD1D89,HCM,,SCHRMMA0,23019384,IN_USE,1,1,Hostname: AMMAVNHRC000013; CPU: 2400 MHz 11th Gen Intel Core i5-1135G7 @ 2.40GHz; RAM: 8; Disk: 512,OFFICE_ASSET,Asset management/Office/Office assets.xlsx#Sheet1!row=14 | Audit 2026 device/Office assets.xlsx#Asset!row=13,false,
AID:22VN00000014,22VN00000014,22VN00000014,BKY5FX3,Laptop Dell Latitude 3520,LAP,M-EC8F0C4F53,HCM,,SCHRMMA0,23019385,IN_USE,1,1,Hostname: AMMAVNPUC000014; CPU: 11TH Gen Intel ® Core™ i5-1135G7 @2.40Ghz; RAM: 8; Disk: 256,OFFICE_ASSET,Asset management/Office/Office assets.xlsx#Sheet1!row=15 | Audit 2026 device/Office assets.xlsx#Asset!row=14,false,
AID:22VN00000015,22VN00000015,22VN00000015,13D4SQ3,Laptop Dell Latitude 5430,LAP,M-C77A43B17B,HCM,,SCLOMMA0,23019398,IN_USE,1,1,Hostname: AMMAVNLOC000015; CPU: 2500 MHz 12th Gen Intel Core i5-1235U; RAM: 16; Disk: 512,OFFICE_ASSET,Asset management/Office/Office assets.xlsx#Sheet1!row=16 | Audit 2026 device/Office assets.xlsx#Asset!row=15,false,
AID:22VN00000016,22VN00000016,22VN00000016,99C2LG3,Laptop Dell Latitude 3520,LAP,M-EC8F0C4F53,HCM,,SCOPMMA0,26027754,IN_USE,1,1,Hostname: AMMAVNLOC000016; CPU: 2200 MHz 11th Gen Intel Core i3-1115G4 @ 3.00GHz; RAM: 12; Disk: 512,OFFICE_ASSET,Asset management/Office/Office assets.xlsx#Sheet1!row=17 | Audit 2026 device/Office assets.xlsx#Asset!row=16 | Audit 2026 device/Office assets.xlsx#Asset!row=17,false,
AID:22VN00000017,22VN00000017,22VN00000017,JP8VKG3,Laptop Dell Latitude 3520,LAP,M-EC8F0C4F53,HCM,,,,AVAILABLE,1,1,Hostname: AMMAVNWHC000017; CPU: 2200 MHz 11th Gen Intel Core i3-1115G4 @ 3.00GHz; RAM: 16; Disk: 256,OFFICE_ASSET,Asset management/Office/Office assets.xlsx#Sheet1!row=18 | Audit 2026 device/Office assets.xlsx#Asset!row=18,false,
AID:22VN00000018,22VN00000018,22VN00000018,JR9VKG3,Laptop Dell Latitude 3520,LAP,M-EC8F0C4F53,HCM,,SCLOMMA0,26033070,IN_USE,1,1,Hostname: AMMAVNWHC000018; CPU: 2200 MHz 11th Gen Intel Core i3-1115G4 @ 3.00GHz; RAM: 8; Disk: 256,OFFICE_ASSET,Asset management/Office/Office assets.xlsx#Sheet1!row=19 | Audit 2026 device/Office assets.xlsx#Asset!row=19,false,
AID:22VN00000019,22VN00000019,22VN00000019,FQ8VKG3,Laptop Dell Latitude 3520,LAP,M-EC8F0C4F53,HCM,,,,AVAILABLE,1,1,Hostname: AMMAVNLOC000019; CPU: 2200 MHz 11th Gen Intel Core i3-1115G4 @ 3.00GHz; RAM: 8; Disk: 256,OFFICE_ASSET,Asset management/Office/Office assets.xlsx#Sheet1!row=20 | Audit 2026 device/Office assets.xlsx#Asset!row=20,false,
AID:22VN00000020,22VN00000020,22VN00000020,5BD4SQ3,Laptop Dell Latitude 5430,LAP,M-C77A43B17B,HCM,,SCCOMMA0,23019391,IN_USE,1,1,Hostname: AMMAVNCEC000020; CPU: 2500 MHz 12th Gen Intel Core i5-1235U; RAM: 16; Disk: 512,OFFICE_ASSET,Asset management/Office/Office assets.xlsx#Sheet1!row=21 | Audit 2026 device/Office assets.xlsx#Asset!row=21,false,
AID:22VN00000021,22VN00000021,22VN00000021,BTN0BG3,Laptop Dell Latitude 3520,LAP,M-EC8F0C4F53,HCM,,SCCOMMA0,23019392,IN_USE,1,1,Hostname: AMMAVNCEC000021; CPU: 2200 MHz 11th Gen Intel Core i3-1115G4 @ 3.00GHz; RAM: 8; Disk: 256,OFFICE_ASSET,Asset management/Office/Office assets.xlsx#Sheet1!row=22 | Audit 2026 device/Office assets.xlsx#Asset!row=22,false,
AID:22VN00000022,22VN00000022,22VN00000022,DP8VKG3,Laptop Dell Latitude 3520,LAP,M-EC8F0C4F53,HCM,,SCCOMMA0,23019393,IN_USE,1,1,Hostname: AMMAVNCEC000022; CPU: 2200 MHz 11th Gen Intel Core i3-1115G4 @ 3.00GHz; RAM: 8; Disk: 256,OFFICE_ASSET,Asset management/Office/Office assets.xlsx#Sheet1!row=23 | Audit 2026 device/Office assets.xlsx#Asset!row=23,false,
AID:22VN00000023,22VN00000023,22VN00000023,6S4JGL3,Laptop Dell Latitude 3520,LAP,M-EC8F0C4F53,HCM,,SCHRMMA0,25019984,IN_USE,1,1,Hostname: AMMAVNCEC000023; CPU: 1400 MHz 11th Gen Intel Core i5-1135G7 @ 2.40GHz; RAM: 8; Disk: 256,OFFICE_ASSET,Asset management/Office/Office assets.xlsx#Sheet1!row=24 | Audit 2026 device/Office assets.xlsx#Asset!row=24,false,
AID:22VN00000024,22VN00000024,22VN00000024,4R9VKG3,Laptop Dell Latitude 3520,LAP,M-EC8F0C4F53,HCM,,,,UNDER_MAINTENANCE,1,1,Hostname: AMMAVNICC000024; CPU: 2200 MHz 11th Gen Intel Core i3-1115G4 @ 3.00GHz; RAM: 8; Disk: 256 | Sọc màn hình,OFFICE_ASSET,Asset management/Office/Office assets.xlsx#Sheet1!row=25 | Audit 2026 device/Office assets.xlsx#Asset!row=25,false,
AID:22VN00000025,22VN00000025,22VN00000025,FGF3SQ3,Laptop Dell Latitude 5430,LAP,M-C77A43B17B,HCM,,SCITMMA0,23019389,IN_USE,1,1,Hostname: AMMAVNITC000025; CPU: 2500 MHz 12th Gen Intel Core i5-1235U; RAM: 16; Disk: 512,OFFICE_ASSET,Asset management/Office/Office assets.xlsx#Sheet1!row=26 | Audit 2026 device/Office assets.xlsx#Asset!row=26,false,
AID:22VN00000026,22VN00000026,22VN00000026,5CD73626Y5,Laptop HP ProBook 440 G4,LAP,M-9544C1F5DF,HCM,,,,IN_USE,1,1,Hostname: AMMAVNITC000026; CPU: 2700 MHz Core i5-7200U; RAM: 16; Disk: 256 | Unresolved holder name: Máy quản lý máy quét vân tay,OFFICE_ASSET,Asset management/Office/Office assets.xlsx#Sheet1!row=27 | Audit 2026 device/Office assets.xlsx#Asset!row=27,true,
AID:22VN00000027,22VN00000027,22VN00000027,HRQCZH3,Laptop Dell Latitude 5420,LAP,M-485AB63FDB,HCM,,SCACMMA0,23019376,IN_USE,1,1,Hostname: AMMAVNMRC000027; CPU: 1400 MHz 11th Gen Intel Core i5-1135G7 @ 2.40GHz; RAM: 8; Disk: 512,OFFICE_ASSET,Asset management/Office/Office assets.xlsx#Sheet1!row=28 | Audit 2026 device/Office assets.xlsx#Asset!row=28,false,
AID:22VN00000028,22VN00000028,22VN00000028,GN8VKG3,Laptop Dell Latitude 3520,LAP,M-EC8F0C4F53,HCM,,SCMDMMA0,23025932,IN_USE,1,1,Hostname: AMMAVNMDCC000028; CPU: 2200 MHz 11th Gen Intel Core i3-1115G4 @ 3.00GHz; RAM: 12; Disk: 256,OFFICE_ASSET,Asset management/Office/Office assets.xlsx#Sheet1!row=29 | Audit 2026 device/Office assets.xlsx#Asset!row=29,false,
AID:22VN00000029,22VN00000029,22VN00000029,1P8VKG3,Laptop Dell Latitude 3520,LAP,M-EC8F0C4F53,VA04,,,,UNDER_MAINTENANCE,1,1,Hostname: VA04-ADMIN; CPU: 2200 MHz 11th Gen Intel Core i3-1115G4 @ 3.00GHz; RAM: 8; Disk: 256 | Unresolved holder name: VA04-ADMIN | Source quantity 1; unit 1 | Hư bản lề,OFFICE_ASSET,Asset management/Office/Office assets.xlsx#Sheet1!row=30 | Audit 2026 device/Office assets.xlsx#Asset!row=102 | Audit 2026 device/Data store/Audit/VA04.xlsx#VA04!row=2,true,
AID:22VN00000030,22VN00000030,22VN00000030,PC133K78,Laptop Lenovo Thinkpad X280,LAP,M-367DE2FF9D,HCM,,,,AVAILABLE,1,1,Hostname: AMMAVNMRC000030; CPU: 1800 MHz Core i5-8250U; RAM: 8; Disk: 256,OFFICE_ASSET,Asset management/Office/Office assets.xlsx#Sheet1!row=31 | Audit 2026 device/Office assets.xlsx#Asset!row=30,false,
AID:22VN00000031,22VN00000031,22VN00000031,4DBCZH3,Laptop Dell Latitude 5420,LAP,M-485AB63FDB,HCM,,,,AVAILABLE,1,1,Hostname: AMMAVNMDC000031; CPU: 1400 MHz 11th Gen Intel Core i5-1135G7 @ 2.40GHz; RAM: 8; Disk: 512,OFFICE_ASSET,Asset management/Office/Office assets.xlsx#Sheet1!row=32 | Audit 2026 device/Office assets.xlsx#Asset!row=31,false,
AID:22VN00000032,22VN00000032,22VN00000032,6GV7R93,Laptop Dell Latitude 3420,LAP,M-AB5CBB65FB,HCM,,SCLOMMA0,25023059,IN_USE,1,1,Hostname: AMMAVNLEC000032; CPU: 1400 MHz 11th Gen Intel Core i5-1135G7 @ 2.40GHz; RAM: 8; Disk: 640,OFFICE_ASSET,Asset management/Office/Office assets.xlsx#Sheet1!row=33 | Audit 2026 device/Office assets.xlsx#Asset!row=32,false,
AID:22VN00000033,22VN00000033,22VN00000033,9P8VKG3,Laptop Dell Latitude 3520,LAP,M-EC8F0C4F53,HCM,,SCLOMMA0,23019403,IN_USE,1,1,Hostname: AMMAVNWHC000033; CPU: 2200 MHz 11th Gen Intel Core i3-1115G4 @ 3.00GHz; RAM: 8; Disk: 512,OFFICE_ASSET,Asset management/Office/Office assets.xlsx#Sheet1!row=34 | Audit 2026 device/Office assets.xlsx#Asset!row=33,false,
AID:22VN00000034,22VN00000034,22VN00000034,DGBJGL3,Laptop Dell Latitude 3520,LAP,M-EC8F0C4F53,HCM,,SCLOMMA0,25023059,IN_USE,1,1,Hostname: AMMAVNMDC000034; CPU: 1400 MHz 11th Gen Intel Core i5-1135G7 @ 2.40GHz; RAM: 8; Disk: 256,OFFICE_ASSET,Asset management/Office/Office assets.xlsx#Sheet1!row=35 | Audit 2026 device/Office assets.xlsx#Asset!row=34,false,
AID:22VN00000035,22VN00000035,22VN00000035,4CBCZH3,Laptop Dell Latitude 5420,LAP,M-485AB63FDB,HCM,,SCMDMMA0,23019422,IN_USE,1,1,Hostname: AMMAVNMDC000035; CPU: 1400 MHz 11th Gen Intel Core i5-1135G7 @ 2.40GHz; RAM: 12; Disk: 512,OFFICE_ASSET,Asset management/Office/Office assets.xlsx#Sheet1!row=36 | Audit 2026 device/Office assets.xlsx#Asset!row=35,false,
AID:22VN00000037,22VN00000037,22VN00000037,6Q7JGL3,Laptop Dell Latitude 3520,LAP,M-EC8F0C4F53,HCM,,SCBDMMA0,26032000,IN_USE,1,1,Hostname: AMMAVNMDC000036; CPU: 1400 MHz 11th Gen Intel Core i5-1135G7 @ 2.40GHz; RAM: 12; Disk: 512,OFFICE_ASSET,Asset management/Office/Office assets.xlsx#Sheet1!row=37 | Audit 2026 device/Office assets.xlsx#Asset!row=36,false,
AID:22VN00000038,22VN00000038,22VN00000038,4TS3SQ3,Laptop Dell Latitude 5430,LAP,M-C77A43B17B,HCM,,SCLOMMA0,26029060,IN_USE,1,1,Hostname: AMMAVNMDC000037; CPU: 2500 MHz 12th Gen Intel Core i5-1235U; RAM: 16; Disk: 512,OFFICE_ASSET,Asset management/Office/Office assets.xlsx#Sheet1!row=38 | Audit 2026 device/Office assets.xlsx#Asset!row=37,false,
AID:22VN00000039,22VN00000039,22VN00000039,HGBJGL3,Laptop Dell Latitude 3520,LAP,M-EC8F0C4F53,HCM,,SCMKMMA0,23025944,IN_USE,1,1,Hostname: AMMAVNMDC000038; CPU: 1400 MHz 11th Gen Intel Core i5-1135G7 @ 2.40GHz; RAM: 20; Disk: 256+512,OFFICE_ASSET,Asset management/Office/Office assets.xlsx#Sheet1!row=39 | Audit 2026 device/Office assets.xlsx#Asset!row=38,false,
AID:22VN00000040,22VN00000040,22VN00000040,B65JGL3,Laptop Dell Latitude 3520,LAP,M-EC8F0C4F53,ZV31,,,,AVAILABLE,1,1,Hostname: ZV31-ADMIN; CPU: 1400 MHz 11th Gen Intel Core i5-1135G7 @ 2.40GHz; RAM: 8; Disk: 256,OFFICE_ASSET,Asset management/Office/Office assets.xlsx#Sheet1!row=40,false,
AID:22VN00000041,22VN00000041,22VN00000041,GB23SQ3,Laptop Dell Latitude 5430,LAP,M-C77A43B17B,HCM,,SCMDMMA0,25013875,IN_USE,1,1,Hostname: AMMAVNBPC000041; CPU: 2500 MHz 12th Gen Intel Core i5-1235U; RAM: 16; Disk: 512,OFFICE_ASSET,Asset management/Office/Office assets.xlsx#Sheet1!row=41 | Audit 2026 device/Office assets.xlsx#Asset!row=39,false,
AID:22VN00000042,22VN00000042,22VN00000042,J94JGL3,Laptop Dell Latitude 3520,LAP,M-EC8F0C4F53,HCM,,SCCOMMA0,23019394,IN_USE,1,1,Hostname: AMMAVNICC000042; CPU: 1400 MHz 11th Gen Intel Core i5-1135G7 @ 2.40GHz; RAM: 8; Disk: 256,OFFICE_ASSET,Asset management/Office/Office assets.xlsx#Sheet1!row=42 | Audit 2026 device/Office assets.xlsx#Asset!row=40,false,
AID:22VN00000043,22VN00000043,22VN00000043,8F6JGL3,Laptop Dell Latitude 3520,LAP,M-EC8F0C4F53,HCM,,,,IN_USE,1,1,CPU: 1400 MHz 11th Gen Intel Core i5-1135G7 @ 2.40GHz; RAM: 16; Disk: 512 | Unresolved holder name: VA04,OFFICE_ASSET,Asset management/Office/Office assets.xlsx#Sheet1!row=43 | Audit 2026 device/Office assets.xlsx#Asset!row=41,true,
AID:22VN00000044,22VN00000044,22VN00000044,BGBJGL3,Laptop Dell Latitude 3520,LAP,M-EC8F0C4F53,HCM,,SCMDMMA0,23019428,IN_USE,1,1,Hostname: AMMAVNMPC000044; CPU: 1400 MHz 11th Gen Intel Core i5-1135G7 @ 2.40GHz; RAM: 16; Disk: 256,OFFICE_ASSET,Asset management/Office/Office assets.xlsx#Sheet1!row=44 | Audit 2026 device/Office assets.xlsx#Asset!row=42,false,
AID:22VN00000045,22VN00000045,22VN00000045,8DBRMV2,Laptop Dell Latitude 7490,LAP,M-76DECFD34A,HCM,,SCMKMMA0,,IN_USE,1,1,Hostname: AMMAVNOPC000045; CPU: 1900 MHz Core i5-8350U; RAM: 16; Disk: 256 | Unresolved holder name: Bui Ngoc Mai | Unresolved holder name: Bui Ngoc Mai,OFFICE_ASSET,Asset management/Office/Office assets.xlsx#Sheet1!row=45 | Audit 2026 device/Office assets.xlsx#Asset!row=43 | Audit 2026 device/Office assets.xlsx#Asset!row=44,true,
AID:22VN00000046,22VN00000046,22VN00000046,5CD108K0PN,Laptop HP Pavilion 15-eg0xxx,LAP,M-A645DD1D89,HCM,,,,IN_USE,1,1,Hostname: AMMAVNMDC000046; CPU: 3000 MHz 11th Gen Intel Core i3-1115G4 @ 3.00GHz; RAM: 12; Disk: 256 | Unresolved holder name: VA13,OFFICE_ASSET,Asset management/Office/Office assets.xlsx#Sheet1!row=46 | Audit 2026 device/Office assets.xlsx#Asset!row=45,true,
AID:22VN00000047,22VN00000047,22VN00000047,DFHLRQ3,Laptop Dell Latitude 5420,LAP,M-485AB63FDB,HCM,,SCOPMMA0,26026763,IN_USE,1,1,Hostname: AMMAVNOPC000047; CPU: 1400 MHz 11th Gen Intel Core i5-1135G7 @ 2.40GHz; RAM: 16; Disk: 512,OFFICE_ASSET,Asset management/Office/Office assets.xlsx#Sheet1!row=47 | Audit 2026 device/Office assets.xlsx#Asset!row=46 | Asset management/Warehouse/Asset_List_DSV.xlsx#Asset List!row=4,true,
AID:22VN00000048,22VN00000048,22VN00000048,PF1JT4Q6,Laptop Lenovo ThinkPad E490,LAP,M-B8DF3B782A,HCM,,,,IN_USE,1,1,Hostname: AMMAVNITC000048 change to ZV37-ADMIN; CPU: 1800 MHz Core i5-8265U; RAM: 8; Disk: 500 | Unresolved holder name: ZV37-ADMIN,OFFICE_ASSET,Asset management/Office/Office assets.xlsx#Sheet1!row=48 | Audit 2026 device/Office assets.xlsx#Asset!row=104,true,
AID:22VN00000049,22VN00000049,22VN00000049,6R4JGL3,Laptop Dell Latitude 3520,LAP,M-EC8F0C4F53,HCM,,SCHRMMA0,26027749,IN_USE,1,1,Hostname: AMMAVNMDC000049; CPU: 1400 MHz 11th Gen Intel Core i5-1135G7 @ 2.40GHz; RAM: 8; Disk: 256,OFFICE_ASSET,Asset management/Office/Office assets.xlsx#Sheet1!row=49 | Audit 2026 device/Office assets.xlsx#Asset!row=47 | Audit 2026 device/Office assets.xlsx#Asset!row=48,false,
AID:22VN00000050,22VN00000050,22VN00000050,9NN2SQ3,Laptop Dell Latitude 5430,LAP,M-C77A43B17B,HCM,,,23026764,IN_USE,1,1,Hostname: AMMAVNITC000050; CPU: 2500 MHz 12th Gen Intel Core i5-1235U; RAM: 16; Disk: 512,OFFICE_ASSET,Asset management/Office/Office assets.xlsx#Sheet1!row=50 | Audit 2026 device/Office assets.xlsx#Asset!row=49,false,
AID:22VN00000051,22VN00000051,22VN00000051,66XN2F3,Laptop Dell Latitude 5420,LAP,M-485AB63FDB,HCM,,SCACMMA0,23019370,IN_USE,1,1,Hostname: AMMAVNACC000051; CPU: 1400 MHz 11th Gen Intel Core i5-1135G7 @ 2.40GHz; RAM: 16; Disk: 1024,OFFICE_ASSET,Asset management/Office/Office assets.xlsx#Sheet1!row=51 | Audit 2026 device/Office assets.xlsx#Asset!row=50,false,
AID:22VN00000052,22VN00000052,22VN00000052,2NS0HW3,Laptop Dell Latitude 5430,LAP,M-C77A43B17B,HCM,,SCOPMMA0,23026370,IN_USE,1,1,Hostname: AMMAVNPDC000052; CPU: 2500 MHz 12th Gen Intel Core i5-1235U; RAM: 16; Disk: 512,OFFICE_ASSET,Asset management/Office/Office assets.xlsx#Sheet1!row=52 | Audit 2026 device/Office assets.xlsx#Asset!row=51,false,
AID:22VN00000053,22VN00000053,22VN00000053,4BH2SQ3,Laptop Dell Latitude 5430,LAP,M-C77A43B17B,HCM,,SCOPMMA0,23027920,IN_USE,1,1,Hostname: AMMAVNWSC000053; CPU: 2500 MHz 12th Gen Intel Core i5-1235U; RAM: 16; Disk: 512,OFFICE_ASSET,Asset management/Office/Office assets.xlsx#Sheet1!row=53 | Audit 2026 device/Office assets.xlsx#Asset!row=52,false,
AID:22VN00000054,22VN00000054,22VN00000054,DQ9VKG3,Laptop Dell Latitude 3520,LAP,M-EC8F0C4F53,HCM,,,,UNDER_MAINTENANCE,1,1,Hostname: AMMAVNWSC000054; CPU: 2200 MHz 11th Gen Intel Core i3-1115G4 @ 3.00GHz; RAM: 8; Disk: 256 | Hư bản lề,OFFICE_ASSET,Asset management/Office/Office assets.xlsx#Sheet1!row=54 | Audit 2026 device/Office assets.xlsx#Asset!row=53,false,
AID:22VN00000055,22VN00000055,22VN00000055,FR8VKG3,Laptop Dell Latitude 3520,LAP,M-EC8F0C4F53,HCM,,,,IN_USE,1,1,Hostname: AMMAVNWSC000055; CPU: 2200 MHz 11th Gen Intel Core i3-1115G4 @ 3.00GHz; RAM: 8; Disk: 256 | Unresolved holder name: ZV34,OFFICE_ASSET,Asset management/Office/Office assets.xlsx#Sheet1!row=55 | Audit 2026 device/Office assets.xlsx#Asset!row=54,true,
AID:22VN00000056,22VN00000056,22VN00000056,CR8VKG3,Laptop Dell Latitude 3520,LAP,M-EC8F0C4F53,HCM,,,,UNDER_MAINTENANCE,1,1,Hostname: AMMAVNWSC000056; CPU: 2200 MHz 11th Gen Intel Core i3-1115G4 @ 3.00GHz; RAM: 8; Disk: 256 | Hư phím,OFFICE_ASSET,Asset management/Office/Office assets.xlsx#Sheet1!row=56 | Audit 2026 device/Office assets.xlsx#Asset!row=55,false,
AID:22VN00000057,22VN00000057,22VN00000057,2R9VKG3,Laptop Dell Latitude 3520,LAP,M-EC8F0C4F53,HCM,,,,UNDER_MAINTENANCE,1,1,Hostname: AMMAVNWSC000057; CPU: 2200 MHz 11th Gen Intel Core i3-1115G4 @ 3.00GHz; RAM: 8; Disk: 256 | Hư phím,OFFICE_ASSET,Asset management/Office/Office assets.xlsx#Sheet1!row=57 | Audit 2026 device/Office assets.xlsx#Asset!row=56,false,
AID:22VN00000058,22VN00000058,22VN00000058,C3KCZH3,Laptop Dell Latitude 5420,LAP,M-485AB63FDB,HCM,,,,AVAILABLE,1,1,Hostname: AMMAVNECC000058; CPU: 1400 MHz 11th Gen Intel Core i5-1135G7 @ 2.40GHz; RAM: 16; Disk: 512,OFFICE_ASSET,Asset management/Office/Office assets.xlsx#Sheet1!row=58 | Audit 2026 device/Office assets.xlsx#Asset!row=57,false,
AID:22VN00000059,22VN00000059,22VN00000059,DGGDZH3,Laptop Dell Latitude 5420,LAP,M-485AB63FDB,HCM,,SCECMMA0,25006527,IN_USE,1,1,Hostname: AMMAVNECC000115; CPU: 1400 MHz 11th Gen Intel Core i5-1135G7 @ 2.40GHz; RAM: 16; Disk: 512,OFFICE_ASSET,Asset management/Office/Office assets.xlsx#Sheet1!row=59 | Audit 2026 device/Office assets.xlsx#Asset!row=58,false,
AID:22VN00000060,22VN00000060,22VN00000060,PC0UQCVY,Laptop Lenovo Thinkpad X280,LAP,M-367DE2FF9D,HCM,,,,IN_USE,1,1,Hostname: AMMAVNOPC000060; CPU: 1800 MHz Core i5-8250U; RAM: 8; Disk: 256 | Unresolved holder name: Foot Locker Suppervisior(NGuyen Si Anh),OFFICE_ASSET,Asset management/Office/Office assets.xlsx#Sheet1!row=60 | Audit 2026 device/Office assets.xlsx#Asset!row=105,true,
AID:22VN00000061,22VN00000061,22VN00000061,3KZCKG3,Laptop Dell Latitude 3520,LAP,M-EC8F0C4F53,HCM,,SCMDMMA0,23019424,IN_USE,1,1,Hostname: AMMAVNMDC000061; CPU: 1400 MHz 11th Gen Intel Core i5-1135G7 @ 2.40GHz; RAM: 8; Disk: 256,OFFICE_ASSET,Asset management/Office/Office assets.xlsx#Sheet1!row=61 | Audit 2026 device/Office assets.xlsx#Asset!row=59,false,
AID:22VN00000062,22VN00000062,22VN00000062,71GCGG3,Laptop Dell Latitude 3520,LAP,M-EC8F0C4F53,HCM,,SCLEMMA0,23019383,IN_USE,1,1,Hostname: AMMAVNPDC000062; CPU: 1400 MHz 11th Gen Intel Core i5-1135G7 @ 2.40GHz; RAM: 16; Disk: 256,OFFICE_ASSET,Asset management/Office/Office assets.xlsx#Sheet1!row=62 | Audit 2026 device/Office assets.xlsx#Asset!row=60,false,
AID:22VN00000063,22VN00000063,22VN00000063,9JYF7S3,Laptop Dell Latitude 3520,LAP,M-EC8F0C4F53,HCM,,SCCOMMA0,24012956,IN_USE,1,1,Hostname: AMMAVNCEC000063; CPU: 1400 MHz 11th Gen Intel Core i5-1135G7 @ 2.40GHz; RAM: 8; Disk: 256,OFFICE_ASSET,Asset management/Office/Office assets.xlsx#Sheet1!row=63 | Audit 2026 device/Office assets.xlsx#Asset!row=61,false,
AID:22VN00000064,22VN00000064,22VN00000064,B8972T3,Laptop Dell Latitude 5430,LAP,M-C77A43B17B,HCM,,SCMDMMA0,25019163,IN_USE,1,1,Hostname: AMMAVNOPC000064; CPU: 2500 MHz 12th Gen Intel Core i5-1235U; RAM: 16; Disk: 512,OFFICE_ASSET,Asset management/Office/Office assets.xlsx#Sheet1!row=64 | Audit 2026 device/Office assets.xlsx#Asset!row=62,false,
AID:22VN00000065,22VN00000065,22VN00000065,42V72T3,Laptop Dell Latitude 5430,LAP,M-C77A43B17B,HCM,,,,IN_USE,1,1,Hostname: AMMAVNLEC000065; CPU: 2500 MHz 12th Gen Intel Core i5-1235U; RAM: 16; Disk: 512 | Unresolved holder name: Nguyen Phuong Lan,OFFICE_ASSET,Asset management/Office/Office assets.xlsx#Sheet1!row=65 | Audit 2026 device/Office assets.xlsx#Asset!row=106,true,
AID:22VN00000066,22VN00000066,22VN00000066,JWZF7S3,Laptop Dell Latitude 3520,LAP,M-EC8F0C4F53,HCM,,SCWSMMA0,23019381,IN_USE,1,1,Hostname: AMMAVNLOC000066; CPU: 1400 MHz 11th Gen Intel Core i5-1135G7 @ 2.40GHz; RAM: 8; Disk: 256,OFFICE_ASSET,Asset management/Office/Office assets.xlsx#Sheet1!row=66 | Audit 2026 device/Office assets.xlsx#Asset!row=63,false,
AID:22VN00000067,22VN00000067,22VN00000067,5CD250F9YL,Laptop HP ProBook 440 G9,LAP,M-63CA6AA708,HCM,,SCPJMMA0,26032382,IN_USE,1,1,Hostname: AMMAVNMD000067; CPU: 2500 MHz 12th Gen Intel Core i5-1235U; RAM: 16; Disk: 512 | Unresolved holder name: Le Ngoc Bao Minh,OFFICE_ASSET,Asset management/Office/Office assets.xlsx#Sheet1!row=67 | Audit 2026 device/Office assets.xlsx#Asset!row=64,true,
AID:22VN00000068,22VN00000068,22VN00000068,6SYF7S3,Laptop Dell Latitude 3520,LAP,M-EC8F0C4F53,HCM,,,,AVAILABLE,1,1,Hostname: AMMAVNMPC000068; CPU: 1400 MHz 11th Gen Intel Core i5-1135G7 @ 2.40GHz; RAM: 8; Disk: 256,OFFICE_ASSET,Asset management/Office/Office assets.xlsx#Sheet1!row=68 | Audit 2026 device/Office assets.xlsx#Asset!row=65,false,
AID:22VN00000069,22VN00000069,22VN00000069,3DYF7S3,Laptop Dell Latitude 3520,LAP,M-EC8F0C4F53,HCM,,SCECMMA0,,IN_USE,1,1,Hostname: AMMAVNITC000069; CPU: 1400 MHz 11th Gen Intel Core i5-1135G7 @ 2.40GHz; RAM: 12; Disk: 256 | Unresolved holder name: Nguyen Tuong Vy,OFFICE_ASSET,Asset management/Office/Office assets.xlsx#Sheet1!row=69 | Audit 2026 device/Office assets.xlsx#Asset!row=66,true,
AID:22VN00000070,22VN00000070,22VN00000070,H3NVHW3,Laptop Dell Latitude 5430,LAP,M-C77A43B17B,HCM,,SCACMMA0,25018457,IN_USE,1,1,Hostname: AMMAVNACC000070; CPU: 2500 MHz 12th Gen Intel Core i5-1235U; RAM: 16; Disk: 512,OFFICE_ASSET,Asset management/Office/Office assets.xlsx#Sheet1!row=70 | Audit 2026 device/Office assets.xlsx#Asset!row=67,false,
AID:22VN00000071,22VN00000071,22VN00000071,BJ972T3,Laptop Dell Latitude 5430,LAP,M-C77A43B17B,HCM,,SCOPMMA0,23019575,IN_USE,1,1,Hostname: AMMAVNITC000071; CPU: 2500 MHz 12th Gen Intel Core i5-1235U; RAM: 16; Disk: 512,OFFICE_ASSET,Asset management/Office/Office assets.xlsx#Sheet1!row=71 | Audit 2026 device/Office assets.xlsx#Asset!row=68,false,
AID:22VN00000072,22VN00000072,22VN00000072,1KHVHW3,Laptop Dell Latitude 5430,LAP,M-C77A43B17B,HCM,,SCOPMMA0,23019413,IN_USE,1,1,Hostname: AMMAVNTAC000072; CPU: 2500 MHz 12th Gen Intel Core i5-1235U; RAM: 16; Disk: 512,OFFICE_ASSET,Asset management/Office/Office assets.xlsx#Sheet1!row=72 | Audit 2026 device/Office assets.xlsx#Asset!row=69,false,
AID:22VN00000073,22VN00000073,22VN00000073,7X82HW3,Laptop Dell Latitude 5430,LAP,M-C77A43B17B,HCM,,SCVMMMA0,23019411,IN_USE,1,1,Hostname: AMMAVNMDC000073; CPU: 2500 MHz 12th Gen Intel Core i5-1235U; RAM: 16; Disk: 512,OFFICE_ASSET,Asset management/Office/Office assets.xlsx#Sheet1!row=73 | Audit 2026 device/Office assets.xlsx#Asset!row=70,false,
AID:22VN00000074,22VN00000074,22VN00000074,PC0VT5R5,Laptop Lenovo Thinkpad X280,LAP,M-367DE2FF9D,HCM,,SCECMMA0,,IN_USE,1,1,Hostname: AMMAVNMRC000074; CPU: INTEL (R) CORE (TM) I5-8250U 1.60GHZ (8CPUS); RAM: 8; Disk: 256 | Unresolved holder name: Nguyen Thanh Hai,OFFICE_ASSET,Asset management/Office/Office assets.xlsx#Sheet1!row=74 | Audit 2026 device/Office assets.xlsx#Asset!row=71,true,
AID:22VN00000075,22VN00000075,22VN00000075,61N8RQ3,Laptop Dell Latitude 5430,LAP,M-C77A43B17B,HCM,,SCOPMMA0,24010666,IN_USE,1,1,Hostname: AMMAVNOPC000075; CPU: 2500 MHz 12th Gen Intel Core i5-1235U; RAM: 16; Disk: 512,OFFICE_ASSET,Asset management/Office/Office assets.xlsx#Sheet1!row=75 | Audit 2026 device/Office assets.xlsx#Asset!row=72,false,
AID:22VN00000076,22VN00000076,22VN00000076,CXJ8VV3,Laptop Dell Latitude 5430,LAP,M-C77A43B17B,HCM,,SCACMMA0,23019374,IN_USE,1,1,Hostname: AMMAVNECC000076; CPU: 2500 MHz 12th Gen Intel Core i5-1235U; RAM: 16; Disk: 512,OFFICE_ASSET,Asset management/Office/Office assets.xlsx#Sheet1!row=76 | Audit 2026 device/Office assets.xlsx#Asset!row=73,false,
AID:22VN00000077,22VN00000077,22VN00000077,6MS0HW3,Laptop Dell Latitude 5430,LAP,M-C77A43B17B,HCM,,SCMDMMA0,23029081,IN_USE,1,1,Hostname: AMMAVNMDC000077; CPU: 2500 MHz 12th Gen Intel Core i5-1235U; RAM: 16; Disk: 512,OFFICE_ASSET,Asset management/Office/Office assets.xlsx#Sheet1!row=77 | Audit 2026 device/Office assets.xlsx#Asset!row=74,false,
AID:22VN00000078,22VN00000078,22VN00000078,9R2B9T3,Laptop Dell G15 5520,LAP,M-B75167F1BE,HCM,,SCMKMMA0,23019407,IN_USE,1,1,Hostname: AMMAVNGDC000078; CPU: 12TH GEN INTEL CORE I7-12700H(20CPU)2.3GHZ SSD512GB-GEFORCE GTX 3060; RAM: 32; Disk: 512,OFFICE_ASSET,Asset management/Office/Office assets.xlsx#Sheet1!row=78 | Audit 2026 device/Office assets.xlsx#Asset!row=75,false,
AID:22VN00000080,22VN00000080,22VN00000080,FLQ85R3,Laptop Dell G15 5520,LAP,M-B75167F1BE,HCM,,SCVMMMA0,23019412,IN_USE,1,1,Hostname: AMMAVNMDC000080; CPU: 12TH GEN INTEL CORE I7-12700H(20CPU)2.3GHZ SSD512GB-GEFORCE GTX 2050TI; RAM: 16; Disk: 1000,OFFICE_ASSET,Asset management/Office/Office assets.xlsx#Sheet1!row=79 | Audit 2026 device/Office assets.xlsx#Asset!row=76,false,
AID:22VN00000081,22VN00000081,22VN00000081,F598VV3,Laptop Dell Latitude 5430,LAP,M-C77A43B17B,HCM,,SCOPMMA0,25017209,IN_USE,1,1,Hostname: AMMAVNOPC000081; CPU: 2500 MHz 12th Gen Intel Core i5-1235U; RAM: 16; Disk: 512,OFFICE_ASSET,Asset management/Office/Office assets.xlsx#Sheet1!row=80 | Audit 2026 device/Office assets.xlsx#Asset!row=77 | Audit 2026 device/Office assets.xlsx#Asset!row=78,false,
AID:22VN00000082,22VN00000082,22VN00000082,DL0G7S3,Laptop Dell Latitude 3520,LAP,M-EC8F0C4F53,HCM,,,,AVAILABLE,1,1,Hostname: AMMAVNMDC000082; CPU: 11TH Gen Intel ® Core™ i5-1135G7 @2.40Ghz; RAM: 8; Disk: 256,OFFICE_ASSET,Asset management/Office/Office assets.xlsx#Sheet1!row=81 | Audit 2026 device/Office assets.xlsx#Asset!row=79,false,
AID:22VN00000083,22VN00000083,22VN00000083,5YSSKS3,Laptop Dell Latitude 3520,LAP,M-EC8F0C4F53,HCM,,SCMDMMA0,23019425,IN_USE,1,1,Hostname: AMMAVNMPC000083; CPU: 3000 MHz 11th Gen Intel Core i3-1115G4 @ 3.00GHz; RAM: 8; Disk: 256,OFFICE_ASSET,Asset management/Office/Office assets.xlsx#Sheet1!row=82 | Audit 2026 device/Office assets.xlsx#Asset!row=80,false,
AID:22VN00000084,22VN00000084,22VN00000084,BXSSKS3,Laptop Dell Latitude 3520,LAP,M-EC8F0C4F53,HCM,,,,AVAILABLE,1,1,Hostname: AMMAVNTAC000084; CPU: 3000 MHz 11th Gen Intel Core i3-1115G4 @ 3.00GHz; RAM: 8; Disk: 256,OFFICE_ASSET,Asset management/Office/Office assets.xlsx#Sheet1!row=83 | Audit 2026 device/Office assets.xlsx#Asset!row=81,false,
AID:22VN00000086,22VN00000086,22VN00000086,4084RV3,Laptop Dell Latitude 5430,LAP,M-C77A43B17B,HCM,,SCACMMA0,23019369,IN_USE,1,1,Hostname: AMMAVNMDC000086; CPU: 12th Gen Intel(R) Core(TM) i5-1235U[Cores 12; RAM: 16; Disk: 512,OFFICE_ASSET,Asset management/Office/Office assets.xlsx#Sheet1!row=84 | Audit 2026 device/Office assets.xlsx#Asset!row=82,false,
AID:22VN00000087,22VN00000087,22VN00000087,2XSSKS3,Laptop Dell Latitude 3520,LAP,M-EC8F0C4F53,HCM,,SCITMMA0,25018937,IN_USE,1,1,Hostname: AMMAVNMDC000087; CPU: 1400 MHz 11th Gen Intel Core i5-1135G7 @ 2.40GHz; RAM: 8; Disk: 256,OFFICE_ASSET,Asset management/Office/Office assets.xlsx#Sheet1!row=85 | Audit 2026 device/Office assets.xlsx#Asset!row=83 | Audit 2026 device/Office assets.xlsx#Asset!row=84,false,
AID:22VN00000091,22VN00000091,22VN00000091,PC0VT5RC,Laptop Lenovo Thinkpad X280,LAP,M-367DE2FF9D,HCM,,,,AVAILABLE,1,1,Hostname: AMMAVNITC000091; CPU: 1800 MHz Core i5-8250U; RAM: 8; Disk: 256,OFFICE_ASSET,Asset management/Office/Office assets.xlsx#Sheet1!row=86 | Audit 2026 device/Office assets.xlsx#Asset!row=85,false,
AID:22VN00000092,22VN00000092,22VN00000092,1GHVHW3,Laptop Dell Latitude 5430,LAP,M-C77A43B17B,HCM,,SCMDMMA0,26029968,IN_USE,1,1,Hostname: AMMAVNMDC000092; CPU: 1400 MHz 11th Gen Intel Core i5-1135G7 @ 2.40GHz; RAM: 16; Disk: 512,OFFICE_ASSET,Asset management/Office/Office assets.xlsx#Sheet1!row=87 | Audit 2026 device/Office assets.xlsx#Asset!row=86,false,
AID:22VN00000094,22VN00000094,22VN00000094,9ZHQRV3,Laptop Dell Latitude 5430,LAP,M-C77A43B17B,HCM,,SCWSMMA0,23019379,IN_USE,1,1,Hostname: AMMAVNOPC000094; CPU: 2500 MHz 12th Gen Intel Core i5-1235U; RAM: 16; Disk: 512,OFFICE_ASSET,Asset management/Office/Office assets.xlsx#Sheet1!row=88 | Audit 2026 device/Office assets.xlsx#Asset!row=87,false,
AID:22VN00000095,22VN00000095,22VN00000095,PC0VSNY2,Laptop Lenovo Thinkpad X280,LAP,M-367DE2FF9D,HCM,,,,IN_USE,1,1,Hostname: AMMAVNITC000095; CPU: INTEL® CORE ™I5-8250u CPU 1.60 GhZ; RAM: 8; Disk: 256 | Unresolved holder name: Testing,OFFICE_ASSET,Asset management/Office/Office assets.xlsx#Sheet1!row=89 | Audit 2026 device/Office assets.xlsx#Asset!row=88,true,
AID:22VN00000096,22VN00000096,22VN00000096,PC12PNNM,Laptop Lenovo Thinkpad X280,LAP,M-367DE2FF9D,HCM,,,,IN_USE,1,1,CPU: INTEL® CORE ™I5-8250u CPU 1.60 GhZ; RAM: 8; Disk: 256 | Unresolved holder name: VN06-ADMIN | Source quantity 1; unit 1,OFFICE_ASSET,Asset management/Office/Office assets.xlsx#Sheet1!row=90 | Audit 2026 device/Office assets.xlsx#Asset!row=111 | Audit 2026 device/Data store/!!!/VN06.xlsx#VN06!row=2,true,
AID:22VN00000097,22VN00000097,22VN00000097,B1K8VV3,Laptop Dell Latitude 5430,LAP,M-C77A43B17B,HCM,,SCHRMMA0,23019382,IN_USE,1,1,Hostname: AMMAVNHRC000097; CPU: 2500 MHz 12th Gen Intel Core i5-1235U; RAM: 16; Disk: 512,OFFICE_ASSET,Asset management/Office/Office assets.xlsx#Sheet1!row=91 | Audit 2026 device/Office assets.xlsx#Asset!row=89,false,
AID:22VN00000098,22VN00000098,22VN00000098,F650FX3,Laptop Dell Latitude 3420,LAP,M-AB5CBB65FB,HCM,,SCACMMA0,23019372,IN_USE,1,1,Hostname: AMMAVNACC000098; CPU: 1400 MHz 11th Gen Intel Core i5-1135G7 @ 2.40GHz; RAM: 16; Disk: 512,OFFICE_ASSET,Asset management/Office/Office assets.xlsx#Sheet1!row=92 | Audit 2026 device/Office assets.xlsx#Asset!row=90,false,
AID:22VN00000099,22VN00000099,22VN00000099,2R20FX3,Laptop Dell Latitude 3420,LAP,M-AB5CBB65FB,HCM,,SCPJMMA0,23019414,IN_USE,1,1,Hostname: AMMAVNPDC000099; CPU: 1400 MHz 11th Gen Intel Core i5-1135G7 @ 2.40GHz; RAM: 16; Disk: 512,OFFICE_ASSET,Asset management/Office/Office assets.xlsx#Sheet1!row=93 | Audit 2026 device/Office assets.xlsx#Asset!row=91,false,
AID:22VN00000100,22VN00000100,22VN00000100,JJNZDX3,Laptop Dell Latitude 3420,LAP,M-AB5CBB65FB,HCM,,SCPJMMA0,23019415,IN_USE,1,1,Hostname: AMMAVNPDC000100; CPU: 1400 MHz 11th Gen Intel Core i5-1135G7 @ 2.40GHz; RAM: 16; Disk: 512,OFFICE_ASSET,Asset management/Office/Office assets.xlsx#Sheet1!row=94 | Audit 2026 device/Office assets.xlsx#Asset!row=92,false,
AID:22VN00000101,22VN00000101,22VN00000101,2Q20FX3,Laptop Dell Latitude 3420,LAP,M-AB5CBB65FB,HCM,,SCMDMMA0,23019423,IN_USE,1,1,Hostname: AMMAVNMDC000101; CPU: 1400 MHz 11th Gen Intel Core i5-1135G7 @ 2.40GHz; RAM: 16; Disk: 512,OFFICE_ASSET,Asset management/Office/Office assets.xlsx#Sheet1!row=95 | Audit 2026 device/Office assets.xlsx#Asset!row=93,false,
AID:22VN00000102,22VN00000102,22VN00000102,CY40FX3,Laptop Dell Latitude 3420,LAP,M-AB5CBB65FB,HCM,,SCWSMMA0,23019380,IN_USE,1,1,Hostname: AMMAVNITC000102; CPU: 1400 MHz 11th Gen Intel Core i5-1135G7 @ 2.40GHz; RAM: 16; Disk: 512,OFFICE_ASSET,Asset management/Office/Office assets.xlsx#Sheet1!row=96 | Audit 2026 device/Office assets.xlsx#Asset!row=94,false,
AID:22VN00000103,22VN00000103,22VN00000103,69LXDX3,Laptop Dell Latitude 3420,LAP,M-AB5CBB65FB,HCM,,SCMDMMA0,23019421,IN_USE,1,1,Hostname: AMMAVNLOC000103; CPU: 1400 MHz 11th Gen Intel Core i5-1135G7 @ 2.40GHz; RAM: 16; Disk: 512,OFFICE_ASSET,Asset management/Office/Office assets.xlsx#Sheet1!row=97 | Audit 2026 device/Office assets.xlsx#Asset!row=95,false,
AID:22VN00000104,22VN00000104,22VN00000104,29XCZH3,Laptop Dell Latitude 5420,LAP,M-485AB63FDB,HCM,,SCBDMMA0,23024603,IN_USE,1,1,Hostname: AMMAVNAMC000104; CPU: 11th GEN Intel(R) i5 -1135g7@ 2.40Ghz; RAM: 16; Disk: 512,OFFICE_ASSET,Asset management/Office/Office assets.xlsx#Sheet1!row=98 | Audit 2026 device/Office assets.xlsx#Asset!row=96,false,
AID:22VN00000105,22VN00000105,22VN00000105,5CG3401CPM,Laptop HP Elite x360 1040,LAP,M-39E74F20EF,HCM,,SCACMMA0,23019369,IN_USE,1,1,Hostname: AMMAVNACC000105; CPU: 13th GEN Intel(R) i7 -1355U 1.70Ghz; RAM: 16; Disk: 1TB,OFFICE_ASSET,Asset management/Office/Office assets.xlsx#Sheet1!row=99 | Audit 2026 device/Office assets.xlsx#Asset!row=97,false,
AID:22VN00000106,22VN00000106,22VN00000106,5CG3404MX5,Laptop HP Elite x360 1040,LAP,M-39E74F20EF,HCM,,SCMDMMA0,23019368,IN_USE,1,1,Hostname: AMMAVNAMC000106; CPU: 13th GEN Intel(R) i7 -1355U 1.70Ghz; Disk: 1TB,OFFICE_ASSET,Asset management/Office/Office assets.xlsx#Sheet1!row=100 | Audit 2026 device/Office assets.xlsx#Asset!row=98,false,
AID:22VN00110009,22VN00110009,22VN00110009,5CG11088PT,Laptop HP 14s-cf2xxx,LAP,M-FA43C641B7,HCM,,SCITMMA0,24024355,IN_USE,1,1,Hostname: AMMAVNITC000029; CPU: 1100 MHz Pentium Silver N5030; RAM: 8; Disk: 250,OFFICE_ASSET,Asset management/Office/Office assets.xlsx#Sheet1!row=101 | Audit 2026 device/Office assets.xlsx#Asset!row=99 | Audit 2026 device/Office assets.xlsx#Asset!row=100,false,
AID:22VN00110044,22VN00110044,22VN00110044,5CD236BCT6,Laptop HP 14s-cf2xxx,LAP,M-FA43C641B7,HCM,,SCMKMMA0,23025944,IN_USE,1,1,Hostname: AMMAVNMRC000116; CPU: 2500 MHz 12th Gen Intel Core i5-1235U; RAM: 16; Disk: 512,OFFICE_ASSET,Asset management/Office/Office assets.xlsx#Sheet1!row=102,false,
SN:5CD3094YZR,SN-5CD3094YZR,,5CD3094YZR,Laptop HP ProBook 440 G9,LAP,M-63CA6AA708,HCM,,,,AVAILABLE,1,1,Hostname: AMMAVNMRC000117; CPU: 2500 MHz 12th Gen Intel Core i5-1235U; RAM: 16; Disk: 512,OFFICE_ASSET,Asset management/Office/Office assets.xlsx#Sheet1!row=103,false,
OBS:1ED85FB890,DATA-C84683B1C332,,,Office Asset,OFF,M-1EA571DA3F,HCM,,,,AVAILABLE,1,1,,OFFICE_ASSET,Asset management/Office/Office assets.xlsx#Sheet1!row=104,true,
AID:22VN00000036,22VN00000036,22VN00000036,,Office Asset,OFF,M-1EA571DA3F,HCM,,,,AVAILABLE,1,1,,OFFICE_ASSET,Audit 2026 device/Office assets.xlsx#Asset!row=103,false,
AID:22VN00000079,22VN00000079,22VN00000079,,Office Asset,OFF,M-1EA571DA3F,HCM,,,,AVAILABLE,1,1,,OFFICE_ASSET,Audit 2026 device/Office assets.xlsx#Asset!row=107,false,
AID:22VN00110003,22VN00110003,22VN00110003,,Office Asset,OFF,M-1EA571DA3F,HCM,,,,AVAILABLE,1,1,,OFFICE_ASSET,Audit 2026 device/Office assets.xlsx#Asset!row=108,false,
AID:22VN00000089,22VN00000089,22VN00000089,,Office Asset,OFF,M-1EA571DA3F,HCM,,,,AVAILABLE,1,1,,OFFICE_ASSET,Audit 2026 device/Office assets.xlsx#Asset!row=109,false,
AID:22VN00000093,22VN00000093,22VN00000093,,Office Asset,OFF,M-1EA571DA3F,HCM,,,,AVAILABLE,1,1,,OFFICE_ASSET,Audit 2026 device/Office assets.xlsx#Asset!row=110,false,
SN:8CC3161T0J,SN-8CC3161T0J,,8CC3161T0J,Mini Pc,POS,M-342A24822F,A001,,,,IN_USE,1,1,Source quantity 1; unit 1,STORE_AUDIT,Audit 2026 device/Data store/Audit/A001.xlsx#A001!row=2,false,A001
OBS:BBA8660547,DATA-AC46D842F496,,,Keyboard,POS,M-763A1D1E90,A001,,,,IN_USE,1,1,Source quantity 1; unit 1,STORE_AUDIT,Audit 2026 device/Data store/Audit/A001.xlsx#A001!row=3,true,A001
OBS:6FD56E4AAD,DATA-32036092FD5A,,,Mouse,POS,M-C4141157CB,A001,,,,IN_USE,1,1,Source quantity 1; unit 1,STORE_AUDIT,Audit 2026 device/Data store/Audit/A001.xlsx#A001!row=4,true,A001
SN:20201130040,SN-20201130040,,20201130040,Cash Drawer,POS,M-C37B899178,A001,,,,IN_USE,1,1,Source quantity 1; unit 1,STORE_AUDIT,Audit 2026 device/Data store/Audit/A001.xlsx#A001!row=5,false,A001
SN:VFD220U13B20120035,SN-VFD220U13B20120035,,VFD220U13B20120035,Pole Display,POS,M-F1D669CAC8,A001,,,,IN_USE,1,1,Source quantity 1; unit 1,STORE_AUDIT,Audit 2026 device/Data store/Audit/A001.xlsx#A001!row=6,false,A001
SN:G21M82792,SN-G21M82792,,G21M82792,Scanning gun,POS,M-CD90B4BBAE,A001,,,,IN_USE,1,1,Source quantity 1; unit 1,STORE_AUDIT,Audit 2026 device/Data store/Audit/A001.xlsx#A001!row=7,false,A001
SN:1CR82307C4,SN-1CR82307C4,,1CR82307C4,Monitor,POS,M-1EBD026F66,A001,,,,IN_USE,1,1,Source quantity 1; unit 1,STORE_AUDIT,Audit 2026 device/Data store/Audit/A001.xlsx#A001!row=8,false,A001
SN:X7B9022774,SN-X7B9022774,,X7B9022774,Bill Printer,BACKEND,M-A44B40D714,A001,,,,IN_USE,1,1,Source quantity 1; unit 1,STORE_AUDIT,Audit 2026 device/Data store/Audit/A001.xlsx#A001!row=9,false,A001
SN:PSZ27181AHK,SN-PSZ27181AHK,,PSZ27181AHK,"Switch (Internal Switch-POS, TF, Wifi)",NET,M-7359091762,A001,,,,IN_USE,1,1,Source quantity 1; unit 1,STORE_AUDIT,Audit 2026 device/Data store/Audit/A001.xlsx#A001!row=10,false,A001
SN:AC8BA9548380,SN-AC8BA9548380,,AC8BA9548380,Access Point,NET,M-0EF0AAD3FE,A001,,,,IN_USE,1,1,Source quantity 1; unit 1,STORE_AUDIT,Audit 2026 device/Data store/Audit/A001.xlsx#A001!row=11,false,A001
SN:FGT40FTK2309D2D4,SN-FGT40FTK2309D2D4,,FGT40FTK2309D2D4,Firewall,NET,M-1D807E3F07,A001,,,,IN_USE,1,1,Source quantity 1; unit 1,STORE_AUDIT,Audit 2026 device/Data store/Audit/A001.xlsx#A001!row=12,false,A001
SN:CNB3Q9MLY6,SN-CNB3Q9MLY6,,CNB3Q9MLY6,Printer,BACKEND,M-D1FAD0A5C2,A001,,,,IN_USE,1,1,Source quantity 1; unit 1,STORE_AUDIT,Audit 2026 device/Data store/Audit/A001.xlsx#A001!row=13,false,A001
SN:S24165523020818,SN-S24165523020818,,S24165523020818,PDT,PDT,M-3CA18C0ABD,A001,,,,IN_USE,1,1,Source quantity 1; unit 1,STORE_AUDIT,Audit 2026 device/Data store/Audit/A001.xlsx#A001!row=14,false,A001
SN:F7N4GGJ73G,SN-F7N4GGJ73G,,F7N4GGJ73G,Ipad,BACKEND,M-E1FE6E4D6E,A001,,,,IN_USE,1,1,Source quantity 1; unit 1,STORE_AUDIT,Audit 2026 device/Data store/Audit/A001.xlsx#A001!row=15,false,A001
SN:2530022102301145,SN-2530022102301145,,2530022102301145,PDT's Printer,PDT,M-C716B96A9A,A001,,,,IN_USE,1,1,Source quantity 1; unit 1,STORE_AUDIT,Audit 2026 device/Data store/Audit/A001.xlsx#A001!row=16 | Audit 2026 device/Data store/Audit/VO02.xlsx#VO02!row=43,true,A001
SN:8CC3213L46,SN-8CC3213L46,,8CC3213L46,Mini Pc,POS,M-5D3B848B56,A002,,,,IN_USE,1,1,Source quantity 1; unit 1,STORE_AUDIT,Audit 2026 device/Data store/Audit/A002.xlsx#A002!row=2,false,A002
SN:20201130017,SN-20201130017,,20201130017,Cash Drawer,POS,M-C37B899178,A002,,,,IN_USE,1,1,Source quantity 1; unit 1,STORE_AUDIT,Audit 2026 device/Data store/Audit/A002.xlsx#A002!row=3,false,A002
SN:211130000023,SN-211130000023,,211130000023,Pole Display,POS,M-F1D669CAC8,A002,,,,IN_USE,1,1,Source quantity 1; unit 1,STORE_AUDIT,Audit 2026 device/Data store/Audit/A002.xlsx#A002!row=4,false,A002
SN:G23D05251,SN-G23D05251,,G23D05251,Scanning gun,POS,M-CD90B4BBAE,A002,,,,IN_USE,1,1,Source quantity 1; unit 1,STORE_AUDIT,Audit 2026 device/Data store/Audit/A002.xlsx#A002!row=5,false,A002
SN:1CR82307CJ,SN-1CR82307CJ,,1CR82307CJ,Monitor,POS,M-1EBD026F66,A002,,,,IN_USE,1,1,Source quantity 1; unit 1,STORE_AUDIT,Audit 2026 device/Data store/Audit/A002.xlsx#A002!row=6,false,A002
SN:X7BA004104,SN-X7BA004104,,X7BA004104,Bill Printer,BACKEND,M-A44B40D714,A002,,,,IN_USE,1,1,Source quantity 1; unit 1,STORE_AUDIT,Audit 2026 device/Data store/Audit/A002.xlsx#A002!row=7,false,A002
SN:PSZ27181D30,SN-PSZ27181D30,,PSZ27181D30,"Switch (Internal Switch-POS, TF, Wifi)",NET,M-7359091762,A002,,,,IN_USE,1,1,Source quantity 1; unit 1,STORE_AUDIT,Audit 2026 device/Data store/Audit/A002.xlsx#A002!row=8,false,A002
SN:9C05D679853C,SN-9C05D679853C,,9C05D679853C,Access Point,NET,M-6C874DB6B9,A002,,,,IN_USE,1,1,Source quantity 1; unit 1,STORE_AUDIT,Audit 2026 device/Data store/Audit/A002.xlsx#A002!row=9,false,A002
SN:FGT40FTK24007310,SN-FGT40FTK24007310,,FGT40FTK24007310,Firewall,NET,M-ECEE1E3A15,A002,,,,IN_USE,1,1,Source quantity 1; unit 1,STORE_AUDIT,Audit 2026 device/Data store/Audit/A002.xlsx#A002!row=10,false,A002
SN:ZAU82MM037794,SN-ZAU82MM037794,,ZAU82MM037794,Access Point,NET,M-15204634F4,A002,,,,IN_USE,1,1,Source quantity 1; unit 1,STORE_AUDIT,Audit 2026 device/Data store/Audit/A002.xlsx#A002!row=11,false,A002
SN:CNB3R38327,SN-CNB3R38327,,CNB3R38327,Printer,BACKEND,M-21E65D4CEE,A002,,,,IN_USE,1,1,Source quantity 1; unit 1,STORE_AUDIT,Audit 2026 device/Data store/Audit/A002.xlsx#A002!row=12,false,A002
SN:SK5QKJH956L,SN-SK5QKJH956L,,SK5QKJH956L,IPad,BACKEND,M-E1FE6E4D6E,A002,,,,IN_USE,1,1,Source quantity 1; unit 1,STORE_AUDIT,Audit 2026 device/Data store/Audit/A002.xlsx#A002!row=13,false,A002
SN:24161523020360,SN-24161523020360,,24161523020360,PDT,PDT,M-582F976207,A002,,,,IN_USE,1,1,Source quantity 1; unit 1,STORE_AUDIT,Audit 2026 device/Data store/Audit/A002.xlsx#A002!row=14,false,A002
SN:234123052300546,SN-234123052300546,,234123052300546,PDT's Printer,PDT,M-8F37E7C9A1,A002,,,,IN_USE,1,1,Source quantity 1; unit 1,STORE_AUDIT,Audit 2026 device/Data store/Audit/A002.xlsx#A002!row=15,false,A002
SN:4CE234DC69,SN-4CE234DC69,,4CE234DC69,Mini Pc,POS,M-179027EACA,DSV,A003,,,AVAILABLE,1,1,DSV | Source quantity 1; unit 1,STORE_AUDIT,Audit 2026 device/Data store/Audit/A003.xlsx#A003 ASICS GOLD COAST!row=2,false,A003
OBS:211A5CB99C,DATA-394C9AB9647F,,,Keyboard,POS,M-763A1D1E90,A003,,,,IN_USE,1,1,Source quantity 1; unit 1,STORE_AUDIT,Audit 2026 device/Data store/Audit/A003.xlsx#A003 ASICS GOLD COAST!row=3,true,A003
OBS:1858B49488,DATA-E926706D67C2,,,Mouse,POS,M-C4141157CB,A003,,,,IN_USE,1,1,Source quantity 1; unit 1,STORE_AUDIT,Audit 2026 device/Data store/Audit/A003.xlsx#A003 ASICS GOLD COAST!row=4,true,A003
SN:MK410211201036,SN-MK410211201036,,MK410211201036,Cash Drawer,POS,M-90AB8F8668,A003,,,,IN_USE,1,1,Source quantity 1; unit 1,STORE_AUDIT,Audit 2026 device/Data store/Audit/A003.xlsx#A003 ASICS GOLD COAST!row=5,false,A003
SN:211130000033,SN-211130000033,,211130000033,Pole Display,POS,M-8359CEDB8A,A003,,,,IN_USE,1,1,Source quantity 1; unit 1,STORE_AUDIT,Audit 2026 device/Data store/Audit/A003.xlsx#A003 ASICS GOLD COAST!row=6,false,A003
SN:G00LH223008,SN-G00LH223008,,G00LH223008,Scanning gun,POS,M-66AC3BDEB6,A003,,,,IN_USE,1,1,Source quantity 1; unit 1,STORE_AUDIT,Audit 2026 device/Data store/Audit/A003.xlsx#A003 ASICS GOLD COAST!row=7,false,A003
SN:3CQ7490XG4,SN-3CQ7490XG4,,3CQ7490XG4,Monitor,POS,M-0509F825CA,A003,,,,IN_USE,1,1,Source quantity 1; unit 1,STORE_AUDIT,Audit 2026 device/Data store/Audit/A003.xlsx#A003 ASICS GOLD COAST!row=8 | Audit 2026 device/Data store/Audit/VN09.xlsx#VN09!row=2,true,A003
SN:X7BA007405,SN-X7BA007405,,X7BA007405,Bill Printer,BACKEND,M-A44B40D714,A003,,,,IN_USE,1,1,Source quantity 1; unit 1,STORE_AUDIT,Audit 2026 device/Data store/Audit/A003.xlsx#A003 ASICS GOLD COAST!row=9,false,A003
SN:PSZ27111C7N,SN-PSZ27111C7N,,PSZ27111C7N,"Switch (Internal Switch-POS, TF, Wifi)",NET,M-7359091762,A003,,,,IN_USE,1,1,Source quantity 1; unit 1,STORE_AUDIT,Audit 2026 device/Data store/Audit/A003.xlsx#A003 ASICS GOLD COAST!row=10,false,A003
SN:8C30664CA1F4,SN-8C30664CA1F4,,8C30664CA1F4,Access Point,NET,M-659A0372E9,A003,,,,IN_USE,1,1,Source quantity 1; unit 1,STORE_AUDIT,Audit 2026 device/Data store/Audit/A003.xlsx#A003 ASICS GOLD COAST!row=11,false,A003
SN:FGT40FTK25088855,SN-FGT40FTK25088855,,FGT40FTK25088855,Firewall,NET,M-1D807E3F07,A003,,,,IN_USE,1,1,Source quantity 1; unit 1,STORE_AUDIT,Audit 2026 device/Data store/Audit/A003.xlsx#A003 ASICS GOLD COAST!row=12,false,A003
SN:NMYA744308,SN-NMYA744308,,NMYA744308,Printer,BACKEND,M-86DBA21F9C,A003,,,,IN_USE,1,1,Source quantity 1; unit 1,STORE_AUDIT,Audit 2026 device/Data store/Audit/A003.xlsx#A003 ASICS GOLD COAST!row=13,false,A003
SN:S22182523023415,SN-S22182523023415,,S22182523023415,PDT,PDT,M-3CA18C0ABD,DSV,A003,,,AVAILABLE,1,1,DSV | Source quantity 1; unit 1,STORE_AUDIT,Audit 2026 device/Data store/Audit/A003.xlsx#A003 ASICS GOLD COAST!row=14,false,A003
SN:F36H6L0DM0,SN-F36H6L0DM0,,F36H6L0DM0,Ipad,BACKEND,M-E1FE6E4D6E,A003,,,,IN_USE,1,1,Source quantity 1; unit 1,STORE_AUDIT,Audit 2026 device/Data store/Audit/A003.xlsx#A003 ASICS GOLD COAST!row=15,false,A003
SN:XXZTN261200010,SN-XXZTN261200010,,XXZTN261200010,PDT's Printer,PDT,M-B9A38D5EC4,A003,,,,IN_USE,1,1,Source quantity 1; unit 1,STORE_AUDIT,Audit 2026 device/Data store/Audit/A003.xlsx#A003 ASICS GOLD COAST!row=16,false,A003
SN:8CC3500VNJ8CC3500VSH,SN-8CC3500VNJ8CC3500VSH,,8CC3500VNJ8CC3500VSH,Mini Pc,POS,M-342A24822F,V003,,,,IN_USE,2,1,Source quantity 2; unit 1,STORE_AUDIT,Audit 2026 device/Data store/Audit/V003.xlsx#V003!row=2,false,V003
OBS:5C3EFEBBED,DATA-2B144B4E15CD,,,Mini Pc,POS,M-342A24822F,V003,,,,IN_USE,2,2,Source quantity 2; unit 2,STORE_AUDIT,Audit 2026 device/Data store/Audit/V003.xlsx#V003!row=2,true,V003
SN:1C6A1B99A032,SN-1C6A1B99A032,,1C6A1B99A032,Switch,NET,M-AF0FB2078E,V003,,,,IN_USE,1,1,Source quantity 1; unit 1,STORE_AUDIT,Audit 2026 device/Data store/Audit/V003.xlsx#V003!row=3,false,V003
SN:KWC29190Y0L,SN-KWC29190Y0L,,KWC29190Y0L,Switch,NET,M-7359091762,V003,,,,IN_USE,1,1,Source quantity 1; unit 1,STORE_AUDIT,Audit 2026 device/Data store/Audit/V003.xlsx#V003!row=4,false,V003
SN:1C6A1B1F094D1C6A1B1EFD411C6A1B1EFB0D,SN-1C6A1B1F094D1C6A1B1EFD411C6A1B1EFB0D,,1C6A1B1F094D1C6A1B1EFD411C6A1B1EFB0D,Access Point,NET,M-7147363B65,V003,,,,IN_USE,3,1,Source quantity 3; unit 1,STORE_AUDIT,Audit 2026 device/Data store/Audit/V003.xlsx#V003!row=5,false,V003
OBS:EE58298147,DATA-E74467F39FDD,,,Access Point,NET,M-7147363B65,V003,,,,IN_USE,3,2,Source quantity 3; unit 2,STORE_AUDIT,Audit 2026 device/Data store/Audit/V003.xlsx#V003!row=5,true,V003
OBS:98B3472EE1,DATA-2A078A0392B9,,,Access Point,NET,M-7147363B65,V003,,,,IN_USE,3,3,Source quantity 3; unit 3,STORE_AUDIT,Audit 2026 device/Data store/Audit/V003.xlsx#V003!row=5,true,V003
OBS:78C85CD4CF,DATA-B4C2938F6E11,,,Sim Data (O2O),NET,M-BE5E8A0E77,V003,,,,IN_USE,1,1,Source quantity 1; unit 1,STORE_AUDIT,Audit 2026 device/Data store/Audit/V003.xlsx#V003!row=6,true,V003
SN:352714115510901S24165523020007S24164523022749S24144523021867S24164523022750,SN-352714115510901S24165523020007S24164523022749S24144523021867S24164523022750,,352714115510901S24165523020007S24164523022749S24144523021867S24164523022750,PDT,PDT,M-3CA18C0ABD,V003,,,,IN_USE,5,1,Source quantity 5; unit 1,STORE_AUDIT,Audit 2026 device/Data store/Audit/V003.xlsx#V003!row=7,false,V003
OBS:BFBBB52104,DATA-707C10F6B855,,,PDT,PDT,M-3CA18C0ABD,V003,,,,IN_USE,5,2,Source quantity 5; unit 2,STORE_AUDIT,Audit 2026 device/Data store/Audit/V003.xlsx#V003!row=7,true,V003
OBS:4B8209B328,DATA-37A7F93D13A7,,,PDT,PDT,M-3CA18C0ABD,V003,,,,IN_USE,5,3,Source quantity 5; unit 3,STORE_AUDIT,Audit 2026 device/Data store/Audit/V003.xlsx#V003!row=7,true,V003
OBS:C1E271B0E6,DATA-C1B64A911D57,,,PDT,PDT,M-3CA18C0ABD,V003,,,,IN_USE,5,4,Source quantity 5; unit 4,STORE_AUDIT,Audit 2026 device/Data store/Audit/V003.xlsx#V003!row=7,true,V003
OBS:94D4689282,DATA-E53AA3ABADCB,,,PDT,PDT,M-3CA18C0ABD,V003,,,,IN_USE,5,5,Source quantity 5; unit 5,STORE_AUDIT,Audit 2026 device/Data store/Audit/V003.xlsx#V003!row=7,true,V003
SN:25341230523005322530022102301146,SN-25341230523005322530022102301146,,25341230523005322530022102301146,PDT printer,PDT,M-C716B96A9A,V003,,,,IN_USE,2,1,Source quantity 2; unit 1,STORE_AUDIT,Audit 2026 device/Data store/Audit/V003.xlsx#V003!row=8,false,V003
OBS:63FED7548B,DATA-E00C279EE73A,,,PDT printer,PDT,M-C716B96A9A,V003,,,,IN_USE,2,2,Source quantity 2; unit 2,STORE_AUDIT,Audit 2026 device/Data store/Audit/V003.xlsx#V003!row=8,true,V003
SN:356160461428445,SN-356160461428445,,356160461428445,Tablet for o2o,BACKEND,M-01B48088F2,V003,,,,IN_USE,1,1,Source quantity 1; unit 1,STORE_AUDIT,Audit 2026 device/Data store/Audit/V003.xlsx#V003!row=9,false,V003
SN:I1624C0004,SN-I1624C0004,,I1624C0004,Printer for o2o,BACKEND,M-705B0BA418,V003,,,,IN_USE,1,1,Source quantity 1; unit 1,STORE_AUDIT,Audit 2026 device/Data store/Audit/V003.xlsx#V003!row=10,false,V003
SN:91DR874,SN-91DR874,,91DR874,PC Workstation,POS,M-CFD20E85A4,V003,,,,IN_USE,1,1,Source quantity 1; unit 1,STORE_AUDIT,Audit 2026 device/Data store/Audit/V003.xlsx#V003!row=11,false,V003
SN:3CQ3240J7T3CQ23206621CR82307C4,SN-3CQ3240J7T3CQ23206621CR82307C4,,3CQ3240J7T3CQ23206621CR82307C4,Monitor,POS,M-523DDF9C2A,V003,,,,IN_USE,3,1,Source quantity 3; unit 1,STORE_AUDIT,Audit 2026 device/Data store/Audit/V003.xlsx#V003!row=12,false,V003
OBS:46FE9DC26B,DATA-DFDF1400A536,,,Monitor,POS,M-523DDF9C2A,V003,,,,IN_USE,3,2,Source quantity 3; unit 2,STORE_AUDIT,Audit 2026 device/Data store/Audit/V003.xlsx#V003!row=12,true,V003
OBS:93D8FF155C,DATA-DC03A14F2A13,,,Monitor,POS,M-523DDF9C2A,V003,,,,IN_USE,3,3,Source quantity 3; unit 3,STORE_AUDIT,Audit 2026 device/Data store/Audit/V003.xlsx#V003!row=12,true,V003
OBS:EBA546346C,DATA-2E8D3171C7A0,,,Keyboard,POS,M-763A1D1E90,V003,,,,IN_USE,3,1,Source quantity 3; unit 1,STORE_AUDIT,Audit 2026 device/Data store/Audit/V003.xlsx#V003!row=13,true,V003
OBS:0EC63D6202,DATA-84D3B78F601A,,,Keyboard,POS,M-763A1D1E90,V003,,,,IN_USE,3,2,Source quantity 3; unit 2,STORE_AUDIT,Audit 2026 device/Data store/Audit/V003.xlsx#V003!row=13,true,V003
OBS:55260DE4E4,DATA-C8F60336380A,,,Keyboard,POS,M-763A1D1E90,V003,,,,IN_USE,3,3,Source quantity 3; unit 3,STORE_AUDIT,Audit 2026 device/Data store/Audit/V003.xlsx#V003!row=13,true,V003
OBS:A9A22EEF7A,DATA-D4F17A7B3D09,,,Mouse,POS,M-C4141157CB,V003,,,,IN_USE,3,1,Source quantity 3; unit 1,STORE_AUDIT,Audit 2026 device/Data store/Audit/V003.xlsx#V003!row=14,true,V003
OBS:3B406E52C3,DATA-CE6CD7519774,,,Mouse,POS,M-C4141157CB,V003,,,,IN_USE,3,2,Source quantity 3; unit 2,STORE_AUDIT,Audit 2026 device/Data store/Audit/V003.xlsx#V003!row=14,true,V003
OBS:98151954EF,DATA-35F19E3751F0,,,Mouse,POS,M-C4141157CB,V003,,,,IN_USE,3,3,Source quantity 3; unit 3,STORE_AUDIT,Audit 2026 device/Data store/Audit/V003.xlsx#V003!row=14,true,V003
SN:MK410221102176MK410221102399,SN-MK410221102176MK410221102399,,MK410221102176MK410221102399,Cash Drawer,POS,M-90AB8F8668,V003,,,,IN_USE,2,1,Source quantity 2; unit 1,STORE_AUDIT,Audit 2026 device/Data store/Audit/V003.xlsx#V003!row=15,false,V003
OBS:EEEE67C11D,DATA-B866D0ED96A3,,,Cash Drawer,POS,M-90AB8F8668,V003,,,,IN_USE,2,2,Source quantity 2; unit 2,STORE_AUDIT,Audit 2026 device/Data store/Audit/V003.xlsx#V003!row=15,true,V003
SN:2TD311NAFS2TD3311NAFQ,SN-2TD311NAFS2TD3311NAFQ,,2TD311NAFS2TD3311NAFQ,Pole Display,POS,M-BDF190445A,V003,,,,IN_USE,2,1,Source quantity 2; unit 1,STORE_AUDIT,Audit 2026 device/Data store/Audit/V003.xlsx#V003!row=16,false,V003
OBS:0C175DC24E,DATA-AC2022F961A5,,,Pole Display,POS,M-BDF190445A,V003,,,,IN_USE,2,2,Source quantity 2; unit 2,STORE_AUDIT,Audit 2026 device/Data store/Audit/V003.xlsx#V003!row=16,true,V003
SN:S24019523702434SCANS24017523702131DOCKSCANS24020523701951SCANS24016523701462DOCKSCAN,SN-S24019523702434SCANS24017523702131DOCKSCANS24020523701951SCANS24016523701462DOCKSCAN,,S24019523702434SCANS24017523702131DOCKSCANS24020523701951SCANS24016523701462DOCKSCAN,Scanner,POS,M-B87E31774F,V003,,,,IN_USE,2,1,Source quantity 2; unit 1,STORE_AUDIT,Audit 2026 device/Data store/Audit/V003.xlsx#V003!row=17,false,V003
OBS:4545EA137F,DATA-01C3AFBF6D42,,,Scanner,POS,M-B87E31774F,V003,,,,IN_USE,2,2,Source quantity 2; unit 2,STORE_AUDIT,Audit 2026 device/Data store/Audit/V003.xlsx#V003!row=17,true,V003
SN:25300221023011402534123052300530,SN-25300221023011402534123052300530,,25300221023011402534123052300530,Bill printer,BACKEND,M-DA9914F8CA,V003,,,,IN_USE,2,1,Source quantity 2; unit 1,STORE_AUDIT,Audit 2026 device/Data store/Audit/V003.xlsx#V003!row=18,false,V003
OBS:C300F0E286,DATA-F8BE90038B12,,,Bill printer,BACKEND,M-DA9914F8CA,V003,,,,IN_USE,2,2,Source quantity 2; unit 2,STORE_AUDIT,Audit 2026 device/Data store/Audit/V003.xlsx#V003!row=18,true,V003
SN:CNB2Q9TRM8,SN-CNB2Q9TRM8,,CNB2Q9TRM8,A4 Printer,BACKEND,M-D1FAD0A5C2,V003,,,,IN_USE,1,1,Source quantity 1; unit 1,STORE_AUDIT,Audit 2026 device/Data store/Audit/V003.xlsx#V003!row=19,false,V003
SN:5CG3350NKD,SN-5CG3350NKD,,5CG3350NKD,Mpos,BACKEND,M-47245AD750,V003,,,,IN_USE,1,1,Source quantity 1; unit 1,STORE_AUDIT,Audit 2026 device/Data store/Audit/V003.xlsx#V003!row=20,false,V003
SN:2560023022000020,SN-2560023022000020,,2560023022000020,Printer for Mpos,BACKEND,M-16DEC98C69,V003,,,,IN_USE,1,1,Source quantity 1; unit 1,STORE_AUDIT,Audit 2026 device/Data store/Audit/V003.xlsx#V003!row=21,false,V003
SN:FGT60FTK23084659,SN-FGT60FTK23084659,,FGT60FTK23084659,Firewall,NET,M-2D200ACCF1,V003,,,,IN_USE,1,1,Source quantity 1; unit 1,STORE_AUDIT,Audit 2026 device/Data store/Audit/V003.xlsx#V003!row=22,false,V003
SN:S23069523701506,SN-S23069523701506,,S23069523701506,Dock zebra,BACKEND,M-EECBA061D0,V003,,,,IN_USE,1,1,Source quantity 1; unit 1,STORE_AUDIT,Audit 2026 device/Data store/Audit/V003.xlsx#V003!row=23,false,V003
SN:8CC3190ZZK,SN-8CC3190ZZK,,8CC3190ZZK,Mini Pc,POS,M-521E06FADD,VA01,,,,IN_USE,1,1,Source quantity 1; unit 1,STORE_AUDIT,Audit 2026 device/Data store/Audit/VA01.xlsx#VA01!row=2 | Audit 2026 device/Data store/Audit/VA01.xlsx#Sheet1!row=2,false,VA01
OBS:7AA234F871,DATA-432BA719F113,,,Keyboard,POS,M-763A1D1E90,VA01,,,,IN_USE,1,1,Source quantity 1; unit 1,STORE_AUDIT,Audit 2026 device/Data store/Audit/VA01.xlsx#VA01!row=3,true,VA01
OBS:1B59FBD0E4,DATA-2BDD6E043D6E,,,Mouse,POS,M-C4141157CB,VA01,,,,IN_USE,1,1,Source quantity 1; unit 1,STORE_AUDIT,Audit 2026 device/Data store/Audit/VA01.xlsx#VA01!row=4,true,VA01
SN:MK410221102375,SN-MK410221102375,,MK410221102375,Cash Drawer,POS,M-90AB8F8668,VA01,,,,IN_USE,1,1,Source quantity 1; unit 1,STORE_AUDIT,Audit 2026 device/Data store/Audit/VA01.xlsx#VA01!row=5 | Audit 2026 device/Data store/Audit/VA01.xlsx#Sheet1!row=5 | Audit 2026 device/Data store/Audit/VA05.xlsx#VA05!row=5,true,VA01
SN:D190928010059,SN-D190928010059,,D190928010059,Pole Display,POS,M-F1D669CAC8,VA01,,,,IN_USE,1,1,Source quantity 1; unit 1,STORE_AUDIT,Audit 2026 device/Data store/Audit/VA01.xlsx#VA01!row=6 | Audit 2026 device/Data store/Audit/VA01.xlsx#Sheet1!row=6 | Audit 2026 device/Data store/Audit/VA05.xlsx#VA05!row=6,true,VA01
SN:G23C76633,SN-G23C76633,,G23C76633,Scanning gun,POS,M-CD90B4BBAE,VA01,,,,IN_USE,1,1,Source quantity 1; unit 1,STORE_AUDIT,Audit 2026 device/Data store/Audit/VA01.xlsx#VA01!row=7 | Audit 2026 device/Data store/Audit/VA01.xlsx#Sheet1!row=7 | Audit 2026 device/Data store/Audit/VA05.xlsx#VA05!row=7,true,VA01
SN:3CQ23207GZ,SN-3CQ23207GZ,,3CQ23207GZ,Monitor,POS,M-744A821E88,VA01,,,,IN_USE,1,1,Source quantity 1; unit 1,STORE_AUDIT,Audit 2026 device/Data store/Audit/VA01.xlsx#VA01!row=8 | Audit 2026 device/Data store/Audit/VA05.xlsx#VA05!row=8,true,VA01
SN:X7B9027872,SN-X7B9027872,,X7B9027872,Bill Printer,BACKEND,M-A44B40D714,VA01,,,,IN_USE,1,1,Source quantity 1; unit 1,STORE_AUDIT,Audit 2026 device/Data store/Audit/VA01.xlsx#VA01!row=9 | Audit 2026 device/Data store/Audit/VA01.xlsx#Sheet1!row=9 | Audit 2026 device/Data store/Audit/VA05.xlsx#VA05!row=9,true,VA01
SN:PSZ27111C9M,SN-PSZ27111C9M,,PSZ27111C9M,"Switch (Internal Switch-POS, TF, Wifi)",NET,M-7359091762,VA01,,,,IN_USE,1,1,Source quantity 1; unit 1,STORE_AUDIT,Audit 2026 device/Data store/Audit/VA01.xlsx#VA01!row=10,false,VA01
SN:9C05D67987ED,SN-9C05D67987ED,,9C05D67987ED,Access Point,NET,M-6EF0B7C827,VA01,,,,IN_USE,1,1,Source quantity 1; unit 1,STORE_AUDIT,Audit 2026 device/Data store/Audit/VA01.xlsx#VA01!row=11,false,VA01
SN:FGT40FTK24013312,SN-FGT40FTK24013312,,FGT40FTK24013312,Firewall,NET,M-1D807E3F07,VA01,,,,IN_USE,1,1,Source quantity 1; unit 1,STORE_AUDIT,Audit 2026 device/Data store/Audit/VA01.xlsx#VA01!row=12,false,VA01
SN:NMYA846446,SN-NMYA846446,,NMYA846446,Printer,BACKEND,M-86DBA21F9C,VA01,,,,IN_USE,1,1,Source quantity 1; unit 1,STORE_AUDIT,Audit 2026 device/Data store/Audit/VA01.xlsx#VA01!row=13 | Audit 2026 device/Data store/Audit/VA01.xlsx#Sheet1!row=14 | Audit 2026 device/Data store/Audit/VA05.xlsx#VA05!row=13,true,VA01
SN:862854053049828,SN-862854053049828,,862854053049828,Tablet (O2O),BACKEND,M-F7755C45DD,VA01,,,,IN_USE,1,1,Source quantity 1; unit 1,STORE_AUDIT,Audit 2026 device/Data store/Audit/VA01.xlsx#VA01!row=14,false,VA01
SN:I1623H0004,SN-I1623H0004,,I1623H0004,Printer (O2O),BACKEND,M-EE56F707EE,VA01,,,,IN_USE,1,1,Source quantity 1; unit 1,STORE_AUDIT,Audit 2026 device/Data store/Audit/VA01.xlsx#VA01!row=15,false,VA01
SN:24164523022661,SN-24164523022661,,24164523022661,PDT,PDT,M-3CA18C0ABD,VA01,,,,IN_USE,1,1,Source quantity 1; unit 1,STORE_AUDIT,Audit 2026 device/Data store/Audit/VA01.xlsx#VA01!row=16 | Audit 2026 device/Data store/Audit/VA01.xlsx#Sheet1!row=17,false,VA01
SN:2530022102300548,SN-2530022102300548,,2530022102300548,PDT's Printer,PDT,M-C716B96A9A,VA01,,,,IN_USE,1,1,Source quantity 1; unit 1,STORE_AUDIT,Audit 2026 device/Data store/Audit/VA01.xlsx#VA01!row=17,false,VA01
SN:KWC29190Y1C,SN-KWC29190Y1C,,KWC29190Y1C,"Switch (Internal Switch-POS, TF, Wifi)",NET,M-7359091762,VA01,,,,IN_USE,1,1,Source quantity 1; unit 1,STORE_AUDIT,Audit 2026 device/Data store/Audit/VA01.xlsx#Sheet1!row=10 | Audit 2026 device/Data store/Audit/VA19.xlsx#VA19!row=10,true,VA01
SN:9C05D67658B6,SN-9C05D67658B6,,9C05D67658B6,Access Point,NET,M-6EF0B7C827,VA01,,,,IN_USE,1,1,Source quantity 1; unit 1,STORE_AUDIT,Audit 2026 device/Data store/Audit/VA01.xlsx#Sheet1!row=11 | Audit 2026 device/Data store/Audit/VA19.xlsx#VA19!row=11,true,VA01
OBS:9052D7C58E,DATA-B3F005521368,,,Sim Data (O2O),NET,M-BE5E8A0E77,VA01,,,,IN_USE,1,1,Source quantity 1; unit 1,STORE_AUDIT,Audit 2026 device/Data store/Audit/VA01.xlsx#Sheet1!row=12,true,VA01
SN:FGT40FTK24086985,SN-FGT40FTK24086985,,FGT40FTK24086985,Firewall,NET,M-1D807E3F07,VA01,,,,IN_USE,1,1,Source quantity 1; unit 1,STORE_AUDIT,Audit 2026 device/Data store/Audit/VA01.xlsx#Sheet1!row=13 | Audit 2026 device/Data store/Audit/VA19.xlsx#VA19!row=13 | Audit 2026 device/Data store/Audit/VN07.xlsx#VN07!row=12,true,VA01
SN:I1623F0001,SN-I1623F0001,,I1623F0001,Printer (O2O),BACKEND,M-EE56F707EE,VA01,,,,IN_USE,1,1,Source quantity 1; unit 1,STORE_AUDIT,Audit 2026 device/Data store/Audit/VA01.xlsx#Sheet1!row=16 | Audit 2026 device/Data store/Audit/VA19.xlsx#VA19!row=16,true,VA01
SN:2530022102300950,SN-2530022102300950,,2530022102300950,PDT's Printer,PDT,M-C716B96A9A,VA01,,,,IN_USE,1,1,Source quantity 1; unit 1,STORE_AUDIT,Audit 2026 device/Data store/Audit/VA01.xlsx#Sheet1!row=18 | Audit 2026 device/Data store/Audit/VA19.xlsx#VA19!row=18,true,VA01
SN:8CC2452WZJ,SN-8CC2452WZJ,,8CC2452WZJ,Mini Pc,POS,M-521E06FADD,VA03,,,,IN_USE,1,1,Source quantity 1; unit 1,STORE_AUDIT,Audit 2026 device/Data store/Audit/VA03.xlsx#VA03!row=2,false,VA03
OBS:A6BC0F17F8,DATA-FB92E1B079A8,,,Keyboard,POS,M-763A1D1E90,VA03,,,,IN_USE,1,1,Source quantity 1; unit 1,STORE_AUDIT,Audit 2026 device/Data store/Audit/VA03.xlsx#VA03!row=3,true,VA03
OBS:68826B5C68,DATA-A15127B1B6C5,,,Mouse,POS,M-C4141157CB,VA03,,,,IN_USE,1,1,Source quantity 1; unit 1,STORE_AUDIT,Audit 2026 device/Data store/Audit/VA03.xlsx#VA03!row=4,true,VA03
SN:MK410221102387,SN-MK410221102387,,MK410221102387,Cash Drawer,POS,M-90AB8F8668,VA03,,,,IN_USE,1,1,Source quantity 1; unit 1,STORE_AUDIT,Audit 2026 device/Data store/Audit/VA03.xlsx#VA03!row=5,false,VA03
SN:ALCD20110003,SN-ALCD20110003,,ALCD20110003,Pole Display,POS,M-F1D669CAC8,VA03,,,,IN_USE,1,1,Source quantity 1; unit 1,STORE_AUDIT,Audit 2026 device/Data store/Audit/VA03.xlsx#VA03!row=6 | Audit 2026 device/Data store/Audit/VN09.xlsx#VN09!row=5,true,VA03
SN:G20I34943,SN-G20I34943,,G20I34943,Scanning gun,POS,M-CD90B4BBAE,VA03,,,,IN_USE,1,1,Source quantity 1; unit 1,STORE_AUDIT,Audit 2026 device/Data store/Audit/VA03.xlsx#VA03!row=7 | Audit 2026 device/Data store/Audit/VN09.xlsx#VN09!row=4,true,VA03
SN:1CR82307DL,SN-1CR82307DL,,1CR82307DL,Monitor,POS,M-1EBD026F66,VA03,,,,IN_USE,1,1,Source quantity 1; unit 1,STORE_AUDIT,Audit 2026 device/Data store/Audit/VA03.xlsx#VA03!row=8,false,VA03
SN:TCEY007587,SN-TCEY007587,,TCEY007587,Bill Printer,BACKEND,M-A44B40D714,VA03,,,,IN_USE,1,1,Source quantity 1; unit 1,STORE_AUDIT,Audit 2026 device/Data store/Audit/VA03.xlsx#VA03!row=9,false,VA03
SN:PSZ26391WEW,SN-PSZ26391WEW,,PSZ26391WEW,"Switch (Internal Switch-POS, TF, Wifi)",NET,M-7359091762,VA03,,,,IN_USE,1,1,Source quantity 1; unit 1,STORE_AUDIT,Audit 2026 device/Data store/Audit/VA03.xlsx#VA03!row=10,false,VA03
SN:9C05D67985DB,SN-9C05D67985DB,,9C05D67985DB,Access Point,NET,M-6EF0B7C827,VA03,,,,IN_USE,1,1,Source quantity 1; unit 1,STORE_AUDIT,Audit 2026 device/Data store/Audit/VA03.xlsx#VA03!row=11,false,VA03
SN:FGT40FTK24013962,SN-FGT40FTK24013962,,FGT40FTK24013962,Firewall,NET,M-1D807E3F07,VA03,,,,IN_USE,1,1,Source quantity 1; unit 1,STORE_AUDIT,Audit 2026 device/Data store/Audit/VA03.xlsx#VA03!row=12,false,VA03
SN:NMYA467017,SN-NMYA467017,,NMYA467017,Printer,BACKEND,M-86DBA21F9C,VA03,,,,IN_USE,1,1,Source quantity 1; unit 1,STORE_AUDIT,Audit 2026 device/Data store/Audit/VA03.xlsx#VA03!row=13,false,VA03
SN:24164523022789,SN-24164523022789,,24164523022789,PDT,PDT,M-3CA18C0ABD,VA03,,,,IN_USE,1,1,Source quantity 1; unit 1,STORE_AUDIT,Audit 2026 device/Data store/Audit/VA03.xlsx#VA03!row=14,false,VA03
SN:2530022102300551,SN-2530022102300551,,2530022102300551,PDT's Printer,PDT,M-C716B96A9A,VA03,,,,IN_USE,1,1,Source quantity 1; unit 1,STORE_AUDIT,Audit 2026 device/Data store/Audit/VA03.xlsx#VA03!row=15,false,VA03
OBS:BAF8FAED50,DATA-B0CCB9410731,,,Keyboard,POS,M-763A1D1E90,VA04,,,,IN_USE,1,1,Source quantity 1; unit 1,STORE_AUDIT,Audit 2026 device/Data store/Audit/VA04.xlsx#VA04!row=3,true,VA04
OBS:8F42313869,DATA-7D5FC1928F5D,,,Mouse,POS,M-C4141157CB,VA04,,,,IN_USE,1,1,Source quantity 1; unit 1,STORE_AUDIT,Audit 2026 device/Data store/Audit/VA04.xlsx#VA04!row=4,true,VA04
SN:G18C39498,SN-G18C39498,,G18C39498,Scanner,POS,M-CE4031F51A,VA04,,,,IN_USE,1,1,Source quantity 1; unit 1,STORE_AUDIT,Audit 2026 device/Data store/Audit/VA04.xlsx#VA04!row=5,false,VA04
SN:X7B9022768,SN-X7B9022768,,X7B9022768,Bill Printer,BACKEND,M-00AA7EECF1,VA04,,,,IN_USE,1,1,Source quantity 1; unit 1,STORE_AUDIT,Audit 2026 device/Data store/Audit/VA04.xlsx#VA04!row=6,false,VA04
OBS:2E76A39368,DATA-7D8CC1D52AAC,,,USB Hub,BACKEND,M-5BD12329B1,VA04,,,,IN_USE,1,1,Source quantity 1; unit 1,STORE_AUDIT,Audit 2026 device/Data store/Audit/VA04.xlsx#VA04!row=7,true,VA04
SN:22172W5002241,SN-22172W5002241,,22172W5002241,Network Switch,NET,M-90A7C731F1,VA04,,,,IN_USE,1,1,Source quantity 1; unit 1,STORE_AUDIT,Audit 2026 device/Data store/Audit/VA04.xlsx#VA04!row=8,false,VA04
SN:FGT40FTK24008605,SN-FGT40FTK24008605,,FGT40FTK24008605,Firewall,NET,M-ECEE1E3A15,VA04,,,,IN_USE,1,1,Source quantity 1; unit 1,STORE_AUDIT,Audit 2026 device/Data store/Audit/VA04.xlsx#VA04!row=9,false,VA04
SN:LQHA364224,SN-LQHA364224,,LQHA364224,Printer,BACKEND,M-127F3DD54B,VA04,,,,IN_USE,1,1,Source quantity 1; unit 1,STORE_AUDIT,Audit 2026 device/Data store/Audit/VA04.xlsx#VA04!row=10,false,VA04
SN:DHC4LQ3,SN-DHC4LQ3,,DHC4LQ3,Mini Pc,POS,M-9CE1E6AD64,VA05,,,,IN_USE,1,1,Source quantity 1; unit 1,STORE_AUDIT,Audit 2026 device/Data store/Audit/VA05.xlsx#VA05!row=2 | Audit 2026 device/Data store/Audit/VA16.xlsx#VA16!row=4,true,VA05
OBS:17DAEAAE8D,DATA-E075B24FA350,,,Keyboard,POS,M-763A1D1E90,VA05,,,,IN_USE,1,1,Source quantity 1; unit 1,STORE_AUDIT,Audit 2026 device/Data store/Audit/VA05.xlsx#VA05!row=3,true,VA05
OBS:FF4A1ED420,DATA-27704EB82DED,,,Mouse,POS,M-C4141157CB,VA05,,,,IN_USE,1,1,Source quantity 1; unit 1,STORE_AUDIT,Audit 2026 device/Data store/Audit/VA05.xlsx#VA05!row=4,true,VA05
SN:PSZ2717X8F,SN-PSZ2717X8F,,PSZ2717X8F,"Switch (Internal Switch-POS, TF, Wifi)",NET,M-7359091762,VA05,,,,IN_USE,1,1,Source quantity 1; unit 1,STORE_AUDIT,Audit 2026 device/Data store/Audit/VA05.xlsx#VA05!row=10,false,VA05
SN:9C05D67986B5,SN-9C05D67986B5,,9C05D67986B5,Access Point,NET,M-6EF0B7C827,VA05,,,,IN_USE,1,1,Source quantity 1; unit 1,STORE_AUDIT,Audit 2026 device/Data store/Audit/VA05.xlsx#VA05!row=11,false,VA05
SN:FGT40FTK24012852,SN-FGT40FTK24012852,,FGT40FTK24012852,Firewall,NET,M-1D807E3F07,VA05,,,,IN_USE,1,1,Source quantity 1; unit 1,STORE_AUDIT,Audit 2026 device/Data store/Audit/VA05.xlsx#VA05!row=12,false,VA05
SN:352294624027655,SN-352294624027655,,352294624027655,Tablet (O2O),BACKEND,M-0FDAAF7FF1,VA05,,,,IN_USE,1,1,Source quantity 1; unit 1,STORE_AUDIT,Audit 2026 device/Data store/Audit/VA05.xlsx#VA05!row=14,false,VA05
SN:I1622C0001,SN-I1622C0001,,I1622C0001,Printer (O2O),BACKEND,M-EE56F707EE,VA05,,,,IN_USE,1,1,Source quantity 1; unit 1,STORE_AUDIT,Audit 2026 device/Data store/Audit/VA05.xlsx#VA05!row=15,false,VA05
SN:24163523021407,SN-24163523021407,,24163523021407,PDT,PDT,M-3CA18C0ABD,VA05,,,,IN_USE,1,1,Source quantity 1; unit 1,STORE_AUDIT,Audit 2026 device/Data store/Audit/VA05.xlsx#VA05!row=16,false,VA05
SN:2534123052300530,SN-2534123052300530,,2534123052300530,PDT's Printer,PDT,M-C716B96A9A,VA05,,,,IN_USE,1,1,Source quantity 1; unit 1,STORE_AUDIT,Audit 2026 device/Data store/Audit/VA05.xlsx#VA05!row=17,false,VA05
SN:5CD250F9PY,SN-5CD250F9PY,,5CD250F9PY,Mini Pc,POS,M-521E06FADD,VA06,,,,IN_USE,1,1,Source quantity 1; unit 1,STORE_AUDIT,Audit 2026 device/Data store/Audit/VA06.xlsx#VA06!row=2,false,VA06
OBS:7BD37D447E,DATA-80C5CCEE7942,,,Mouse,POS,M-C4141157CB,VA06,,,,IN_USE,1,1,Source quantity 1; unit 1,STORE_AUDIT,Audit 2026 device/Data store/Audit/VA06.xlsx#VA06!row=3,true,VA06
SN:MK410221101761,SN-MK410221101761,,MK410221101761,Cash Drawer,POS,M-90AB8F8668,VA06,,,,IN_USE,1,1,Source quantity 1; unit 1,STORE_AUDIT,Audit 2026 device/Data store/Audit/VA06.xlsx#VA06!row=4,false,VA06
SN:G22F27193,SN-G22F27193,,G22F27193,Scanning gun,POS,M-CD90B4BBAE,VA06,,,,IN_USE,1,1,Source quantity 1; unit 1,STORE_AUDIT,Audit 2026 device/Data store/Audit/VA06.xlsx#VA06!row=5,false,VA06
SN:X7B9022769,SN-X7B9022769,,X7B9022769,Bill Printer,BACKEND,M-A44B40D714,VA06,,,,IN_USE,1,1,Source quantity 1; unit 1,STORE_AUDIT,Audit 2026 device/Data store/Audit/VA06.xlsx#VA06!row=6,false,VA06
SN:22253D8008245,SN-22253D8008245,,22253D8008245,MERCUSYS,NET,M-7359091762,VA06,,,,IN_USE,1,1,Source quantity 1; unit 1,STORE_AUDIT,Audit 2026 device/Data store/Audit/VA06.xlsx#VA06!row=7,false,VA06
SN:FGT40FTK24009146,SN-FGT40FTK24009146,,FGT40FTK24009146,Firewall,NET,M-1D807E3F07,VA06,,,,IN_USE,1,1,Source quantity 1; unit 1,STORE_AUDIT,Audit 2026 device/Data store/Audit/VA06.xlsx#VA06!row=8,false,VA06
SN:NMYA785124,SN-NMYA785124,,NMYA785124,Printer,BACKEND,M-86DBA21F9C,VA06,,,,IN_USE,1,1,Source quantity 1; unit 1,STORE_AUDIT,Audit 2026 device/Data store/Audit/VA06.xlsx#VA06!row=9,false,VA06
SN:862854053047574,SN-862854053047574,,862854053047574,Tablet (O2O),BACKEND,M-F7755C45DD,VA06,,,,IN_USE,1,1,Source quantity 1; unit 1,STORE_AUDIT,Audit 2026 device/Data store/Audit/VA06.xlsx#VA06!row=10,false,VA06
SN:I1623H0001,SN-I1623H0001,,I1623H0001,Printer (O2O),BACKEND,M-EE56F707EE,VA06,,,,IN_USE,1,1,Source quantity 1; unit 1,STORE_AUDIT,Audit 2026 device/Data store/Audit/VA06.xlsx#VA06!row=11,false,VA06
SN:XXZTN261200002,SN-XXZTN261200002,,XXZTN261200002,PDT Printer,PDT,M-B9A38D5EC4,VA06,,,,IN_USE,1,1,Source quantity 1; unit 1,STORE_AUDIT,Audit 2026 device/Data store/Audit/VA06.xlsx#VA06!row=12,false,VA06
SN:9041B204E93D,SN-9041B204E93D,,9041B204E93D,Access Point,NET,M-487ACA8093,VA06,,,,IN_USE,1,1,Source quantity 1; unit 1,STORE_AUDIT,Audit 2026 device/Data store/Audit/VA06.xlsx#VA06!row=13,false,VA06
SN:S26023524700822,SN-S26023524700822,,S26023524700822,PDT,PDT,M-32AFCDC6CA,VA06,,,,IN_USE,1,1,Source quantity 1; unit 1,STORE_AUDIT,Audit 2026 device/Data store/Audit/VA06.xlsx#VA06!row=14,false,VA06
SN:5CD2409YYT,SN-5CD2409YYT,,5CD2409YYT,Laptop,POS,M-5100694110,VA08,,,,IN_USE,1,1,Source quantity 1; unit 1,STORE_AUDIT,Audit 2026 device/Data store/Audit/VA08.xlsx#VA08!row=2,false,VA08
OBS:6786FD43B1,DATA-82B236BFC72D,,,Mouse,POS,M-C4141157CB,VA08,,,,IN_USE,1,1,Source quantity 1; unit 1,STORE_AUDIT,Audit 2026 device/Data store/Audit/VA08.xlsx#VA08!row=3,true,VA08
SN:G23C76615,SN-G23C76615,,G23C76615,Scanning gun,POS,M-CD90B4BBAE,VA08,,,,IN_USE,1,1,Source quantity 1; unit 1,STORE_AUDIT,Audit 2026 device/Data store/Audit/VA08.xlsx#VA08!row=4 | Audit 2026 device/Data store/Audit/VA14.xlsx#VA14!row=11,true,VA08
SN:X7B9025160,SN-X7B9025160,,X7B9025160,Bill Printer,BACKEND,M-A44B40D714,VA08,,,,IN_USE,1,1,Source quantity 1; unit 1,STORE_AUDIT,Audit 2026 device/Data store/Audit/VA08.xlsx#VA08!row=5,false,VA08
SN:PSZ26391WDK,SN-PSZ26391WDK,,PSZ26391WDK,"Switch (Internal Switch-POS, TF, Wifi)",NET,M-7359091762,VA08,,,,IN_USE,1,1,Source quantity 1; unit 1,STORE_AUDIT,Audit 2026 device/Data store/Audit/VA08.xlsx#VA08!row=6,false,VA08
SN:9C05D6797F4B,SN-9C05D6797F4B,,9C05D6797F4B,Access Point,NET,M-6EF0B7C827,VA08,,,,IN_USE,1,1,Source quantity 1; unit 1,STORE_AUDIT,Audit 2026 device/Data store/Audit/VA08.xlsx#VA08!row=7 | Audit 2026 device/Data store/Audit/VA08.xlsx#VA08!row=11,false,VA08
SN:FGT40FTK24013313,SN-FGT40FTK24013313,,FGT40FTK24013313,Firewall,NET,M-1D807E3F07,VA08,,,,IN_USE,1,1,Source quantity 1; unit 1,STORE_AUDIT,Audit 2026 device/Data store/Audit/VA08.xlsx#VA08!row=8,false,VA08
SN:NMYA802545,SN-NMYA802545,,NMYA802545,Printer,BACKEND,M-86DBA21F9C,VA08,,,,IN_USE,1,1,Source quantity 1; unit 1,STORE_AUDIT,Audit 2026 device/Data store/Audit/VA08.xlsx#VA08!row=9,false,VA08
SN:24165523020005,SN-24165523020005,,24165523020005,PDT,PDT,M-3CA18C0ABD,VA08,,,,IN_USE,1,1,Source quantity 1; unit 1,STORE_AUDIT,Audit 2026 device/Data store/Audit/VA08.xlsx#VA08!row=10,false,VA08
SN:8CC3213L26,SN-8CC3213L26,,8CC3213L26,Desktop,POS,M-5D3B848B56,VA11,,,,IN_USE,1,1,Source quantity 1; unit 1,STORE_AUDIT,Audit 2026 device/Data store/Audit/VA11.xlsx#VA11!row=2,false,VA11
SN:G23D05933,SN-G23D05933,,G23D05933,Scanner,POS,M-0335461D6F,VA11,,,,IN_USE,1,1,Source quantity 1; unit 1,STORE_AUDIT,Audit 2026 device/Data store/Audit/VA11.xlsx#VA11!row=3,false,VA11
SN:X7B9028160,SN-X7B9028160,,X7B9028160,Bill Printer,BACKEND,M-802FE3D739,VA11,,,,IN_USE,1,1,Source quantity 1; unit 1,STORE_AUDIT,Audit 2026 device/Data store/Audit/VA11.xlsx#VA11!row=4,false,VA11
SN:D190928010060,SN-D190928010060,,D190928010060,Pole Display,POS,M-C87CF724DF,VA11,,,,IN_USE,1,1,Source quantity 1; unit 1,STORE_AUDIT,Audit 2026 device/Data store/Audit/VA11.xlsx#VA11!row=5,false,VA11
SN:MK410221102370,SN-MK410221102370,,MK410221102370,Cash Drawer,POS,M-800A456DE2,VA11,,,,IN_USE,1,1,Source quantity 1; unit 1,STORE_AUDIT,Audit 2026 device/Data store/Audit/VA11.xlsx#VA11!row=6,false,VA11
SN:NMYA834048,SN-NMYA834048,,NMYA834048,A4 Printer,BACKEND,M-C35CE66F95,VA11,,,,IN_USE,1,1,Source quantity 1; unit 1,STORE_AUDIT,Audit 2026 device/Data store/Audit/VA11.xlsx#VA11!row=7,false,VA11
OBS:A6894E317F,DATA-3B354773F915,,,Other,BACKEND,M-030D3AB85F,VA11,,,,IN_USE,1,1,Source quantity 1; unit 1,STORE_AUDIT,Audit 2026 device/Data store/Audit/VA11.xlsx#VA11!row=8,true,VA11
SN:3CQ2320CS2,SN-3CQ2320CS2,,3CQ2320CS2,Monitor,POS,M-744A821E88,VA11,,,,IN_USE,1,1,Source quantity 1; unit 1,STORE_AUDIT,Audit 2026 device/Data store/Audit/VA11.xlsx#VA11!row=9,false,VA11
SN:PSZ27181B30,SN-PSZ27181B30,,PSZ27181B30,Network Switch,NET,M-A91278B872,VA11,,,,IN_USE,1,1,Source quantity 1; unit 1,STORE_AUDIT,Audit 2026 device/Data store/Audit/VA11.xlsx#VA11!row=10,false,VA11
SN:FGT40FTK24006198,SN-FGT40FTK24006198,,FGT40FTK24006198,Firewall,NET,M-ECEE1E3A15,VA11,,,,IN_USE,1,1,Source quantity 1; unit 1,STORE_AUDIT,Audit 2026 device/Data store/Audit/VA11.xlsx#VA11!row=11 | Audit 2026 device/Data store/Audit/VA16.xlsx#VA16!row=23 | Audit 2026 device/Data store/Audit/VN19.xlsx#VN19!row=8,true,VA11
SN:24164523022699,SN-24164523022699,,24164523022699,PDT,PDT,M-582F976207,VA11,,,,IN_USE,1,1,Source quantity 1; unit 1,STORE_AUDIT,Audit 2026 device/Data store/Audit/VA11.xlsx#VA11!row=12,false,VA11
SN:I1623H0005,SN-I1623H0005,,I1623H0005,O2O,BACKEND,M-E4C940D925,VA11,,,,IN_USE,1,1,Source quantity 1; unit 1,STORE_AUDIT,Audit 2026 device/Data store/Audit/VA11.xlsx#VA11!row=13,false,VA11
SN:2530022102300552,SN-2530022102300552,,2530022102300552,PDT Printer,PDT,M-462230A72A,VA11,,,,IN_USE,1,1,Source quantity 1; unit 1,STORE_AUDIT,Audit 2026 device/Data store/Audit/VA11.xlsx#VA11!row=14,false,VA11
SN:9C05D6798618,SN-9C05D6798618,,9C05D6798618,Access Point,NET,M-6C874DB6B9,VA11,,,,IN_USE,1,1,Source quantity 1; unit 1,STORE_AUDIT,Audit 2026 device/Data store/Audit/VA11.xlsx#VA11!row=15,false,VA11
SN:NMYA765067,SN-NMYA765067,,NMYA765067,A4 Printer,BACKEND,M-C35CE66F95,VA12,,,,IN_USE,1,1,Source quantity 1; unit 1,STORE_AUDIT,Audit 2026 device/Data store/Audit/VA12.xlsx#VA12!row=2 | Audit 2026 device/Data store/Audit/VN09.xlsx#VN09!row=7,true,VA12
SN:G23D05439,SN-G23D05439,,G23D05439,Scanner,POS,M-0335461D6F,VA12,,,,IN_USE,1,1,Source quantity 1; unit 1,STORE_AUDIT,Audit 2026 device/Data store/Audit/VA12.xlsx#VA12!row=3,false,VA12
SN:X7B9025644,SN-X7B9025644,,X7B9025644,Bill Printer,BACKEND,M-AAC6DA06E6,VA12,,,,IN_USE,1,1,Source quantity 1; unit 1,STORE_AUDIT,Audit 2026 device/Data store/Audit/VA12.xlsx#VA12!row=4 | Audit 2026 device/Data store/Audit/VA12.xlsx#VA12!row=13,false,VA12
OBS:1701B3B228,DATA-9CDA9A67608A,,,Other,OFF,M-8312374DC3,VA12,,,,IN_USE,1,1,Source quantity 1; unit 1,STORE_AUDIT,Audit 2026 device/Data store/Audit/VA12.xlsx#VA12!row=5,true,VA12
OBS:A73947445A,DATA-D32253CCFD71,,,Monitor,POS,M-4BB721102E,VA12,,,,IN_USE,1,1,Source quantity 1; unit 1,STORE_AUDIT,Audit 2026 device/Data store/Audit/VA12.xlsx#VA12!row=6,true,VA12
SN:3CQ232065Y,SN-3CQ232065Y,,3CQ232065Y,Pole Display,POS,M-FF37A256CF,VA12,,,,IN_USE,1,1,Source quantity 1; unit 1,STORE_AUDIT,Audit 2026 device/Data store/Audit/VA12.xlsx#VA12!row=7 | Audit 2026 device/Data store/Audit/VA12.xlsx#VA12!row=15,false,VA12
SN:PSZ27111BB9,SN-PSZ27111BB9,,PSZ27111BB9,Network Switch,NET,M-A91278B872,VA12,,,,IN_USE,1,1,Source quantity 1; unit 1,STORE_AUDIT,Audit 2026 device/Data store/Audit/VA12.xlsx#VA12!row=8 | Audit 2026 device/Data store/Audit/VA12.xlsx#VA12!row=17,false,VA12
OBS:50FBAD216B,DATA-49A176AA613D,,,USB Hub,BACKEND,M-219A7A832E,VA12,,,,IN_USE,1,1,Source quantity 1; unit 1,STORE_AUDIT,Audit 2026 device/Data store/Audit/VA12.xlsx#VA12!row=9,true,VA12
SN:8CC2231CV8,SN-8CC2231CV8,,8CC2231CV8,Desktop,POS,M-E99D25C57D,VA12,,,,IN_USE,1,1,Source quantity 1; unit 1,STORE_AUDIT,Audit 2026 device/Data store/Audit/VA12.xlsx#VA12!row=10,false,VA12
OBS:3B16CD1A5C,DATA-474EBEEBF751,,,Other,BACKEND,M-427B7A810B,VA12,,,,IN_USE,1,1,Source quantity 1; unit 1,STORE_AUDIT,Audit 2026 device/Data store/Audit/VA12.xlsx#VA12!row=14,true,VA12
SN:D190928010128,SN-D190928010128,,D190928010128,Pole Display,POS,M-BEE0AAC906,VA12,,,,IN_USE,1,1,Source quantity 1; unit 1,STORE_AUDIT,Audit 2026 device/Data store/Audit/VA12.xlsx#VA12!row=16,false,VA12
OBS:AF79CEBCC2,DATA-6D98DDB85404,,,USB Hub,BACKEND,M-5BD12329B1,VA12,,,,IN_USE,1,1,Source quantity 1; unit 1,STORE_AUDIT,Audit 2026 device/Data store/Audit/VA12.xlsx#VA12!row=18,true,VA12
SN:24248523020405,SN-24248523020405,,24248523020405,PDT,PDT,M-582F976207,VA12,,,,IN_USE,1,1,Source quantity 1; unit 1,STORE_AUDIT,Audit 2026 device/Data store/Audit/VA12.xlsx#VA12!row=19,false,VA12
SN:9C05D67987D6,SN-9C05D67987D6,,9C05D67987D6,Access Point,NET,M-6C874DB6B9,VA12,,,,IN_USE,1,1,Source quantity 1; unit 1,STORE_AUDIT,Audit 2026 device/Data store/Audit/VA12.xlsx#VA12!row=20,false,VA12
SN:FGT40FTK2309D2HW,SN-FGT40FTK2309D2HW,,FGT40FTK2309D2HW,Firewall,NET,M-ECEE1E3A15,VA12,,,,IN_USE,1,1,Source quantity 1; unit 1,STORE_AUDIT,Audit 2026 device/Data store/Audit/VA12.xlsx#VA12!row=21 | Audit 2026 device/Data store/Audit/VA20.xlsx#VA20!row=18,true,VA12
SN:2534123052300531,SN-2534123052300531,,2534123052300531,PDT Printer,PDT,M-462230A72A,VA12,,,,IN_USE,1,1,Source quantity 1; unit 1,STORE_AUDIT,Audit 2026 device/Data store/Audit/VA12.xlsx#VA12!row=22 | Audit 2026 device/Data store/Audit/VA15.xlsx#VA15!row=13,true,VA12
SN:3CQ633116Z,SN-3CQ633116Z,,3CQ633116Z,Monitor,POS,M-1566EC3FFD,VA13,,,,IN_USE,1,1,Source quantity 1; unit 1,STORE_AUDIT,Audit 2026 device/Data store/Audit/VA13.xlsx#VA13!row=2,false,VA13
SN:X7BA011302,SN-X7BA011302,,X7BA011302,Bill Printer,BACKEND,M-802FE3D739,VA13,,,,IN_USE,1,1,Source quantity 1; unit 1,STORE_AUDIT,Audit 2026 device/Data store/Audit/VA13.xlsx#VA13!row=3,false,VA13
SN:NMYA783802,SN-NMYA783802,,NMYA783802,A4 Printer,BACKEND,M-C35CE66F95,VA13,,,,IN_USE,1,1,Source quantity 1; unit 1,STORE_AUDIT,Audit 2026 device/Data store/Audit/VA13.xlsx#VA13!row=4,false,VA13
SN:211130000049,SN-211130000049,,211130000049,Pole Display,POS,M-F1D669CAC8,VA13,,,,IN_USE,1,1,Source quantity 1; unit 1,STORE_AUDIT,Audit 2026 device/Data store/Audit/VA13.xlsx#VA13!row=5,false,VA13
OBS:C436F31137,DATA-3AF553EA4605,,,USB,BACKEND,M-4990EF9994,VA13,,,,IN_USE,1,1,Source quantity 1; unit 1,STORE_AUDIT,Audit 2026 device/Data store/Audit/VA13.xlsx#VA13!row=6,true,VA13
SN:MK410220300197,SN-MK410220300197,,MK410220300197,Cash Drawer,POS,M-C51759092B,VA13,,,,IN_USE,1,1,Source quantity 1; unit 1,STORE_AUDIT,Audit 2026 device/Data store/Audit/VA13.xlsx#VA13!row=7,false,VA13
SN:FGT40FTK24010083,SN-FGT40FTK24010083,,FGT40FTK24010083,Firewall,NET,M-ECEE1E3A15,VA13,,,,IN_USE,1,1,Source quantity 1; unit 1,STORE_AUDIT,Audit 2026 device/Data store/Audit/VA13.xlsx#VA13!row=8,false,VA13
SN:22172W5002275,SN-22172W5002275,,22172W5002275,Network Switch,NET,M-3A294ADA95,VA13,,,,IN_USE,1,1,Source quantity 1; unit 1,STORE_AUDIT,Audit 2026 device/Data store/Audit/VA13.xlsx#VA13!row=9,false,VA13
SN:G22EB4602,SN-G22EB4602,,G22EB4602,Scanner,POS,M-0335461D6F,VA13,,,,IN_USE,1,1,Source quantity 1; unit 1,STORE_AUDIT,Audit 2026 device/Data store/Audit/VA13.xlsx#VA13!row=10,false,VA13
OBS:CE4F3FDE13,DATA-3D239844BA05,,,Other,BACKEND,M-324CFC0AF8,VA13,,,,IN_USE,1,1,Source quantity 1; unit 1,STORE_AUDIT,Audit 2026 device/Data store/Audit/VA13.xlsx#VA13!row=11,true,VA13
SN:8CC22011LP,SN-8CC22011LP,,8CC22011LP,Desktop,POS,M-6D79E76F92,VA13,,,,IN_USE,1,1,Source quantity 1; unit 1,STORE_AUDIT,Audit 2026 device/Data store/Audit/VA13.xlsx#VA13!row=12,false,VA13
SN:I1622F0004,SN-I1622F0004,,I1622F0004,O2O Printer,BACKEND,M-E4C940D925,VA13,,,,IN_USE,1,1,Source quantity 1; unit 1,STORE_AUDIT,Audit 2026 device/Data store/Audit/VA13.xlsx#VA13!row=13,false,VA13
SN:862854053050057,SN-862854053050057,,862854053050057,Tablet,BACKEND,M-F7755C45DD,VA13,,,,IN_USE,1,1,Source quantity 1; unit 1,STORE_AUDIT,Audit 2026 device/Data store/Audit/VA13.xlsx#VA13!row=14,false,VA13
SN:24165523020013,SN-24165523020013,,24165523020013,PDT,PDT,M-582F976207,VA13,,,,IN_USE,1,1,Source quantity 1; unit 1,STORE_AUDIT,Audit 2026 device/Data store/Audit/VA13.xlsx#VA13!row=15,false,VA13
SN:9C05D6798566,SN-9C05D6798566,,9C05D6798566,Access Point,NET,M-6C874DB6B9,VA13,,,,IN_USE,1,1,Source quantity 1; unit 1,STORE_AUDIT,Audit 2026 device/Data store/Audit/VA13.xlsx#VA13!row=16,false,VA13
SN:2534123052300540,SN-2534123052300540,,2534123052300540,PDT Printer,PDT,M-462230A72A,VA13,,,,IN_USE,1,1,Source quantity 1; unit 1,STORE_AUDIT,Audit 2026 device/Data store/Audit/VA13.xlsx#VA13!row=17,false,VA13
SN:8CG8105N35,SN-8CG8105N35,,8CG8105N35,Desktop,POS,M-08D0C0DAE5,VA14,,,,IN_USE,1,1,Source quantity 1; unit 1,STORE_AUDIT,Audit 2026 device/Data store/Audit/VA14.xlsx#VA14!row=2,false,VA14
SN:X7B90227772,SN-X7B90227772,,X7B90227772,Bill Printer,BACKEND,M-802FE3D739,VA14,,,,IN_USE,1,1,Source quantity 1; unit 1,STORE_AUDIT,Audit 2026 device/Data store/Audit/VA14.xlsx#VA14!row=3,false,VA14
OBS:9538E71BB3,DATA-03A9606CE117,,,Mouse,POS,M-C4141157CB,VA14,,,,IN_USE,1,1,Source quantity 1; unit 1,STORE_AUDIT,Audit 2026 device/Data store/Audit/VA14.xlsx#VA14!row=4,true,VA14
OBS:F82B0863D2,DATA-FA0E5B8D3BA8,,,Keyboard,POS,M-763A1D1E90,VA14,,,,IN_USE,1,1,Source quantity 1; unit 1,STORE_AUDIT,Audit 2026 device/Data store/Audit/VA14.xlsx#VA14!row=5,true,VA14
SN:NMYA786005,SN-NMYA786005,,NMYA786005,A4 Printer,BACKEND,M-C35CE66F95,VA14,,,,IN_USE,1,1,Source quantity 1; unit 1,STORE_AUDIT,Audit 2026 device/Data store/Audit/VA14.xlsx#VA14!row=6,false,VA14
SN:493345-002,SN-493345-002,,493345-002,Pole Display,POS,M-7BAD4E6229,VA14,,,,IN_USE,1,1,Source quantity 1; unit 1,STORE_AUDIT,Audit 2026 device/Data store/Audit/VA14.xlsx#VA14!row=7,false,VA14
SN:CN-OMMK39-72872-5CO-G47U-A00,SN-CN-OMMK39-72872-5CO-G47U-A00,,CN-OMMK39-72872-5CO-G47U-A00,Monitor,POS,M-64EB61AFB2,VA14,,,,IN_USE,1,1,Source quantity 1; unit 1,STORE_AUDIT,Audit 2026 device/Data store/Audit/VA14.xlsx#VA14!row=8,false,VA14
SN:2201552001955,SN-2201552001955,,2201552001955,Network Switch,NET,M-3A294ADA95,VA14,,,,IN_USE,1,1,Source quantity 1; unit 1,STORE_AUDIT,Audit 2026 device/Data store/Audit/VA14.xlsx#VA14!row=9,false,VA14
SN:FGT40FTK2309D2CM,SN-FGT40FTK2309D2CM,,FGT40FTK2309D2CM,firewall,NET,M-ECEE1E3A15,VA14,,,,IN_USE,1,1,Source quantity 1; unit 1,STORE_AUDIT,Audit 2026 device/Data store/Audit/VA14.xlsx#VA14!row=10,false,VA14
SN:24144523021823,SN-24144523021823,,24144523021823,PDT,PDT,M-582F976207,VA14,,,,IN_USE,1,1,Source quantity 1; unit 1,STORE_AUDIT,Audit 2026 device/Data store/Audit/VA14.xlsx#VA14!row=12,false,VA14
SN:HA1JZCBD,SN-HA1JZCBD,,HA1JZCBD,Tablet,BACKEND,M-F7755C45DD,VA14,,,,IN_USE,1,1,Source quantity 1; unit 1,STORE_AUDIT,Audit 2026 device/Data store/Audit/VA14.xlsx#VA14!row=13,false,VA14
SN:I1624C0003,SN-I1624C0003,,I1624C0003,O2O Printer,BACKEND,M-E4C940D925,VA14,,,,IN_USE,1,1,Source quantity 1; unit 1,STORE_AUDIT,Audit 2026 device/Data store/Audit/VA14.xlsx#VA14!row=14,false,VA14
SN:9C05D679886A,SN-9C05D679886A,,9C05D679886A,Access point,NET,M-6C874DB6B9,VA14,,,,IN_USE,1,1,Source quantity 1; unit 1,STORE_AUDIT,Audit 2026 device/Data store/Audit/VA14.xlsx#VA14!row=15,false,VA14
SN:354348130452407,SN-354348130452407,,354348130452407,Tablet,BACKEND,M-23D6D13F7A,VA14,,,,UNDER_MAINTENANCE,1,1,Source quantity 1; unit 1,STORE_AUDIT,Audit 2026 device/Data store/Audit/VA14.xlsx#VA14!row=16,false,VA14
SN:MK410220300534,SN-MK410220300534,,MK410220300534,Cash Drawer,POS,M-C51759092B,VA14,,,,IN_USE,1,1,Source quantity 1; unit 1,STORE_AUDIT,Audit 2026 device/Data store/Audit/VA14.xlsx#VA14!row=17,false,VA14
SN:2534123052300545,SN-2534123052300545,,2534123052300545,PDT Printer,PDT,M-462230A72A,VA14,,,,IN_USE,1,1,Source quantity 1; unit 1,STORE_AUDIT,Audit 2026 device/Data store/Audit/VA14.xlsx#VA14!row=18,false,VA14
SN:1HC4LQ3,SN-1HC4LQ3,,1HC4LQ3,Desktop,POS,M-AA46B4F2F0,VA15,,,,IN_USE,1,1,Source quantity 1; unit 1,STORE_AUDIT,Audit 2026 device/Data store/Audit/VA15.xlsx#VA15!row=2,false,VA15
SN:1CR8371GSK,SN-1CR8371GSK,,1CR8371GSK,monitor,POS,M-8EEE14C3D9,VA15,,,,IN_USE,1,1,Source quantity 1; unit 1,STORE_AUDIT,Audit 2026 device/Data store/Audit/VA15.xlsx#VA15!row=3,false,VA15
SN:20230526081,SN-20230526081,,20230526081,Cash Drawer,POS,M-C51759092B,VA15,,,,IN_USE,1,1,Source quantity 1; unit 1,STORE_AUDIT,Audit 2026 device/Data store/Audit/VA15.xlsx#VA15!row=4,false,VA15
SN:211130000045,SN-211130000045,,211130000045,Pole Display,POS,M-F1D669CAC8,VA15,,,,IN_USE,1,1,Source quantity 1; unit 1,STORE_AUDIT,Audit 2026 device/Data store/Audit/VA15.xlsx#VA15!row=5 | Audit 2026 device/Data store/Audit/VN07.xlsx#VN07!row=5,true,VA15
SN:22253D9009871,SN-22253D9009871,,22253D9009871,Network Switch,NET,M-3A294ADA95,VA15,,,,IN_USE,1,1,Source quantity 1; unit 1,STORE_AUDIT,Audit 2026 device/Data store/Audit/VA15.xlsx#VA15!row=6,false,VA15
SN:G21M82786,SN-G21M82786,,G21M82786,Scanner,POS,M-0335461D6F,VA15,,,,IN_USE,1,1,Source quantity 1; unit 1,STORE_AUDIT,Audit 2026 device/Data store/Audit/VA15.xlsx#VA15!row=7,false,VA15
SN:X7B9022758,SN-X7B9022758,,X7B9022758,Bill Printer,BACKEND,M-802FE3D739,VA15,,,,IN_USE,1,1,Source quantity 1; unit 1,STORE_AUDIT,Audit 2026 device/Data store/Audit/VA15.xlsx#VA15!row=8,false,VA15
SN:CNBRP8339N,SN-CNBRP8339N,,CNBRP8339N,A4 Printer,BACKEND,M-ED6EDBD62F,VA15,,,,IN_USE,1,1,Source quantity 1; unit 1,STORE_AUDIT,Audit 2026 device/Data store/Audit/VA15.xlsx#VA15!row=9,false,VA15
OBS:22B327A3D0,DATA-C257F399E2A6,,,Other,BACKEND,M-324CFC0AF8,VA15,,,,IN_USE,1,1,Source quantity 1; unit 1,STORE_AUDIT,Audit 2026 device/Data store/Audit/VA15.xlsx#VA15!row=10,true,VA15
SN:FGT40FTK24012854,SN-FGT40FTK24012854,,FGT40FTK24012854,Firewall,NET,M-ECEE1E3A15,VA15,,,,IN_USE,1,1,Source quantity 1; unit 1,STORE_AUDIT,Audit 2026 device/Data store/Audit/VA15.xlsx#VA15!row=11,false,VA15
SN:24164523022668,SN-24164523022668,,24164523022668,PDT,PDT,M-582F976207,VA15,,,,IN_USE,1,1,Source quantity 1; unit 1,STORE_AUDIT,Audit 2026 device/Data store/Audit/VA15.xlsx#VA15!row=12,false,VA15
SN:9C05D679882E,SN-9C05D679882E,,9C05D679882E,Access Point,NET,M-6C874DB6B9,VA15,,,,IN_USE,1,1,Source quantity 1; unit 1,STORE_AUDIT,Audit 2026 device/Data store/Audit/VA15.xlsx#VA15!row=14,false,VA15
SN:8CC2231D6Z,SN-8CC2231D6Z,,8CC2231D6Z,Desktop,POS,M-E99D25C57D,VA16,,,,IN_USE,1,1,Source quantity 1; unit 1,STORE_AUDIT,Audit 2026 device/Data store/Audit/VA16.xlsx#VA16!row=2,false,VA16
SN:2HC4LQ3,SN-2HC4LQ3,,2HC4LQ3,Desktop,POS,M-AA46B4F2F0,VA16,,,,IN_USE,1,1,Source quantity 1; unit 1,STORE_AUDIT,Audit 2026 device/Data store/Audit/VA16.xlsx#VA16!row=3,false,VA16
SN:3CQ54013F6,SN-3CQ54013F6,,3CQ54013F6,Monitor,POS,M-8EEE14C3D9,VA16,,,,IN_USE,1,1,Source quantity 1; unit 1,STORE_AUDIT,Audit 2026 device/Data store/Audit/VA16.xlsx#VA16!row=5,false,VA16
SN:1CR8420HDS,SN-1CR8420HDS,,1CR8420HDS,Monitor,POS,M-8EEE14C3D9,VA16,,,,IN_USE,1,1,Source quantity 1; unit 1,STORE_AUDIT,Audit 2026 device/Data store/Audit/VA16.xlsx#VA16!row=6,false,VA16
SN:1CR82307CH,SN-1CR82307CH,,1CR82307CH,Monitor,POS,M-8EEE14C3D9,VA16,,,,IN_USE,1,1,Source quantity 1; unit 1,STORE_AUDIT,Audit 2026 device/Data store/Audit/VA16.xlsx#VA16!row=7,false,VA16
SN:F3H40430496,SN-F3H40430496,,F3H40430496,Other,NET,M-E5F6F65458,VA16,,,,IN_USE,1,1,Source quantity 1; unit 1,STORE_AUDIT,Audit 2026 device/Data store/Audit/VA16.xlsx#VA16!row=8,false,VA16
SN:MK410220300326,SN-MK410220300326,,MK410220300326,Cash Drawer,POS,M-C51759092B,VA16,,,,IN_USE,1,1,Source quantity 1; unit 1,STORE_AUDIT,Audit 2026 device/Data store/Audit/VA16.xlsx#VA16!row=9,false,VA16
SN:DGAV141220180740,SN-DGAV141220180740,,DGAV141220180740,Cash Drawer,POS,M-7D15C6B70A,VA16,,,,IN_USE,1,1,Source quantity 1; unit 1,STORE_AUDIT,Audit 2026 device/Data store/Audit/VA16.xlsx#VA16!row=10,false,VA16
SN:S31U4I3002273,SN-S31U4I3002273,,S31U4I3002273,Network Switch,NET,M-D0CE7EA4F3,VA16,,,,IN_USE,1,1,Source quantity 1; unit 1,STORE_AUDIT,Audit 2026 device/Data store/Audit/VA16.xlsx#VA16!row=11,false,VA16
SN:211130000039,SN-211130000039,,211130000039,Pole Display,POS,M-F1D669CAC8,VA16,,,,IN_USE,1,1,Source quantity 1; unit 1,STORE_AUDIT,Audit 2026 device/Data store/Audit/VA16.xlsx#VA16!row=12,false,VA16
SN:211130000034,SN-211130000034,,211130000034,Pole Display,POS,M-F1D669CAC8,VA16,,,,IN_USE,1,1,Source quantity 1; unit 1,STORE_AUDIT,Audit 2026 device/Data store/Audit/VA16.xlsx#VA16!row=13,false,VA16
OBS:0F3CFEDF73,DATA-E706FD797B59,,,USB Hub,BACKEND,M-8C29E1B7B8,VA16,,,,IN_USE,1,1,Source quantity 1; unit 1,STORE_AUDIT,Audit 2026 device/Data store/Audit/VA16.xlsx#VA16!row=14,true,VA16
SN:G21EB1552,SN-G21EB1552,,G21EB1552,Scanner,POS,M-0335461D6F,VA16,,,,IN_USE,1,1,Source quantity 1; unit 1,STORE_AUDIT,Audit 2026 device/Data store/Audit/VA16.xlsx#VA16!row=15,false,VA16
SN:G21E85723,SN-G21E85723,,G21E85723,Scanner,POS,M-0335461D6F,VA16,,,,IN_USE,1,1,Source quantity 1; unit 1,STORE_AUDIT,Audit 2026 device/Data store/Audit/VA16.xlsx#VA16!row=16,false,VA16
SN:X7B9025195,SN-X7B9025195,,X7B9025195,Bill Printer,BACKEND,M-802FE3D739,VA16,,,,IN_USE,1,1,Source quantity 1; unit 1,STORE_AUDIT,Audit 2026 device/Data store/Audit/VA16.xlsx#VA16!row=17,false,VA16
SN:X7BA007402,SN-X7BA007402,,X7BA007402,Bill Printer,BACKEND,M-802FE3D739,VA16,,,,IN_USE,1,1,Source quantity 1; unit 1,STORE_AUDIT,Audit 2026 device/Data store/Audit/VA16.xlsx#VA16!row=18,false,VA16
SN:NMYA585779,SN-NMYA585779,,NMYA585779,A4 Printer,BACKEND,M-C35CE66F95,VA16,,,,IN_USE,1,1,Source quantity 1; unit 1,STORE_AUDIT,Audit 2026 device/Data store/Audit/VA16.xlsx#VA16!row=19,false,VA16
OBS:8B337BB83A,DATA-04614B50E1CF,,,Other,BACKEND,M-A82571F165,VA16,,,,IN_USE,1,1,Source quantity 1; unit 1,STORE_AUDIT,Audit 2026 device/Data store/Audit/VA16.xlsx#VA16!row=20,true,VA16
SN:CNK3380795,SN-CNK3380795,,CNK3380795,Other,BACKEND,M-324CFC0AF8,VA16,,,,IN_USE,1,1,Source quantity 1; unit 1,STORE_AUDIT,Audit 2026 device/Data store/Audit/VA16.xlsx#VA16!row=21,false,VA16
SN:S24144523021519,SN-S24144523021519,,S24144523021519,PDT,PDT,M-582F976207,VA16,,,,IN_USE,1,1,Source quantity 1; unit 1,STORE_AUDIT,Audit 2026 device/Data store/Audit/VA16.xlsx#VA16!row=24,false,VA16
SN:352294624028836,SN-352294624028836,,352294624028836,Table,BACKEND,M-23D6D13F7A,VA16,,,,IN_USE,1,1,Source quantity 1; unit 1,STORE_AUDIT,Audit 2026 device/Data store/Audit/VA16.xlsx#VA16!row=25,false,VA16
SN:I1622F0008,SN-I1622F0008,,I1622F0008,Printer (O2O),BACKEND,M-E4C940D925,VA16,,,,IN_USE,1,1,Source quantity 1; unit 1,STORE_AUDIT,Audit 2026 device/Data store/Audit/VA16.xlsx#VA16!row=26,false,VA16
SN:9C05D6798F4E,SN-9C05D6798F4E,,9C05D6798F4E,Access Point,NET,M-6C874DB6B9,VA16,,,,IN_USE,1,1,Source quantity 1; unit 1,STORE_AUDIT,Audit 2026 device/Data store/Audit/VA16.xlsx#VA16!row=27,false,VA16
SN:2530022102300542,SN-2530022102300542,,2530022102300542,PDT Printer,PDT,M-462230A72A,VA16,,,,IN_USE,1,1,Source quantity 1; unit 1,STORE_AUDIT,Audit 2026 device/Data store/Audit/VA16.xlsx#VA16!row=28,false,VA16
SN:356160460749106,SN-356160460749106,,356160460749106,Table,BACKEND,M-D7915492A7,VA16,,,,IN_USE,1,1,Source quantity 1; unit 1,STORE_AUDIT,Audit 2026 device/Data store/Audit/VA16.xlsx#VA16!row=29,false,VA16
SN:SR25102704450,SN-SR25102704450,,SR25102704450,Micro,BACKEND,M-57BCB45F01,VA16,,,,IN_USE,1,1,Source quantity 1; unit 1,STORE_AUDIT,Audit 2026 device/Data store/Audit/VA16.xlsx#VA16!row=30,false,VA16
SN:SR25102704455,SN-SR25102704455,,SR25102704455,Micro,BACKEND,M-57BCB45F01,VA16,,,,IN_USE,1,1,Source quantity 1; unit 1,STORE_AUDIT,Audit 2026 device/Data store/Audit/VA16.xlsx#VA16!row=31,false,VA16
OBS:D9B6ADDB89,DATA-5ED10249CA80,,,Light,BACKEND,M-D17094FD9A,VA16,,,,IN_USE,1,1,Source quantity 1; unit 1,STORE_AUDIT,Audit 2026 device/Data store/Audit/VA16.xlsx#VA16!row=32,true,VA16
SN:4CE234DC9C,SN-4CE234DC9C,,4CE234DC9C,Mini Pc,POS,M-179027EACA,DSV,VA18,,,AVAILABLE,1,1,DSV | Source quantity 1; unit 1,STORE_AUDIT,Audit 2026 device/Data store/Audit/VA18.xlsx#VA18 NEW BALANCE AEON HA DONG!row=2,false,VA18
OBS:847C01C47D,DATA-F95A637CBF79,,,Keyboard,POS,M-763A1D1E90,VA18,,,,IN_USE,1,1,Source quantity 1; unit 1,STORE_AUDIT,Audit 2026 device/Data store/Audit/VA18.xlsx#VA18 NEW BALANCE AEON HA DONG!row=3,true,VA18
OBS:302DFD592C,DATA-58CFB96E002F,,,Mouse,POS,M-C4141157CB,VA18,,,,IN_USE,1,1,Source quantity 1; unit 1,STORE_AUDIT,Audit 2026 device/Data store/Audit/VA18.xlsx#VA18 NEW BALANCE AEON HA DONG!row=4,true,VA18
SN:MK410211200950,SN-MK410211200950,,MK410211200950,Cash Drawer,POS,M-90AB8F8668,VA18,,,,IN_USE,1,1,Source quantity 1; unit 1,STORE_AUDIT,Audit 2026 device/Data store/Audit/VA18.xlsx#VA18 NEW BALANCE AEON HA DONG!row=5,false,VA18
SN:DH240328010036,SN-DH240328010036,,DH240328010036,Pole Display,POS,M-F1D669CAC8,VA18,,,,IN_USE,1,1,Source quantity 1; unit 1,STORE_AUDIT,Audit 2026 device/Data store/Audit/VA18.xlsx#VA18 NEW BALANCE AEON HA DONG!row=6,false,VA18
SN:G19M33798,SN-G19M33798,,G19M33798,Scanning gun,POS,M-CD90B4BBAE,VA18,,,,IN_USE,1,1,Source quantity 1; unit 1,STORE_AUDIT,Audit 2026 device/Data store/Audit/VA18.xlsx#VA18 NEW BALANCE AEON HA DONG!row=7,false,VA18
SN:1CR82307DH,SN-1CR82307DH,,1CR82307DH,Monitor,POS,M-1EBD026F66,VA18,,,,IN_USE,1,1,Source quantity 1; unit 1,STORE_AUDIT,Audit 2026 device/Data store/Audit/VA18.xlsx#VA18 NEW BALANCE AEON HA DONG!row=8,false,VA18
SN:X7BA000887,SN-X7BA000887,,X7BA000887,Bill Printer,BACKEND,M-A44B40D714,VA18,,,,IN_USE,1,1,Source quantity 1; unit 1,STORE_AUDIT,Audit 2026 device/Data store/Audit/VA18.xlsx#VA18 NEW BALANCE AEON HA DONG!row=9,false,VA18
SN:PSZ27111BN9,SN-PSZ27111BN9,,PSZ27111BN9,"Switch (Internal Switch-POS, TF, Wifi)",NET,M-7359091762,VA18,,,,IN_USE,1,1,Source quantity 1; unit 1,STORE_AUDIT,Audit 2026 device/Data store/Audit/VA18.xlsx#VA18 NEW BALANCE AEON HA DONG!row=10,false,VA18
SN:8C30664C8871,SN-8C30664C8871,,8C30664C8871,Access Point,NET,M-6EF0B7C827,VA18,,,,IN_USE,1,1,Source quantity 1; unit 1,STORE_AUDIT,Audit 2026 device/Data store/Audit/VA18.xlsx#VA18 NEW BALANCE AEON HA DONG!row=11,false,VA18
SN:FGT40FTK24012853,SN-FGT40FTK24012853,,FGT40FTK24012853,Firewall,NET,M-1D807E3F07,VA18,,,,IN_USE,1,1,Source quantity 1; unit 1,STORE_AUDIT,Audit 2026 device/Data store/Audit/VA18.xlsx#VA18 NEW BALANCE AEON HA DONG!row=12,false,VA18
SN:NMYA467026,SN-NMYA467026,,NMYA467026,Printer,BACKEND,M-86DBA21F9C,VA18,,,,IN_USE,1,1,Source quantity 1; unit 1,STORE_AUDIT,Audit 2026 device/Data store/Audit/VA18.xlsx#VA18 NEW BALANCE AEON HA DONG!row=13 | Audit 2026 device/Data store/Audit/VA23.xlsx#VA23!row=8,true,VA18
SN:26023524700917,SN-26023524700917,,26023524700917,PDT,PDT,M-32AFCDC6CA,VA18,,,,IN_USE,1,1,Source quantity 1; unit 1,STORE_AUDIT,Audit 2026 device/Data store/Audit/VA18.xlsx#VA18 NEW BALANCE AEON HA DONG!row=14,false,VA18
SN:XXZTN261200005,SN-XXZTN261200005,,XXZTN261200005,PDT's Printer,PDT,M-B9A38D5EC4,VA18,,,,IN_USE,1,1,Source quantity 1; unit 1,STORE_AUDIT,Audit 2026 device/Data store/Audit/VA18.xlsx#VA18 NEW BALANCE AEON HA DONG!row=15,false,VA18
SN:8CC51110Q1,SN-8CC51110Q1,,8CC51110Q1,Mini Pc,POS,M-342A24822F,VA19,,,,IN_USE,1,1,Source quantity 1; unit 1,STORE_AUDIT,Audit 2026 device/Data store/Audit/VA19.xlsx#VA19!row=2,false,VA19
OBS:6D872586CC,DATA-4CD337D16BEC,,,Keyboard,POS,M-763A1D1E90,VA19,,,,IN_USE,1,1,Source quantity 1; unit 1,STORE_AUDIT,Audit 2026 device/Data store/Audit/VA19.xlsx#VA19!row=3,true,VA19
OBS:DB5A7B558B,DATA-308BF571E489,,,Mouse,POS,M-C4141157CB,VA19,,,,IN_USE,1,1,Source quantity 1; unit 1,STORE_AUDIT,Audit 2026 device/Data store/Audit/VA19.xlsx#VA19!row=4,true,VA19
SN:MK410221101694,SN-MK410221101694,,MK410221101694,Cash Drawer,POS,M-90AB8F8668,VA19,,,,IN_USE,1,1,Source quantity 1; unit 1,STORE_AUDIT,Audit 2026 device/Data store/Audit/VA19.xlsx#VA19!row=5,false,VA19
SN:VFD220U13B20120033,SN-VFD220U13B20120033,,VFD220U13B20120033,Pole Display,POS,M-F1D669CAC8,VA19,,,,IN_USE,1,1,Source quantity 1; unit 1,STORE_AUDIT,Audit 2026 device/Data store/Audit/VA19.xlsx#VA19!row=6,false,VA19
SN:G21E85754,SN-G21E85754,,G21E85754,Scanning gun,POS,M-CD90B4BBAE,VA19,,,,IN_USE,1,1,Source quantity 1; unit 1,STORE_AUDIT,Audit 2026 device/Data store/Audit/VA19.xlsx#VA19!row=7,false,VA19
SN:1CR82307CB,SN-1CR82307CB,,1CR82307CB,Monitor,POS,M-1EBD026F66,VA19,,,,IN_USE,1,1,Source quantity 1; unit 1,STORE_AUDIT,Audit 2026 device/Data store/Audit/VA19.xlsx#VA19!row=8 | Audit 2026 device/Data store/Audit/VN19.xlsx#VN19!row=6,true,VA19
SN:X7B9023460,SN-X7B9023460,,X7B9023460,Bill Printer,BACKEND,M-A44B40D714,VA19,,,,IN_USE,1,1,Source quantity 1; unit 1,STORE_AUDIT,Audit 2026 device/Data store/Audit/VA19.xlsx#VA19!row=9,false,VA19
OBS:FEA8715642,DATA-168D9E0C7E01,,,Sim Data (O2O),NET,M-BE5E8A0E77,VA19,,,,IN_USE,1,1,Source quantity 1; unit 1,STORE_AUDIT,Audit 2026 device/Data store/Audit/VA19.xlsx#VA19!row=12,true,VA19
SN:NMYA802536,SN-NMYA802536,,NMYA802536,Printer,BACKEND,M-86DBA21F9C,VA19,,,,IN_USE,1,1,Source quantity 1; unit 1,STORE_AUDIT,Audit 2026 device/Data store/Audit/VA19.xlsx#VA19!row=14,false,VA19
SN:356160460426515,SN-356160460426515,,356160460426515,Tablet (O2O),BACKEND,M-01B48088F2,VA19,,,,IN_USE,1,1,Source quantity 1; unit 1,STORE_AUDIT,Audit 2026 device/Data store/Audit/VA19.xlsx#VA19!row=15,false,VA19
SN:S24164523022684,SN-S24164523022684,,S24164523022684,PDT,PDT,M-3CA18C0ABD,VA19,,,,IN_USE,1,1,Source quantity 1; unit 1,STORE_AUDIT,Audit 2026 device/Data store/Audit/VA19.xlsx#VA19!row=17,false,VA19
SN:8CC2231D4N,SN-8CC2231D4N,,8CC2231D4N,Mini Pc,POS,M-AA46B4F2F0,VA20,,,,IN_USE,1,1,Source quantity 1; unit 1,STORE_AUDIT,Audit 2026 device/Data store/Audit/VA20.xlsx#VA20!row=2,false,VA20
SN:8CC2231D5C,SN-8CC2231D5C,,8CC2231D5C,Mini Pc,POS,M-411EA08C95,VA20,,,,IN_USE,1,1,Source quantity 1; unit 1,STORE_AUDIT,Audit 2026 device/Data store/Audit/VA20.xlsx#VA20!row=3,false,VA20
SN:BGC4LQ3,SN-BGC4LQ3,,BGC4LQ3,Mini Pc,POS,M-A4C2289044,VA20,,,,IN_USE,1,1,Source quantity 1; unit 1,STORE_AUDIT,Audit 2026 device/Data store/Audit/VA20.xlsx#VA20!row=4,false,VA20
OBS:702B7EDC42,DATA-54051340C8C8,,,Keyboard,POS,M-763A1D1E90,VA20,,,,IN_USE,2,1,Source quantity 2; unit 1,STORE_AUDIT,Audit 2026 device/Data store/Audit/VA20.xlsx#VA20!row=5,true,VA20
OBS:126B74C6D3,DATA-7C0B209DC16E,,,Keyboard,POS,M-763A1D1E90,VA20,,,,IN_USE,2,2,Source quantity 2; unit 2,STORE_AUDIT,Audit 2026 device/Data store/Audit/VA20.xlsx#VA20!row=5,true,VA20
OBS:3D879A7A1C,DATA-1D5262B36AC5,,,Mouse,POS,M-C4141157CB,VA20,,,,IN_USE,2,1,Source quantity 2; unit 1,STORE_AUDIT,Audit 2026 device/Data store/Audit/VA20.xlsx#VA20!row=6,true,VA20
OBS:57E9875663,DATA-223E72091653,,,Mouse,POS,M-C4141157CB,VA20,,,,IN_USE,2,2,Source quantity 2; unit 2,STORE_AUDIT,Audit 2026 device/Data store/Audit/VA20.xlsx#VA20!row=6,true,VA20
SN:MK410211201512,SN-MK410211201512,,MK410211201512,Cash Drawer,POS,M-90AB8F8668,VA20,,,,IN_USE,1,1,Source quantity 1; unit 1,STORE_AUDIT,Audit 2026 device/Data store/Audit/VA20.xlsx#VA20!row=7,false,VA20
SN:DGAV11220182777,SN-DGAV11220182777,,DGAV11220182777,Cash Drawer,POS,M-6F670FFF0A,VA20,,,,IN_USE,1,1,Source quantity 1; unit 1,STORE_AUDIT,Audit 2026 device/Data store/Audit/VA20.xlsx#VA20!row=8,false,VA20
SN:211130000048,SN-211130000048,,211130000048,Pole Display,POS,M-F1D669CAC8,VA20,,,,IN_USE,1,1,Source quantity 1; unit 1,STORE_AUDIT,Audit 2026 device/Data store/Audit/VA20.xlsx#VA20!row=9,false,VA20
SN:211130000009,SN-211130000009,,211130000009,Pole Display,POS,M-F1D669CAC8,VA20,,,,IN_USE,1,1,Source quantity 1; unit 1,STORE_AUDIT,Audit 2026 device/Data store/Audit/VA20.xlsx#VA20!row=10,false,VA20
SN:G22EB4589G21E85804,SN-G22EB4589G21E85804,,G22EB4589G21E85804,Scanning gun,POS,M-CD90B4BBAE,VA20,,,,IN_USE,2,1,Source quantity 2; unit 1,STORE_AUDIT,Audit 2026 device/Data store/Audit/VA20.xlsx#VA20!row=11,false,VA20
OBS:D5E085C8E8,DATA-46E2765AFFC2,,,Scanning gun,POS,M-CD90B4BBAE,VA20,,,,IN_USE,2,2,Source quantity 2; unit 2,STORE_AUDIT,Audit 2026 device/Data store/Audit/VA20.xlsx#VA20!row=11,true,VA20
SN:3CQ2320CR6,SN-3CQ2320CR6,,3CQ2320CR6,Monitor,POS,M-744A821E88,VA20,,,,IN_USE,1,1,Source quantity 1; unit 1,STORE_AUDIT,Audit 2026 device/Data store/Audit/VA20.xlsx#VA20!row=12,false,VA20
SN:CNT930534Q,SN-CNT930534Q,,CNT930534Q,Monitor,POS,M-224D0E6B25,VA20,,,,IN_USE,1,1,Source quantity 1; unit 1,STORE_AUDIT,Audit 2026 device/Data store/Audit/VA20.xlsx#VA20!row=13,false,VA20
SN:X7BA002787,SN-X7BA002787,,X7BA002787,Bill Printer,BACKEND,M-A44B40D714,VA20,,,,IN_USE,1,1,Source quantity 1; unit 1,STORE_AUDIT,Audit 2026 device/Data store/Audit/VA20.xlsx#VA20!row=14,false,VA20
SN:X7BA004091,SN-X7BA004091,,X7BA004091,Bill Printer,BACKEND,M-A44B40D714,VA20,,,,IN_USE,1,1,Source quantity 1; unit 1,STORE_AUDIT,Audit 2026 device/Data store/Audit/VA20.xlsx#VA20!row=15,false,VA20
SN:2201552001939,SN-2201552001939,,2201552001939,"Switch (Internal Switch-POS, TF, Wifi)",NET,M-3A294ADA95,VA20,,,,IN_USE,1,1,Source quantity 1; unit 1,STORE_AUDIT,Audit 2026 device/Data store/Audit/VA20.xlsx#VA20!row=16,false,VA20
SN:9C05D67986D9,SN-9C05D67986D9,,9C05D67986D9,Access Point,NET,M-6EF0B7C827,VA20,,,,IN_USE,1,1,Source quantity 1; unit 1,STORE_AUDIT,Audit 2026 device/Data store/Audit/VA20.xlsx#VA20!row=17,false,VA20
SN:NMYA746459,SN-NMYA746459,,NMYA746459,Printer,BACKEND,M-86DBA21F9C,VA20,,,,IN_USE,1,1,Source quantity 1; unit 1,STORE_AUDIT,Audit 2026 device/Data store/Audit/VA20.xlsx#VA20!row=19,false,VA20
SN:862884053049927,SN-862884053049927,,862884053049927,Tablet (O2O),BACKEND,M-F7755C45DD,VA20,,,,IN_USE,1,1,Source quantity 1; unit 1,STORE_AUDIT,Audit 2026 device/Data store/Audit/VA20.xlsx#VA20!row=20,false,VA20
SN:I1624C0017,SN-I1624C0017,,I1624C0017,Printer (O2O),BACKEND,M-EE56F707EE,VA20,,,,IN_USE,1,1,Source quantity 1; unit 1,STORE_AUDIT,Audit 2026 device/Data store/Audit/VA20.xlsx#VA20!row=21,false,VA20
SN:24164523022756,SN-24164523022756,,24164523022756,PDT,PDT,M-3CA18C0ABD,VA20,,,,IN_USE,1,1,Source quantity 1; unit 1,STORE_AUDIT,Audit 2026 device/Data store/Audit/VA20.xlsx#VA20!row=22,false,VA20
SN:2534123052300549,SN-2534123052300549,,2534123052300549,PDT's Printer,PDT,M-C716B96A9A,VA20,,,,IN_USE,1,1,Source quantity 1; unit 1,STORE_AUDIT,Audit 2026 device/Data store/Audit/VA20.xlsx#VA20!row=23,false,VA20
SN:2312178BADH21L0200002,SN-2312178BADH21L0200002,,2312178BADH21L0200002,Other,OFF,M-5865EDC181,VA20,,,,IN_USE,1,1,Source quantity 1; unit 1,STORE_AUDIT,Audit 2026 device/Data store/Audit/VA20.xlsx#VA20!row=24,false,VA20
SN:5CD250F9ZW,SN-5CD250F9ZW,,5CD250F9ZW,Laptop,POS,M-7682CEF827,VA23,,,,IN_USE,1,1,Source quantity 1; unit 1,STORE_AUDIT,Audit 2026 device/Data store/Audit/VA23.xlsx#VA23!row=2,false,VA23
OBS:CD2C7AFE13,DATA-E7122A92CB84,,,Mouse,POS,M-C4141157CB,VA23,,,,IN_USE,1,1,Source quantity 1; unit 1,STORE_AUDIT,Audit 2026 device/Data store/Audit/VA23.xlsx#VA23!row=3,true,VA23
SN:G20L70107,SN-G20L70107,,G20L70107,Scanning gun,POS,M-CD90B4BBAE,VA23,,,,IN_USE,1,1,Source quantity 1; unit 1,STORE_AUDIT,Audit 2026 device/Data store/Audit/VA23.xlsx#VA23!row=4,false,VA23
SN:X7BA000883,SN-X7BA000883,,X7BA000883,Bill Printer,BACKEND,M-A44B40D714,VA23,,,,IN_USE,1,1,Source quantity 1; unit 1,STORE_AUDIT,Audit 2026 device/Data store/Audit/VA23.xlsx#VA23!row=5,false,VA23
SN:2201552001975,SN-2201552001975,,2201552001975,"Switch (Internal Switch-POS, TF, Wifi)",NET,M-3A294ADA95,VA23,,,,IN_USE,1,1,Source quantity 1; unit 1,STORE_AUDIT,Audit 2026 device/Data store/Audit/VA23.xlsx#VA23!row=6,false,VA23
SN:FGT40FTK24012877,SN-FGT40FTK24012877,,FGT40FTK24012877,Firewall,NET,M-1D807E3F07,VA23,,,,IN_USE,1,1,Source quantity 1; unit 1,STORE_AUDIT,Audit 2026 device/Data store/Audit/VA23.xlsx#VA23!row=7,false,VA23
SN:4CE234DC6P,SN-4CE234DC6P,,4CE234DC6P,Mini Pc,POS,M-179027EACA,DSV,VA24,,,AVAILABLE,1,1,DSV | Source quantity 1; unit 1,STORE_AUDIT,Audit 2026 device/Data store/Audit/VA24.xlsx#VA24 NEW BALANCE VINCOM BATRIEU!row=2,false,VA24
OBS:4000FA51A6,DATA-19085B85B45B,,,Keyboard,POS,M-763A1D1E90,VA24,,,,IN_USE,1,1,Source quantity 1; unit 1,STORE_AUDIT,Audit 2026 device/Data store/Audit/VA24.xlsx#VA24 NEW BALANCE VINCOM BATRIEU!row=3,true,VA24
OBS:ABF84B72F9,DATA-FDC8B7A02163,,,Mouse,POS,M-C4141157CB,VA24,,,,IN_USE,1,1,Source quantity 1; unit 1,STORE_AUDIT,Audit 2026 device/Data store/Audit/VA24.xlsx#VA24 NEW BALANCE VINCOM BATRIEU!row=4,true,VA24
SN:B5AT100009,SN-B5AT100009,,B5AT100009,Cash Drawer,POS,M-6F670FFF0A,VA24,,,,IN_USE,1,1,Source quantity 1; unit 1,STORE_AUDIT,Audit 2026 device/Data store/Audit/VA24.xlsx#VA24 NEW BALANCE VINCOM BATRIEU!row=5,false,VA24
SN:DH240328010037,SN-DH240328010037,,DH240328010037,Pole Display,POS,M-F1D669CAC8,VA24,,,,IN_USE,1,1,Source quantity 1; unit 1,STORE_AUDIT,Audit 2026 device/Data store/Audit/VA24.xlsx#VA24 NEW BALANCE VINCOM BATRIEU!row=6,false,VA24
SN:G17NE9961,SN-G17NE9961,,G17NE9961,Scanning gun,POS,M-CD90B4BBAE,VA24,,,,IN_USE,1,1,Source quantity 1; unit 1,STORE_AUDIT,Audit 2026 device/Data store/Audit/VA24.xlsx#VA24 NEW BALANCE VINCOM BATRIEU!row=7,false,VA24
SN:1CR8420G58,SN-1CR8420G58,,1CR8420G58,Monitor,POS,M-1EBD026F66,VA24,,,,IN_USE,1,1,Source quantity 1; unit 1,STORE_AUDIT,Audit 2026 device/Data store/Audit/VA24.xlsx#VA24 NEW BALANCE VINCOM BATRIEU!row=8,false,VA24
SN:TCCY011123,SN-TCCY011123,,TCCY011123,Bill Printer,BACKEND,M-F141FDDDE2,VA24,,,,IN_USE,1,1,Source quantity 1; unit 1,STORE_AUDIT,Audit 2026 device/Data store/Audit/VA24.xlsx#VA24 NEW BALANCE VINCOM BATRIEU!row=9,false,VA24
SN:PSZ26391W7N,SN-PSZ26391W7N,,PSZ26391W7N,"Switch (Internal Switch-POS, TF, Wifi)",NET,M-7359091762,VA24,,,,IN_USE,1,1,Source quantity 1; unit 1,STORE_AUDIT,Audit 2026 device/Data store/Audit/VA24.xlsx#VA24 NEW BALANCE VINCOM BATRIEU!row=10,false,VA24
SN:84784886C6E7,SN-84784886C6E7,,84784886C6E7,Access Point,NET,M-6EF0B7C827,VA24,,,,IN_USE,1,1,Source quantity 1; unit 1,STORE_AUDIT,Audit 2026 device/Data store/Audit/VA24.xlsx#VA24 NEW BALANCE VINCOM BATRIEU!row=11,false,VA24
OBS:C27CA81F4B,DATA-0EFBE149FDB2,,,Sim Data (O2O),NET,M-BE5E8A0E77,VA24,,,,IN_USE,1,1,Source quantity 1; unit 1,STORE_AUDIT,Audit 2026 device/Data store/Audit/VA24.xlsx#VA24 NEW BALANCE VINCOM BATRIEU!row=12,true,VA24
SN:FGT40FTK25089026,SN-FGT40FTK25089026,,FGT40FTK25089026,Firewall,NET,M-1D807E3F07,VA24,,,,IN_USE,1,1,Source quantity 1; unit 1,STORE_AUDIT,Audit 2026 device/Data store/Audit/VA24.xlsx#VA24 NEW BALANCE VINCOM BATRIEU!row=13,false,VA24
SN:CNBRP833GH,SN-CNBRP833GH,,CNBRP833GH,Printer,BACKEND,M-6CC26EDC11,VA24,,,,IN_USE,1,1,Source quantity 1; unit 1,STORE_AUDIT,Audit 2026 device/Data store/Audit/VA24.xlsx#VA24 NEW BALANCE VINCOM BATRIEU!row=14,false,VA24
SN:R5GL20XDN3F,SN-R5GL20XDN3F,,R5GL20XDN3F,Tablet (O2O),BACKEND,M-01B48088F2,VA24,,,,IN_USE,1,1,Source quantity 1; unit 1,STORE_AUDIT,Audit 2026 device/Data store/Audit/VA24.xlsx#VA24 NEW BALANCE VINCOM BATRIEU!row=15,false,VA24
SN:I1622F0002,SN-I1622F0002,,I1622F0002,Printer (O2O),BACKEND,M-EE56F707EE,DSV,VA24,,,AVAILABLE,1,1,DSV | Source quantity 1; unit 1,STORE_AUDIT,Audit 2026 device/Data store/Audit/VA24.xlsx#VA24 NEW BALANCE VINCOM BATRIEU!row=16,false,VA24
SN:S26023524700890,SN-S26023524700890,,S26023524700890,PDT,PDT,M-32AFCDC6CA,VA24,,,,IN_USE,1,1,Source quantity 1; unit 1,STORE_AUDIT,Audit 2026 device/Data store/Audit/VA24.xlsx#VA24 NEW BALANCE VINCOM BATRIEU!row=17,false,VA24
SN:XXZTN261200001,SN-XXZTN261200001,,XXZTN261200001,PDT's Printer,PDT,M-B9A38D5EC4,VA24,,,,IN_USE,1,1,Source quantity 1; unit 1,STORE_AUDIT,Audit 2026 device/Data store/Audit/VA24.xlsx#VA24 NEW BALANCE VINCOM BATRIEU!row=18,false,VA24
SN:JL9XJ67CTP,SN-JL9XJ67CTP,,JL9XJ67CTP,Tablet,BACKEND,M-DC45B0FEBF,VA24,,,,IN_USE,1,1,Source quantity 1; unit 1,STORE_AUDIT,Audit 2026 device/Data store/Audit/VA24.xlsx#VA24 NEW BALANCE VINCOM BATRIEU!row=19,false,VA24
SN:ZAV10T500602A,SN-ZAV10T500602A,,ZAV10T500602A,Access Point,NET,M-15204634F4,VA24,,,,IN_USE,1,1,Source quantity 1; unit 1,STORE_AUDIT,Audit 2026 device/Data store/Audit/VA24.xlsx#VA24 NEW BALANCE VINCOM BATRIEU!row=20,false,VA24
SN:8CC51110T08CC3500VT4,SN-8CC51110T08CC3500VT4,,8CC51110T08CC3500VT4,Mini Pc,POS,M-F2131DF2CC,VH01,,,,IN_USE,2,1,Source quantity 2; unit 1,STORE_AUDIT,Audit 2026 device/Data store/Audit/VH01.xlsx#VH01!row=2,false,VH01
OBS:A0AB2F4FB9,DATA-524153CF03B1,,,Mini Pc,POS,M-F2131DF2CC,VH01,,,,IN_USE,2,2,Source quantity 2; unit 2,STORE_AUDIT,Audit 2026 device/Data store/Audit/VH01.xlsx#VH01!row=2,true,VH01
OBS:A4B920E826,DATA-12AB80557C92,,,Keyboard,POS,M-763A1D1E90,VH01,,,,IN_USE,3,1,Source quantity 3; unit 1,STORE_AUDIT,Audit 2026 device/Data store/Audit/VH01.xlsx#VH01!row=3,true,VH01
OBS:6099BEB6A0,DATA-61A938A92990,,,Keyboard,POS,M-763A1D1E90,VH01,,,,IN_USE,3,2,Source quantity 3; unit 2,STORE_AUDIT,Audit 2026 device/Data store/Audit/VH01.xlsx#VH01!row=3,true,VH01
OBS:52F456B21C,DATA-CE4399604AC5,,,Keyboard,POS,M-763A1D1E90,VH01,,,,IN_USE,3,3,Source quantity 3; unit 3,STORE_AUDIT,Audit 2026 device/Data store/Audit/VH01.xlsx#VH01!row=3,true,VH01
OBS:BDC19C3C47,DATA-D7C72169B454,,,Mouse,POS,M-C4141157CB,VH01,,,,IN_USE,3,1,Source quantity 3; unit 1,STORE_AUDIT,Audit 2026 device/Data store/Audit/VH01.xlsx#VH01!row=4,true,VH01
OBS:7E647D5137,DATA-849CA6A1BEC7,,,Mouse,POS,M-C4141157CB,VH01,,,,IN_USE,3,2,Source quantity 3; unit 2,STORE_AUDIT,Audit 2026 device/Data store/Audit/VH01.xlsx#VH01!row=4,true,VH01
OBS:2DB275B688,DATA-2E447692865A,,,Mouse,POS,M-C4141157CB,VH01,,,,IN_USE,3,3,Source quantity 3; unit 3,STORE_AUDIT,Audit 2026 device/Data store/Audit/VH01.xlsx#VH01!row=4,true,VH01
SN:MK410211201000MK410221102371,SN-MK410211201000MK410221102371,,MK410211201000MK410221102371,Cash Drawer,POS,M-90AB8F8668,VH01,,,,IN_USE,2,1,Source quantity 2; unit 1,STORE_AUDIT,Audit 2026 device/Data store/Audit/VH01.xlsx#VH01!row=5,false,VH01
OBS:6DC925F49F,DATA-5F784F499533,,,Cash Drawer,POS,M-90AB8F8668,VH01,,,,IN_USE,2,2,Source quantity 2; unit 2,STORE_AUDIT,Audit 2026 device/Data store/Audit/VH01.xlsx#VH01!row=5,true,VH01
SN:2108112341009VFD220U13B20120034,SN-2108112341009VFD220U13B20120034,,2108112341009VFD220U13B20120034,Pole Display,POS,M-F1D669CAC8,VH01,,,,IN_USE,2,1,Source quantity 2; unit 1,STORE_AUDIT,Audit 2026 device/Data store/Audit/VH01.xlsx#VH01!row=6,false,VH01
OBS:895C315786,DATA-E80A245D4D37,,,Pole Display,POS,M-F1D669CAC8,VH01,,,,IN_USE,2,2,Source quantity 2; unit 2,STORE_AUDIT,Audit 2026 device/Data store/Audit/VH01.xlsx#VH01!row=6,true,VH01
SN:G23D05705G23C76627,SN-G23D05705G23C76627,,G23D05705G23C76627,Scanner-Bluetooth,POS,M-CD90B4BBAE,VH01,,,,IN_USE,2,1,Source quantity 2; unit 1,STORE_AUDIT,Audit 2026 device/Data store/Audit/VH01.xlsx#VH01!row=7,false,VH01
OBS:E03B674D7A,DATA-16425B4E56F5,,,Scanner-Bluetooth,POS,M-CD90B4BBAE,VH01,,,,IN_USE,2,2,Source quantity 2; unit 2,STORE_AUDIT,Audit 2026 device/Data store/Audit/VH01.xlsx#VH01!row=7,true,VH01
SN:1CR82307C21CR82307CR3CQ3240J5T,SN-1CR82307C21CR82307CR3CQ3240J5T,,1CR82307C21CR82307CR3CQ3240J5T,Monitor,POS,M-523DDF9C2A,VH01,,,,IN_USE,3,1,Source quantity 3; unit 1,STORE_AUDIT,Audit 2026 device/Data store/Audit/VH01.xlsx#VH01!row=8,false,VH01
OBS:DB2A0BD037,DATA-8BD6AFD2A0A8,,,Monitor,POS,M-523DDF9C2A,VH01,,,,IN_USE,3,2,Source quantity 3; unit 2,STORE_AUDIT,Audit 2026 device/Data store/Audit/VH01.xlsx#VH01!row=8,true,VH01
OBS:691730EC80,DATA-A6DECC0E436F,,,Monitor,POS,M-523DDF9C2A,VH01,,,,IN_USE,3,3,Source quantity 3; unit 3,STORE_AUDIT,Audit 2026 device/Data store/Audit/VH01.xlsx#VH01!row=8,true,VH01
SN:X7B9025644X7B9022786,SN-X7B9025644X7B9022786,,X7B9025644X7B9022786,Bill printer,BACKEND,M-4A5BEE488F,VH01,,,,IN_USE,2,1,Source quantity 2; unit 1,STORE_AUDIT,Audit 2026 device/Data store/Audit/VH01.xlsx#VH01!row=9,false,VH01
OBS:8DE2D419CA,DATA-B1B88880D572,,,Bill printer,BACKEND,M-4A5BEE488F,VH01,,,,IN_USE,2,2,Source quantity 2; unit 2,STORE_AUDIT,Audit 2026 device/Data store/Audit/VH01.xlsx#VH01!row=9,true,VH01
SN:KWC29190Y1G,SN-KWC29190Y1G,,KWC29190Y1G,Switch (External Switch-CCTV system),NET,M-7359091762,VH01,,,,IN_USE,1,1,Source quantity 1; unit 1,STORE_AUDIT,Audit 2026 device/Data store/Audit/VH01.xlsx#VH01!row=10,false,VH01
SN:9C05D6797F57,SN-9C05D6797F57,,9C05D6797F57,Access Point,NET,M-6EF0B7C827,VH01,,,,IN_USE,1,1,Source quantity 1; unit 1,STORE_AUDIT,Audit 2026 device/Data store/Audit/VH01.xlsx#VH01!row=11,false,VH01
SN:FGT40FTK24086915,SN-FGT40FTK24086915,,FGT40FTK24086915,Firewall,NET,M-1D807E3F07,VH01,,,,IN_USE,1,1,Source quantity 1; unit 1,STORE_AUDIT,Audit 2026 device/Data store/Audit/VH01.xlsx#VH01!row=12,false,VH01
SN:NMYA802553,SN-NMYA802553,,NMYA802553,Printer,BACKEND,M-86DBA21F9C,VH01,,,,IN_USE,1,1,Source quantity 1; unit 1,STORE_AUDIT,Audit 2026 device/Data store/Audit/VH01.xlsx#VH01!row=13,false,VH01
SN:C711P94,SN-C711P94,,C711P94,Server,BACKEND,M-ABF0D85892,VH01,,,,IN_USE,1,1,Source quantity 1; unit 1,STORE_AUDIT,Audit 2026 device/Data store/Audit/VH01.xlsx#VH01!row=14,false,VH01
SN:S23118523021439,SN-S23118523021439,,S23118523021439,PDT,PDT,M-3CA18C0ABD,VH01,,,,IN_USE,1,1,Source quantity 1; unit 1,STORE_AUDIT,Audit 2026 device/Data store/Audit/VH01.xlsx#VH01!row=15,false,VH01
SN:2530022102301150,SN-2530022102301150,,2530022102301150,PDT's Printer,PDT,M-C716B96A9A,VH01,,,,IN_USE,1,1,Source quantity 1; unit 1,STORE_AUDIT,Audit 2026 device/Data store/Audit/VH01.xlsx#VH01!row=16,false,VH01
SN:5CD250F9PD,SN-5CD250F9PD,,5CD250F9PD,Laptop,POS,M-7682CEF827,VH02,,,,IN_USE,1,1,Source quantity 1; unit 1,STORE_AUDIT,Audit 2026 device/Data store/Audit/VH02.xlsx#VH02!row=2,false,VH02
OBS:77B593E19E,DATA-620ED65FF440,,,Keyboard,POS,M-763A1D1E90,VH02,,,,IN_USE,1,1,Source quantity 1; unit 1,STORE_AUDIT,Audit 2026 device/Data store/Audit/VH02.xlsx#VH02!row=3,true,VH02
OBS:FAF7DFB9EA,DATA-4DECA470C9E3,,,Mouse,POS,M-C4141157CB,VH02,,,,IN_USE,1,1,Source quantity 1; unit 1,STORE_AUDIT,Audit 2026 device/Data store/Audit/VH02.xlsx#VH02!row=4,true,VH02
SN:2TD311NAFR,SN-2TD311NAFR,,2TD311NAFR,Pole Display,POS,M-F1D669CAC8,VH02,,,,IN_USE,1,1,Source quantity 1; unit 1,STORE_AUDIT,Audit 2026 device/Data store/Audit/VH02.xlsx#VH02!row=5,false,VH02
SN:G23C76607,SN-G23C76607,,G23C76607,Scanning gun,POS,M-CD90B4BBAE,VH02,,,,IN_USE,1,1,Source quantity 1; unit 1,STORE_AUDIT,Audit 2026 device/Data store/Audit/VH02.xlsx#VH02!row=6,false,VH02
SN:X7BA003673,SN-X7BA003673,,X7BA003673,Bill Printer,BACKEND,M-A44B40D714,VH02,,,,IN_USE,1,1,Source quantity 1; unit 1,STORE_AUDIT,Audit 2026 device/Data store/Audit/VH02.xlsx#VH02!row=7,false,VH02
SN:NMYA834196,SN-NMYA834196,,NMYA834196,Printer,BACKEND,M-86DBA21F9C,VH02,,,,IN_USE,1,1,Source quantity 1; unit 1,STORE_AUDIT,Audit 2026 device/Data store/Audit/VH02.xlsx#VH02!row=8,false,VH02
SN:4CE234DC8C,SN-4CE234DC8C,,4CE234DC8C,Mini Pc,POS,M-179027EACA,DSV,VH03,,,AVAILABLE,2,1,DSV | Source quantity 2; unit 1,STORE_AUDIT,Audit 2026 device/Data store/Audit/VH03.xlsx#VH03 SKECHERS AEON HAI PHONG!row=2,false,VH03
OBS:F873971E64,DATA-E07BFB79AB62,,,Mini Pc,POS,M-179027EACA,DSV,VH03,,,AVAILABLE,2,2,DSV | Source quantity 2; unit 2,STORE_AUDIT,Audit 2026 device/Data store/Audit/VH03.xlsx#VH03 SKECHERS AEON HAI PHONG!row=2,true,VH03
SN:4CE234DC92,SN-4CE234DC92,,4CE234DC92,Store Equipment,OFF,M-C334464919,DSV,VH03,,,AVAILABLE,1,1,DSV | Source quantity 1; unit 1,STORE_AUDIT,Audit 2026 device/Data store/Audit/VH03.xlsx#VH03 SKECHERS AEON HAI PHONG!row=3,false,VH03
OBS:B06B1A83AD,DATA-CEE719495C04,,,Keyboard,POS,M-763A1D1E90,VH03,,,,IN_USE,3,1,Source quantity 3; unit 1,STORE_AUDIT,Audit 2026 device/Data store/Audit/VH03.xlsx#VH03 SKECHERS AEON HAI PHONG!row=4,true,VH03
OBS:7F05E7613D,DATA-850CF939A8FF,,,Keyboard,POS,M-763A1D1E90,VH03,,,,IN_USE,3,2,Source quantity 3; unit 2,STORE_AUDIT,Audit 2026 device/Data store/Audit/VH03.xlsx#VH03 SKECHERS AEON HAI PHONG!row=4,true,VH03
OBS:86413A3B9A,DATA-097E91EAE09F,,,Keyboard,POS,M-763A1D1E90,VH03,,,,IN_USE,3,3,Source quantity 3; unit 3,STORE_AUDIT,Audit 2026 device/Data store/Audit/VH03.xlsx#VH03 SKECHERS AEON HAI PHONG!row=4,true,VH03
OBS:1E9AA46223,DATA-6F7880925F74,,,Mouse,POS,M-C4141157CB,VH03,,,,IN_USE,3,1,Source quantity 3; unit 1,STORE_AUDIT,Audit 2026 device/Data store/Audit/VH03.xlsx#VH03 SKECHERS AEON HAI PHONG!row=5,true,VH03
OBS:C1A4B97CEF,DATA-1DE4181011B3,,,Mouse,POS,M-C4141157CB,VH03,,,,IN_USE,3,2,Source quantity 3; unit 2,STORE_AUDIT,Audit 2026 device/Data store/Audit/VH03.xlsx#VH03 SKECHERS AEON HAI PHONG!row=5,true,VH03
OBS:866BC696EF,DATA-4F21F8D0A7AC,,,Mouse,POS,M-C4141157CB,VH03,,,,IN_USE,3,3,Source quantity 3; unit 3,STORE_AUDIT,Audit 2026 device/Data store/Audit/VH03.xlsx#VH03 SKECHERS AEON HAI PHONG!row=5,true,VH03
SN:MK410210300453,SN-MK410210300453,,MK410210300453,Cash Drawer,POS,M-90AB8F8668,VH03,,,,IN_USE,2,1,Source quantity 2; unit 1,STORE_AUDIT,Audit 2026 device/Data store/Audit/VH03.xlsx#VH03 SKECHERS AEON HAI PHONG!row=6,false,VH03
OBS:C831771C9B,DATA-BBAF7A5D63D9,,,Cash Drawer,POS,M-90AB8F8668,VH03,,,,IN_USE,2,2,Source quantity 2; unit 2,STORE_AUDIT,Audit 2026 device/Data store/Audit/VH03.xlsx#VH03 SKECHERS AEON HAI PHONG!row=6,true,VH03
SN:MK410211201514,SN-MK410211201514,,MK410211201514,Store Equipment,OFF,M-C334464919,VH03,,,,IN_USE,1,1,Source quantity 1; unit 1,STORE_AUDIT,Audit 2026 device/Data store/Audit/VH03.xlsx#VH03 SKECHERS AEON HAI PHONG!row=7,false,VH03
SN:DH240328010039,SN-DH240328010039,,DH240328010039,Pole Display,POS,M-F1D669CAC8,VH03,,,,IN_USE,2,1,Source quantity 2; unit 1,STORE_AUDIT,Audit 2026 device/Data store/Audit/VH03.xlsx#VH03 SKECHERS AEON HAI PHONG!row=8,false,VH03
OBS:17E1F21363,DATA-E84561FFEDD0,,,Pole Display,POS,M-F1D669CAC8,VH03,,,,IN_USE,2,2,Source quantity 2; unit 2,STORE_AUDIT,Audit 2026 device/Data store/Audit/VH03.xlsx#VH03 SKECHERS AEON HAI PHONG!row=8,true,VH03
SN:DH240328010038,SN-DH240328010038,,DH240328010038,Store Equipment,OFF,M-C334464919,VH03,,,,IN_USE,1,1,Source quantity 1; unit 1,STORE_AUDIT,Audit 2026 device/Data store/Audit/VH03.xlsx#VH03 SKECHERS AEON HAI PHONG!row=9,false,VH03
SN:G20I34954,SN-G20I34954,,G20I34954,Scanner,POS,M-CD90B4BBAE,VH03,,,,IN_USE,2,1,Source quantity 2; unit 1,STORE_AUDIT,Audit 2026 device/Data store/Audit/VH03.xlsx#VH03 SKECHERS AEON HAI PHONG!row=10,false,VH03
OBS:9F0C613C23,DATA-53B7185CE88E,,,Scanner,POS,M-CD90B4BBAE,VH03,,,,IN_USE,2,2,Source quantity 2; unit 2,STORE_AUDIT,Audit 2026 device/Data store/Audit/VH03.xlsx#VH03 SKECHERS AEON HAI PHONG!row=10,true,VH03
SN:G21NG2046,SN-G21NG2046,,G21NG2046,Store Equipment,OFF,M-C334464919,VH03,,,,IN_USE,1,1,Source quantity 1; unit 1,STORE_AUDIT,Audit 2026 device/Data store/Audit/VH03.xlsx#VH03 SKECHERS AEON HAI PHONG!row=11,false,VH03
SN:1CR84126GF,SN-1CR84126GF,,1CR84126GF,Monitor,POS,M-523DDF9C2A,VH03,,,,IN_USE,2,1,Source quantity 2; unit 1,STORE_AUDIT,Audit 2026 device/Data store/Audit/VH03.xlsx#VH03 SKECHERS AEON HAI PHONG!row=12,false,VH03
OBS:643DC2B94D,DATA-A66F56EABB18,,,Monitor,POS,M-523DDF9C2A,VH03,,,,IN_USE,2,2,Source quantity 2; unit 2,STORE_AUDIT,Audit 2026 device/Data store/Audit/VH03.xlsx#VH03 SKECHERS AEON HAI PHONG!row=12,true,VH03
SN:1CR82307BL,SN-1CR82307BL,,1CR82307BL,Store Equipment,OFF,M-C334464919,VH03,,,,IN_USE,1,1,Source quantity 1; unit 1,STORE_AUDIT,Audit 2026 device/Data store/Audit/VH03.xlsx#VH03 SKECHERS AEON HAI PHONG!row=13,false,VH03
SN:CN41484H9C,SN-CN41484H9C,,CN41484H9C,Monitor,POS,M-8CAC7A077F,VH03,,,,IN_USE,1,1,Source quantity 1; unit 1,STORE_AUDIT,Audit 2026 device/Data store/Audit/VH03.xlsx#VH03 SKECHERS AEON HAI PHONG!row=14,false,VH03
SN:X7BA003082,SN-X7BA003082,,X7BA003082,Bill printer,BACKEND,M-4A5BEE488F,VH03,,,,IN_USE,2,1,Source quantity 2; unit 1,STORE_AUDIT,Audit 2026 device/Data store/Audit/VH03.xlsx#VH03 SKECHERS AEON HAI PHONG!row=15,false,VH03
OBS:8F5FD25FB8,DATA-44AE15E67CD9,,,Bill printer,BACKEND,M-4A5BEE488F,VH03,,,,IN_USE,2,2,Source quantity 2; unit 2,STORE_AUDIT,Audit 2026 device/Data store/Audit/VH03.xlsx#VH03 SKECHERS AEON HAI PHONG!row=15,true,VH03
SN:X7BA002788,SN-X7BA002788,,X7BA002788,Store Equipment,OFF,M-C334464919,VH03,,,,IN_USE,1,1,Source quantity 1; unit 1,STORE_AUDIT,Audit 2026 device/Data store/Audit/VH03.xlsx#VH03 SKECHERS AEON HAI PHONG!row=16,false,VH03
SN:KWC29190Y0Z,SN-KWC29190Y0Z,,KWC29190Y0Z,Switch (External Switch-CCTV system),NET,M-7359091762,VH03,,,,IN_USE,1,1,Source quantity 1; unit 1,STORE_AUDIT,Audit 2026 device/Data store/Audit/VH03.xlsx#VH03 SKECHERS AEON HAI PHONG!row=17,false,VH03
SN:8C30664AD29C,SN-8C30664AD29C,,8C30664AD29C,Access Point,NET,M-6EF0B7C827,VH03,,,,IN_USE,1,1,Source quantity 1; unit 1,STORE_AUDIT,Audit 2026 device/Data store/Audit/VH03.xlsx#VH03 SKECHERS AEON HAI PHONG!row=18,false,VH03
SN:FGT40FTK25089193,SN-FGT40FTK25089193,,FGT40FTK25089193,Firewall,NET,M-1D807E3F07,VH03,,,,IN_USE,1,1,Source quantity 1; unit 1,STORE_AUDIT,Audit 2026 device/Data store/Audit/VH03.xlsx#VH03 SKECHERS AEON HAI PHONG!row=19,false,VH03
SN:VNC3K05078,SN-VNC3K05078,,VNC3K05078,Printer,BACKEND,M-781506EB79,VH03,,,,IN_USE,1,1,Source quantity 1; unit 1,STORE_AUDIT,Audit 2026 device/Data store/Audit/VH03.xlsx#VH03 SKECHERS AEON HAI PHONG!row=20,false,VH03
SN:BVX97G4,SN-BVX97G4,,BVX97G4,Server,BACKEND,M-ABF0D85892,VH03,,,,IN_USE,1,1,Source quantity 1; unit 1,STORE_AUDIT,Audit 2026 device/Data store/Audit/VH03.xlsx#VH03 SKECHERS AEON HAI PHONG!row=21,false,VH03
SN:S22182523022953,SN-S22182523022953,,S22182523022953,PDT,PDT,M-3CA18C0ABD,DSV,VH03,,,AVAILABLE,1,1,DSV | Source quantity 1; unit 1,STORE_AUDIT,Audit 2026 device/Data store/Audit/VH03.xlsx#VH03 SKECHERS AEON HAI PHONG!row=22,false,VH03
SN:XXZTN261200003,SN-XXZTN261200003,,XXZTN261200003,PDT's Printer,PDT,M-B9A38D5EC4,VH03,,,,IN_USE,1,1,Source quantity 1; unit 1,STORE_AUDIT,Audit 2026 device/Data store/Audit/VH03.xlsx#VH03 SKECHERS AEON HAI PHONG!row=23,false,VH03
SN:PF1FV71U,SN-PF1FV71U,,PF1FV71U,Laptop,POS,M-86C83C4F82,VI03,,,,IN_USE,1,1,Source quantity 1; unit 1,STORE_AUDIT,Audit 2026 device/Data store/Audit/VI03.xlsx#VI03!row=2,false,VI03
OBS:4B68028C6F,DATA-7B9C5A871CAA,,,Mouse,POS,M-C4141157CB,VI03,,,,IN_USE,1,1,Source quantity 1; unit 1,STORE_AUDIT,Audit 2026 device/Data store/Audit/VI03.xlsx#VI03!row=3,true,VI03
SN:20201130015,SN-20201130015,,20201130015,Cash Drawer,POS,M-90AB8F8668,VI03,,,,IN_USE,1,1,Source quantity 1; unit 1,STORE_AUDIT,Audit 2026 device/Data store/Audit/VI03.xlsx#VI03!row=4 | Audit 2026 device/Data store/Audit/VO04.xlsx#VO04 FOOT LOCKER AEON THANH KHE!row=22,true,VI03
SN:2TD843AAAN,SN-2TD843AAAN,,2TD843AAAN,Pole Display,POS,M-F1D669CAC8,VI03,,,,IN_USE,1,1,Source quantity 1; unit 1,STORE_AUDIT,Audit 2026 device/Data store/Audit/VI03.xlsx#VI03!row=5,false,VI03
SN:G20E58609,SN-G20E58609,,G20E58609,Scanning gun,POS,M-CD90B4BBAE,VI03,,,,IN_USE,1,1,Source quantity 1; unit 1,STORE_AUDIT,Audit 2026 device/Data store/Audit/VI03.xlsx#VI03!row=6,false,VI03
SN:X7BA001290,SN-X7BA001290,,X7BA001290,Bill Printer,BACKEND,M-A44B40D714,VI03,,,,IN_USE,1,1,Source quantity 1; unit 1,STORE_AUDIT,Audit 2026 device/Data store/Audit/VI03.xlsx#VI03!row=7,false,VI03
SN:FGT40FTK2309D2DB,SN-FGT40FTK2309D2DB,,FGT40FTK2309D2DB,Firewall,NET,M-1D807E3F07,VI03,,,,IN_USE,1,1,Source quantity 1; unit 1,STORE_AUDIT,Audit 2026 device/Data store/Audit/VI03.xlsx#VI03!row=8,false,VI03
SN:VNC3K04690,SN-VNC3K04690,,VNC3K04690,Printer,BACKEND,M-84CD7DF7AD,VI03,,,,IN_USE,1,1,Source quantity 1; unit 1,STORE_AUDIT,Audit 2026 device/Data store/Audit/VI03.xlsx#VI03!row=9 | Audit 2026 device/Data store/Audit/VO04.xlsx#VO04 FOOT LOCKER AEON THANH KHE!row=30,true,VI03
SN:862854053049620,SN-862854053049620,,862854053049620,Tablet (O2O),BACKEND,M-F7755C45DD,VI03,,,,IN_USE,1,1,Source quantity 1; unit 1,STORE_AUDIT,Audit 2026 device/Data store/Audit/VI03.xlsx#VI03!row=10,false,VI03
SN:I1623H0003,SN-I1623H0003,,I1623H0003,Printer (O2O),BACKEND,M-EE56F707EE,VI03,,,,IN_USE,1,1,Source quantity 1; unit 1,STORE_AUDIT,Audit 2026 device/Data store/Audit/VI03.xlsx#VI03!row=11,false,VI03
SN:8CC3500VT2,SN-8CC3500VT2,,8CC3500VT2,Mini Pc,POS,M-521E06FADD,VN05,,,,IN_USE,1,1,Source quantity 1; unit 1,STORE_AUDIT,Audit 2026 device/Data store/Audit/VN05.xlsx#VN05!row=2,false,VN05
OBS:2450D72265,DATA-2DD45E0A188B,,,Keyboard,POS,M-763A1D1E90,VN05,,,,IN_USE,1,1,Source quantity 1; unit 1,STORE_AUDIT,Audit 2026 device/Data store/Audit/VN05.xlsx#VN05!row=3,true,VN05
OBS:9ED7FA76B6,DATA-96F5A1BBAA19,,,Mouse,POS,M-C4141157CB,VN05,,,,IN_USE,1,1,Source quantity 1; unit 1,STORE_AUDIT,Audit 2026 device/Data store/Audit/VN05.xlsx#VN05!row=4,true,VN05
SN:M3302021060398,SN-M3302021060398,,M3302021060398,Cash Drawer,POS,M-90AB8F8668,VN05,,,,IN_USE,1,1,Source quantity 1; unit 1,STORE_AUDIT,Audit 2026 device/Data store/Audit/VN05.xlsx#VN05!row=5,false,VN05
SN:120035,SN-120035,,120035,Pole Display,POS,M-F1D669CAC8,VN05,,,,IN_USE,1,1,Source quantity 1; unit 1,STORE_AUDIT,Audit 2026 device/Data store/Audit/VN05.xlsx#VN05!row=6,false,VN05
SN:G21E85761,SN-G21E85761,,G21E85761,Scanning gun,POS,M-CD90B4BBAE,VN05,,,,IN_USE,1,1,Source quantity 1; unit 1,STORE_AUDIT,Audit 2026 device/Data store/Audit/VN05.xlsx#VN05!row=7,false,VN05
SN:1CR8420G67,SN-1CR8420G67,,1CR8420G67,Monitor,POS,M-1EBD026F66,VN05,,,,IN_USE,1,1,Source quantity 1; unit 1,STORE_AUDIT,Audit 2026 device/Data store/Audit/VN05.xlsx#VN05!row=8,false,VN05
SN:X7BA004094,SN-X7BA004094,,X7BA004094,Bill Printer,BACKEND,M-A44B40D714,VN05,,,,IN_USE,1,1,Source quantity 1; unit 1,STORE_AUDIT,Audit 2026 device/Data store/Audit/VN05.xlsx#VN05!row=9,false,VN05
SN:22253D9009592,SN-22253D9009592,,22253D9009592,"Switch (Internal Switch-POS, TF, Wifi)",NET,M-64F95A6B74,VN05,,,,IN_USE,1,1,Source quantity 1; unit 1,STORE_AUDIT,Audit 2026 device/Data store/Audit/VN05.xlsx#VN05!row=10,false,VN05
SN:9C05D67981E2,SN-9C05D67981E2,,9C05D67981E2,Access Point,NET,M-6EF0B7C827,VN05,,,,IN_USE,1,1,Source quantity 1; unit 1,STORE_AUDIT,Audit 2026 device/Data store/Audit/VN05.xlsx#VN05!row=11,false,VN05
SN:FGT40FTK24014025,SN-FGT40FTK24014025,,FGT40FTK24014025,Firewall,NET,M-1D807E3F07,VN05,,,,IN_USE,1,1,Source quantity 1; unit 1,STORE_AUDIT,Audit 2026 device/Data store/Audit/VN05.xlsx#VN05!row=12,false,VN05
SN:CNBRP8297B,SN-CNBRP8297B,,CNBRP8297B,Printer,BACKEND,M-5438A61CC2,VN05,,,,IN_USE,1,1,Source quantity 1; unit 1,STORE_AUDIT,Audit 2026 device/Data store/Audit/VN05.xlsx#VN05!row=13,false,VN05
SN:352294624029024,SN-352294624029024,,352294624029024,Tablet (O2O),BACKEND,M-F7755C45DD,VN05,,,,IN_USE,1,1,Source quantity 1; unit 1,STORE_AUDIT,Audit 2026 device/Data store/Audit/VN05.xlsx#VN05!row=14,false,VN05
SN:11622C0003,SN-11622C0003,,11622C0003,Printer (O2O),BACKEND,M-EE56F707EE,VN05,,,,IN_USE,1,1,Source quantity 1; unit 1,STORE_AUDIT,Audit 2026 device/Data store/Audit/VN05.xlsx#VN05!row=15,false,VN05
SN:24144523021654,SN-24144523021654,,24144523021654,PDT,PDT,M-3CA18C0ABD,VN05,,,,IN_USE,1,1,Source quantity 1; unit 1,STORE_AUDIT,Audit 2026 device/Data store/Audit/VN05.xlsx#VN05!row=16,false,VN05
SN:2530022102300538,SN-2530022102300538,,2530022102300538,PDT's Printer,PDT,M-C716B96A9A,VN05,,,,IN_USE,1,1,Source quantity 1; unit 1,STORE_AUDIT,Audit 2026 device/Data store/Audit/VN05.xlsx#VN05!row=17,false,VN05
OBS:E507BF6FAD,DATA-8D0247E852F8,,,Mouse,POS,M-C4141157CB,VN06,,,,IN_USE,1,1,Source quantity 1; unit 1,STORE_AUDIT,Audit 2026 device/Data store/!!!/VN06.xlsx#VN06!row=3,true,VN06
OBS:EFC491C45B,DATA-48C24ED938E9,,,Cash Drawer,POS,M-90AB8F8668,VN06,,,,IN_USE,1,1,Source quantity 1; unit 1,STORE_AUDIT,Audit 2026 device/Data store/!!!/VN06.xlsx#VN06!row=4,true,VN06
OBS:8FAF1D1FAC,DATA-C4F7E333F438,,,Pole Display,POS,M-F1D669CAC8,VN06,,,,IN_USE,1,1,Source quantity 1; unit 1,STORE_AUDIT,Audit 2026 device/Data store/!!!/VN06.xlsx#VN06!row=5,true,VN06
SN:G21EB1603,SN-G21EB1603,,G21EB1603,Scanning gun,POS,M-CD90B4BBAE,VN06,,,,IN_USE,1,1,Source quantity 1; unit 1,STORE_AUDIT,Audit 2026 device/Data store/!!!/VN06.xlsx#VN06!row=6,false,VN06
SN:BM2105270032,SN-BM2105270032,,BM2105270032,Bill Printer,BACKEND,M-8F657C320A,VN06,,,,IN_USE,1,1,Source quantity 1; unit 1,STORE_AUDIT,Audit 2026 device/Data store/!!!/VN06.xlsx#VN06!row=7,false,VN06
OBS:1381CE3FC4,DATA-3558AD78525D,,,"Switch (Internal Switch-POS, TF, Wifi)",NET,M-7359091762,VN06,,,,IN_USE,1,1,Source quantity 1; unit 1,STORE_AUDIT,Audit 2026 device/Data store/!!!/VN06.xlsx#VN06!row=8,true,VN06
SN:FGT40FTK24086300,SN-FGT40FTK24086300,,FGT40FTK24086300,Firewall,NET,M-1D807E3F07,VN06,,,,IN_USE,1,1,Source quantity 1; unit 1,STORE_AUDIT,Audit 2026 device/Data store/!!!/VN06.xlsx#VN06!row=9,false,VN06
OBS:BA5D74AC95,DATA-8260EB80CFB7,,,Printer,BACKEND,M-86DBA21F9C,VN06,,,,IN_USE,1,1,Source quantity 1; unit 1,STORE_AUDIT,Audit 2026 device/Data store/!!!/VN06.xlsx#VN06!row=10,true,VN06
SN:1CR82307K2,SN-1CR82307K2,,1CR82307K2,Monitor,POS,M-1EBD026F66,VN07,,,,IN_USE,1,1,Source quantity 1; unit 1,STORE_AUDIT,Audit 2026 device/Data store/Audit/VN07.xlsx#VN07!row=2,false,VN07
SN:BM2105270034,SN-BM2105270034,,BM2105270034,Bill Printer,BACKEND,M-B4B98FB95A,VN07,,,,IN_USE,1,1,Source quantity 1; unit 1,STORE_AUDIT,Audit 2026 device/Data store/Audit/VN07.xlsx#VN07!row=3,false,VN07
SN:G21EB1563,SN-G21EB1563,,G21EB1563,Scanner,POS,M-0335461D6F,VN07,,,,IN_USE,1,1,Source quantity 1; unit 1,STORE_AUDIT,Audit 2026 device/Data store/Audit/VN07.xlsx#VN07!row=4,false,VN07
SN:CNBRP8434C,SN-CNBRP8434C,,CNBRP8434C,A4 Printer,BACKEND,M-5438A61CC2,VN07,,,,IN_USE,1,1,Source quantity 1; unit 1,STORE_AUDIT,Audit 2026 device/Data store/Audit/VN07.xlsx#VN07!row=6,false,VN07
SN:MK410221102041,SN-MK410221102041,,MK410221102041,Cash Drawer,POS,M-BA06DE143A,VN07,,,,IN_USE,1,1,Source quantity 1; unit 1,STORE_AUDIT,Audit 2026 device/Data store/Audit/VN07.xlsx#VN07!row=7,false,VN07
SN:22172W5002256,SN-22172W5002256,,22172W5002256,Network Switch,NET,M-3A294ADA95,VN07,,,,IN_USE,1,1,Source quantity 1; unit 1,STORE_AUDIT,Audit 2026 device/Data store/Audit/VN07.xlsx#VN07!row=8,false,VN07
SN:1CZ04303Y7,SN-1CZ04303Y7,,1CZ04303Y7,Desktop,POS,M-B29FF9149B,VN07,,,,IN_USE,1,1,Source quantity 1; unit 1,STORE_AUDIT,Audit 2026 device/Data store/Audit/VN07.xlsx#VN07!row=9,false,VN07
SN:24165523020914,SN-24165523020914,,24165523020914,PDT,PDT,M-582F976207,VN07,,,,IN_USE,1,1,Source quantity 1; unit 1,STORE_AUDIT,Audit 2026 device/Data store/Audit/VN07.xlsx#VN07!row=10,false,VN07
SN:9C05D6798563,SN-9C05D6798563,,9C05D6798563,Access Point,NET,M-6C874DB6B9,VN07,,,,IN_USE,1,1,Source quantity 1; unit 1,STORE_AUDIT,Audit 2026 device/Data store/Audit/VN07.xlsx#VN07!row=11,false,VN07
SN:2530022102300544,SN-2530022102300544,,2530022102300544,PDT Printer,PDT,M-462230A72A,VN07,,,,IN_USE,1,1,Source quantity 1; unit 1,STORE_AUDIT,Audit 2026 device/Data store/Audit/VN07.xlsx#VN07!row=13,false,VN07
SN:TCEY007561,SN-TCEY007561,,TCEY007561,Bill Printer,BACKEND,M-AE84A6A42E,VN09,,,,IN_USE,1,1,Source quantity 1; unit 1,STORE_AUDIT,Audit 2026 device/Data store/Audit/VN09.xlsx#VN09!row=3,false,VN09
SN:MK410211201237,SN-MK410211201237,,MK410211201237,Cash Drawer,POS,M-0CA0A612ED,VN09,,,,IN_USE,1,1,Source quantity 1; unit 1,STORE_AUDIT,Audit 2026 device/Data store/Audit/VN09.xlsx#VN09!row=6 | Audit 2026 device/Data store/Audit/VN16.xlsx#VN16!row=5,true,VN09
SN:8CC51110SM,SN-8CC51110SM,,8CC51110SM,Desktop,POS,M-5D3B848B56,VN09,,,,IN_USE,1,1,Source quantity 1; unit 1,STORE_AUDIT,Audit 2026 device/Data store/Audit/VN09.xlsx#VN09!row=8,false,VN09
SN:22172W5002268,SN-22172W5002268,,22172W5002268,Switch,NET,M-64F95A6B74,VN09,,,,IN_USE,1,1,Source quantity 1; unit 1,STORE_AUDIT,Audit 2026 device/Data store/Audit/VN09.xlsx#VN09!row=9,false,VN09
SN:24161523023427,SN-24161523023427,,24161523023427,PDT,PDT,M-582F976207,VN09,,,,IN_USE,1,1,Source quantity 1; unit 1,STORE_AUDIT,Audit 2026 device/Data store/Audit/VN09.xlsx#VN09!row=10,false,VN09
SN:9C05D679862C,SN-9C05D679862C,,9C05D679862C,Access Point,NET,M-6C874DB6B9,VN09,,,,IN_USE,1,1,Source quantity 1; unit 1,STORE_AUDIT,Audit 2026 device/Data store/Audit/VN09.xlsx#VN09!row=11,false,VN09
SN:2530022102300537,SN-2530022102300537,,2530022102300537,PDT Printer,PDT,M-462230A72A,VN09,,,,IN_USE,1,1,Source quantity 1; unit 1,STORE_AUDIT,Audit 2026 device/Data store/Audit/VN09.xlsx#VN09!row=12,false,VN09
SN:FGT40FTK24006929,SN-FGT40FTK24006929,,FGT40FTK24006929,Firewall,NET,M-1D807E3F07,VN09,,,,IN_USE,1,1,Source quantity 1; unit 1,STORE_AUDIT,Audit 2026 device/Data store/Audit/VN09.xlsx#VN09!row=13,false,VN09
OBS:628FE7D6C5,DATA-4F68B7099E89,,,Keyboard,POS,M-763A1D1E90,VN09,,,,IN_USE,1,1,Source quantity 1; unit 1,STORE_AUDIT,Audit 2026 device/Data store/Audit/VN09.xlsx#VN09!row=14,true,VN09
OBS:1396A47FB6,DATA-83BF2F6B7270,,,Mouse,POS,M-C4141157CB,VN09,,,,IN_USE,1,1,Source quantity 1; unit 1,STORE_AUDIT,Audit 2026 device/Data store/Audit/VN09.xlsx#VN09!row=15,true,VN09
SN:8CC51110PK,SN-8CC51110PK,,8CC51110PK,Mini Pc,POS,M-521E06FADD,VN10,,,,IN_USE,1,1,Source quantity 1; unit 1,STORE_AUDIT,Audit 2026 device/Data store/Audit/VN10.xlsx#VN10!row=2,false,VN10
OBS:31F9E46D75,DATA-DAD6753F33D7,,,Keyboard,POS,M-763A1D1E90,VN10,,,,IN_USE,1,1,Source quantity 1; unit 1,STORE_AUDIT,Audit 2026 device/Data store/Audit/VN10.xlsx#VN10!row=3,true,VN10
OBS:8491BA6C4C,DATA-BAE1BB7A987C,,,Mouse,POS,M-C4141157CB,VN10,,,,IN_USE,1,1,Source quantity 1; unit 1,STORE_AUDIT,Audit 2026 device/Data store/Audit/VN10.xlsx#VN10!row=4,true,VN10
SN:MK410211201238,SN-MK410211201238,,MK410211201238,Cash Drawer,POS,M-90AB8F8668,VN10,,,,IN_USE,1,1,Source quantity 1; unit 1,STORE_AUDIT,Audit 2026 device/Data store/Audit/VN10.xlsx#VN10!row=5,false,VN10
SN:211130000038,SN-211130000038,,211130000038,Pole Display,POS,M-F1D669CAC8,VN10,,,,IN_USE,1,1,Source quantity 1; unit 1,STORE_AUDIT,Audit 2026 device/Data store/Audit/VN10.xlsx#VN10!row=6,false,VN10
SN:G21M82790,SN-G21M82790,,G21M82790,Scanning gun,POS,M-CD90B4BBAE,VN10,,,,IN_USE,1,1,Source quantity 1; unit 1,STORE_AUDIT,Audit 2026 device/Data store/Audit/VN10.xlsx#VN10!row=7,false,VN10
SN:1CR82307D2,SN-1CR82307D2,,1CR82307D2,Monitor,POS,M-744A821E88,VN10,,,,IN_USE,1,1,Source quantity 1; unit 1,STORE_AUDIT,Audit 2026 device/Data store/Audit/VN10.xlsx#VN10!row=8,false,VN10
SN:X7BA002747,SN-X7BA002747,,X7BA002747,Bill Printer,BACKEND,M-A44B40D714,VN10,,,,IN_USE,1,1,Source quantity 1; unit 1,STORE_AUDIT,Audit 2026 device/Data store/Audit/VN10.xlsx#VN10!row=9,false,VN10
SN:2225308008268,SN-2225308008268,,2225308008268,"Switch (Internal Switch-POS, TF, Wifi)",NET,M-64F95A6B74,VN10,,,,IN_USE,1,1,Source quantity 1; unit 1,STORE_AUDIT,Audit 2026 device/Data store/Audit/VN10.xlsx#VN10!row=10,false,VN10
SN:FGT40FTK24011504,SN-FGT40FTK24011504,,FGT40FTK24011504,Firewall,NET,M-1D807E3F07,VN10,,,,IN_USE,1,1,Source quantity 1; unit 1,STORE_AUDIT,Audit 2026 device/Data store/Audit/VN10.xlsx#VN10!row=11,false,VN10
SN:NMYA585379,SN-NMYA585379,,NMYA585379,Printer,BACKEND,M-86DBA21F9C,VN10,,,,IN_USE,1,1,Source quantity 1; unit 1,STORE_AUDIT,Audit 2026 device/Data store/Audit/VN10.xlsx#VN10!row=12,false,VN10
SN:RZPK2G2000820,SN-RZPK2G2000820,,RZPK2G2000820,Router,NET,M-22550F4DD8,VN10,,,,IN_USE,1,1,Source quantity 1; unit 1,STORE_AUDIT,Audit 2026 device/Data store/Audit/VN10.xlsx#VN10!row=13,false,VN10
SN:8CC22011CR,SN-8CC22011CR,,8CC22011CR,Desktop,POS,M-E99D25C57D,VN12,,,,IN_USE,1,1,Source quantity 1; unit 1,STORE_AUDIT,Audit 2026 device/Data store/!!!/VN12.xlsx#VN12!row=2,false,VN12
OBS:466E697080,DATA-680898B41C13,,,A4 Printer,BACKEND,M-C35CE66F95,VN12,,,,IN_USE,1,1,Source quantity 1; unit 1,STORE_AUDIT,Audit 2026 device/Data store/!!!/VN12.xlsx#VN12!row=3,true,VN12
OBS:83A08A8480,DATA-43B719FE3BCA,,,Scanner,POS,M-0335461D6F,VN12,,,,IN_USE,1,1,Source quantity 1; unit 1,STORE_AUDIT,Audit 2026 device/Data store/!!!/VN12.xlsx#VN12!row=4,true,VN12
OBS:528C3166B8,DATA-C607B1DC3828,,,Bill Printer,BACKEND,M-00AA7EECF1,VN12,,,,IN_USE,1,1,Source quantity 1; unit 1,STORE_AUDIT,Audit 2026 device/Data store/!!!/VN12.xlsx#VN12!row=5,true,VN12
OBS:C51F784F2E,DATA-B8F1EA2520F8,,,Other,BACKEND,M-427B7A810B,VN12,,,,IN_USE,1,1,Source quantity 1; unit 1,STORE_AUDIT,Audit 2026 device/Data store/!!!/VN12.xlsx#VN12!row=6,true,VN12
OBS:D07F399C62,DATA-8C125B7B0839,,,Monitor,POS,M-744A821E88,VN12,,,,IN_USE,1,1,Source quantity 1; unit 1,STORE_AUDIT,Audit 2026 device/Data store/!!!/VN12.xlsx#VN12!row=7,true,VN12
OBS:DA8D367867,DATA-F4C493C6F23F,,,Pole Display,POS,M-BEE0AAC906,VN12,,,,IN_USE,1,1,Source quantity 1; unit 1,STORE_AUDIT,Audit 2026 device/Data store/!!!/VN12.xlsx#VN12!row=8,true,VN12
OBS:0A92BDA57E,DATA-5F089EFD329F,,,Network Switch,NET,M-D5ED065579,VN12,,,,IN_USE,1,1,Source quantity 1; unit 1,STORE_AUDIT,Audit 2026 device/Data store/!!!/VN12.xlsx#VN12!row=9,true,VN12
OBS:1BA4CF4FB5,DATA-7C1A7D82B5B8,,,USB Hub,BACKEND,M-5BD12329B1,VN12,,,,IN_USE,1,1,Source quantity 1; unit 1,STORE_AUDIT,Audit 2026 device/Data store/!!!/VN12.xlsx#VN12!row=10,true,VN12
SN:24164523022817,SN-24164523022817,,24164523022817,PDT,PDT,M-582F976207,VN12,,,,IN_USE,1,1,Source quantity 1; unit 1,STORE_AUDIT,Audit 2026 device/Data store/!!!/VN12.xlsx#VN12!row=11,false,VN12
SN:8CC3500VVD,SN-8CC3500VVD,,8CC3500VVD,Mini Pc,POS,M-521E06FADD,VN16,,,,IN_USE,1,1,Source quantity 1; unit 1,STORE_AUDIT,Audit 2026 device/Data store/Audit/VN16.xlsx#VN16!row=2,false,VN16
OBS:E4B2CC333D,DATA-23393735E624,,,Keyboard,POS,M-763A1D1E90,VN16,,,,IN_USE,1,1,Source quantity 1; unit 1,STORE_AUDIT,Audit 2026 device/Data store/Audit/VN16.xlsx#VN16!row=3,true,VN16
OBS:8DAB54CE95,DATA-8DE56EBB1BF7,,,Mouse,POS,M-C4141157CB,VN16,,,,IN_USE,1,1,Source quantity 1; unit 1,STORE_AUDIT,Audit 2026 device/Data store/Audit/VN16.xlsx#VN16!row=4,true,VN16
SN:211130000042,SN-211130000042,,211130000042,Pole Display,POS,M-F1D669CAC8,VN16,,,,IN_USE,1,1,Source quantity 1; unit 1,STORE_AUDIT,Audit 2026 device/Data store/Audit/VN16.xlsx#VN16!row=6,false,VN16
SN:G21E85804,SN-G21E85804,,G21E85804,Scanning gun,POS,M-CD90B4BBAE,VN16,,,,IN_USE,1,1,Source quantity 1; unit 1,STORE_AUDIT,Audit 2026 device/Data store/Audit/VN16.xlsx#VN16!row=7,false,VN16
SN:3CQ7490XGD,SN-3CQ7490XGD,,3CQ7490XGD,Monitor,POS,M-744A821E88,VN16,,,,IN_USE,1,1,Source quantity 1; unit 1,STORE_AUDIT,Audit 2026 device/Data store/Audit/VN16.xlsx#VN16!row=8,false,VN16
SN:X7BA002821,SN-X7BA002821,,X7BA002821,Bill Printer,BACKEND,M-A44B40D714,VN16,,,,IN_USE,1,1,Source quantity 1; unit 1,STORE_AUDIT,Audit 2026 device/Data store/Audit/VN16.xlsx#VN16!row=9,false,VN16
SN:22172W5002261,SN-22172W5002261,,22172W5002261,"Switch (Internal Switch-POS, TF, Wifi)",NET,M-64F95A6B74,VN16,,,,IN_USE,1,1,Source quantity 1; unit 1,STORE_AUDIT,Audit 2026 device/Data store/Audit/VN16.xlsx#VN16!row=10,false,VN16
SN:9C05D6798854,SN-9C05D6798854,,9C05D6798854,Access Point,NET,M-6EF0B7C827,VN16,,,,IN_USE,1,1,Source quantity 1; unit 1,STORE_AUDIT,Audit 2026 device/Data store/Audit/VN16.xlsx#VN16!row=11,false,VN16
SN:FGT40FTK24009393,SN-FGT40FTK24009393,,FGT40FTK24009393,Firewall,NET,M-1D807E3F07,VN16,,,,IN_USE,1,1,Source quantity 1; unit 1,STORE_AUDIT,Audit 2026 device/Data store/Audit/VN16.xlsx#VN16!row=12,false,VN16
SN:8CG8105N38,SN-8CG8105N38,,8CG8105N38,Printer,BACKEND,M-86DBA21F9C,VN16,,,,IN_USE,1,1,Source quantity 1; unit 1,STORE_AUDIT,Audit 2026 device/Data store/Audit/VN16.xlsx#VN16!row=13,false,VN16
SN:352294624027796,SN-352294624027796,,352294624027796,Tablet (O2O),BACKEND,M-0887F2B944,VN16,,,,IN_USE,1,1,Source quantity 1; unit 1,STORE_AUDIT,Audit 2026 device/Data store/Audit/VN16.xlsx#VN16!row=14,false,VN16
SN:I1622F0003,SN-I1622F0003,,I1622F0003,Printer (O2O),BACKEND,M-EE56F707EE,VN16,,,,IN_USE,1,1,Source quantity 1; unit 1,STORE_AUDIT,Audit 2026 device/Data store/Audit/VN16.xlsx#VN16!row=15,false,VN16
SN:24165523020341,SN-24165523020341,,24165523020341,PDT,PDT,M-3CA18C0ABD,VN16,,,,IN_USE,1,1,Source quantity 1; unit 1,STORE_AUDIT,Audit 2026 device/Data store/Audit/VN16.xlsx#VN16!row=16,false,VN16
SN:2530022102300547,SN-2530022102300547,,2530022102300547,PDT's Printer,PDT,M-C716B96A9A,VN16,,,,IN_USE,1,1,Source quantity 1; unit 1,STORE_AUDIT,Audit 2026 device/Data store/Audit/VN16.xlsx#VN16!row=17,false,VN16
SN:CND53878ZC,SN-CND53878ZC,,CND53878ZC,Laptop,POS,M-60E643082A,VN19,,,,IN_USE,1,1,Source quantity 1; unit 1,STORE_AUDIT,Audit 2026 device/Data store/Audit/VN19.xlsx#VN19!row=2,false,VN19
OBS:061DD8E5F1,DATA-7E8D0D9DF95F,,,Keyboard,POS,M-763A1D1E90,VN19,,,,IN_USE,1,1,Source quantity 1; unit 1,STORE_AUDIT,Audit 2026 device/Data store/Audit/VN19.xlsx#VN19!row=3,true,VN19
SN:215LZ0428,SN-215LZ0428,,215LZ0428,Mouse,POS,M-073F9D652C,VN19,,,,IN_USE,1,1,Source quantity 1; unit 1,STORE_AUDIT,Audit 2026 device/Data store/Audit/VN19.xlsx#VN19!row=4,false,VN19
SN:G21M82726,SN-G21M82726,,G21M82726,Scanner,POS,M-0335461D6F,VN19,,,,IN_USE,1,1,Source quantity 1; unit 1,STORE_AUDIT,Audit 2026 device/Data store/Audit/VN19.xlsx#VN19!row=5,false,VN19
SN:X7BA002775,SN-X7BA002775,,X7BA002775,Bill Printer,BACKEND,M-AAC6DA06E6,VN19,,,,IN_USE,1,1,Source quantity 1; unit 1,STORE_AUDIT,Audit 2026 device/Data store/Audit/VN19.xlsx#VN19!row=7,false,VN19
SN:NMYA782038,SN-NMYA782038,,NMYA782038,Printer A4,BACKEND,M-86DBA21F9C,VN19,,,,IN_USE,1,1,Source quantity 1; unit 1,STORE_AUDIT,Audit 2026 device/Data store/Audit/VN19.xlsx#VN19!row=9,false,VN19
SN:8CC22011GD,SN-8CC22011GD,,8CC22011GD,Desktop,POS,M-E99D25C57D,VN27,,,,IN_USE,1,1,Source quantity 1; unit 1,STORE_AUDIT,Audit 2026 device/Data store/Audit/VN27.xlsx#VN27!row=2,false,VN27
SN:8CC2231CY7,SN-8CC2231CY7,,8CC2231CY7,Desktop,POS,M-E99D25C57D,VN27,,,,IN_USE,1,1,Source quantity 1; unit 1,STORE_AUDIT,Audit 2026 device/Data store/Audit/VN27.xlsx#VN27!row=3,false,VN27
SN:8CC22011BC,SN-8CC22011BC,,8CC22011BC,Desktop,POS,M-E99D25C57D,VN27,,,,IN_USE,1,1,Source quantity 1; unit 1,STORE_AUDIT,Audit 2026 device/Data store/Audit/VN27.xlsx#VN27!row=4,false,VN27
SN:8CC22011BS,SN-8CC22011BS,,8CC22011BS,Desktop,POS,M-E99D25C57D,VN27,,,,IN_USE,1,1,Source quantity 1; unit 1,STORE_AUDIT,Audit 2026 device/Data store/Audit/VN27.xlsx#VN27!row=5,false,VN27
SN:3CQ2320CRY,SN-3CQ2320CRY,,3CQ2320CRY,Monitor,POS,M-8310CF902C,VN27,,,,IN_USE,1,1,Source quantity 1; unit 1,STORE_AUDIT,Audit 2026 device/Data store/Audit/VN27.xlsx#VN27!row=6,false,VN27
SN:3CQ2320CRN,SN-3CQ2320CRN,,3CQ2320CRN,Monitor,POS,M-8310CF902C,VN27,,,,IN_USE,1,1,Source quantity 1; unit 1,STORE_AUDIT,Audit 2026 device/Data store/Audit/VN27.xlsx#VN27!row=7,false,VN27
SN:3CQ2320CRF,SN-3CQ2320CRF,,3CQ2320CRF,Monitor,POS,M-8310CF902C,VN27,,,,IN_USE,1,1,Source quantity 1; unit 1,STORE_AUDIT,Audit 2026 device/Data store/Audit/VN27.xlsx#VN27!row=8,false,VN27
SN:X7B9022775,SN-X7B9022775,,X7B9022775,Bill Printer,BACKEND,M-802FE3D739,VN27,,,,IN_USE,1,1,Source quantity 1; unit 1,STORE_AUDIT,Audit 2026 device/Data store/Audit/VN27.xlsx#VN27!row=9,false,VN27
SN:X7B9023235,SN-X7B9023235,,X7B9023235,Bill Printer,BACKEND,M-802FE3D739,VN27,,,,IN_USE,1,1,Source quantity 1; unit 1,STORE_AUDIT,Audit 2026 device/Data store/Audit/VN27.xlsx#VN27!row=10,false,VN27
SN:G23C76662,SN-G23C76662,,G23C76662,Scanner,POS,M-0335461D6F,VN27,,,,IN_USE,1,1,Source quantity 1; unit 1,STORE_AUDIT,Audit 2026 device/Data store/Audit/VN27.xlsx#VN27!row=11,false,VN27
SN:G23C76677,SN-G23C76677,,G23C76677,Scanner,POS,M-0335461D6F,VN27,,,,IN_USE,1,1,Source quantity 1; unit 1,STORE_AUDIT,Audit 2026 device/Data store/Audit/VN27.xlsx#VN27!row=12,false,VN27
SN:NMYA804390,SN-NMYA804390,,NMYA804390,A4 Printer,BACKEND,M-C35CE66F95,VN27,,,,IN_USE,1,1,Source quantity 1; unit 1,STORE_AUDIT,Audit 2026 device/Data store/Audit/VN27.xlsx#VN27!row=13,false,VN27
SN:MK410221102016,SN-MK410221102016,,MK410221102016,Cash Drawer,POS,M-C51759092B,VN27,,,,IN_USE,1,1,Source quantity 1; unit 1,STORE_AUDIT,Audit 2026 device/Data store/Audit/VN27.xlsx#VN27!row=14,false,VN27
SN:D190928010009,SN-D190928010009,,D190928010009,Pole Display,POS,M-FF37A256CF,VN27,,,,IN_USE,1,1,Source quantity 1; unit 1,STORE_AUDIT,Audit 2026 device/Data store/Audit/VN27.xlsx#VN27!row=15,false,VN27
SN:D190928010004,SN-D190928010004,,D190928010004,Pole Display,POS,M-FF37A256CF,VN27,,,,IN_USE,1,1,Source quantity 1; unit 1,STORE_AUDIT,Audit 2026 device/Data store/Audit/VN27.xlsx#VN27!row=16,false,VN27
OBS:8BBD657B30,DATA-B6F9F96A4D92,,,Other,BACKEND,M-7AF6A90B32,VN27,,,,IN_USE,1,1,Source quantity 1; unit 1,STORE_AUDIT,Audit 2026 device/Data store/Audit/VN27.xlsx#VN27!row=17,true,VN27
SN:PSZ26391WAB,SN-PSZ26391WAB,,PSZ26391WAB,Network Switch,NET,M-D5ED065579,VN27,,,,IN_USE,1,1,Source quantity 1; unit 1,STORE_AUDIT,Audit 2026 device/Data store/Audit/VN27.xlsx#VN27!row=19,false,VN27
OBS:5CA588A8AC,DATA-465C2DD6B7B6,,,USB Hub,BACKEND,M-5E60FE5741,VN27,,,,IN_USE,1,1,Source quantity 1; unit 1,STORE_AUDIT,Audit 2026 device/Data store/Audit/VN27.xlsx#VN27!row=20,true,VN27
OBS:60A978403C,DATA-EB2B6E2F6293,,,Other,BACKEND,M-E99DB67D2E,VN27,,,,IN_USE,1,1,Source quantity 1; unit 1,STORE_AUDIT,Audit 2026 device/Data store/Audit/VN27.xlsx#VN27!row=21,true,VN27
SN:529101223400048,SN-529101223400048,,529101223400048,Other,BACKEND,M-AE63DDDB13,VN27,,,,IN_USE,1,1,Source quantity 1; unit 1,STORE_AUDIT,Audit 2026 device/Data store/Audit/VN27.xlsx#VN27!row=22,false,VN27
OBS:8BAD70A0A6,DATA-CD1C2E0BF711,,,Other,BACKEND,M-AA89C89C97,VN27,,,,IN_USE,1,1,Source quantity 1; unit 1,STORE_AUDIT,Audit 2026 device/Data store/Audit/VN27.xlsx#VN27!row=23,true,VN27
SN:354348130452001,SN-354348130452001,,354348130452001,Tablet,BACKEND,M-30E0E46CD9,VN27,,,,IN_USE,1,1,Source quantity 1; unit 1,STORE_AUDIT,Audit 2026 device/Data store/Audit/VN27.xlsx#VN27!row=24,false,VN27
SN:I1624C0002,SN-I1624C0002,,I1624C0002,O2O Printer,BACKEND,M-E4C940D925,VN27,,,,IN_USE,1,1,Source quantity 1; unit 1,STORE_AUDIT,Audit 2026 device/Data store/Audit/VN27.xlsx#VN27!row=25,false,VN27
SN:8401230250322103,SN-8401230250322103,,8401230250322103,Sim 4G,BACKEND,M-1C06C2D0F6,VN27,,,,IN_USE,1,1,Source quantity 1; unit 1,STORE_AUDIT,Audit 2026 device/Data store/Audit/VN27.xlsx#VN27!row=26,false,VN27
SN:24161523020532,SN-24161523020532,,24161523020532,PDT,PDT,M-582F976207,VN27,,,,IN_USE,1,1,Source quantity 1; unit 1,STORE_AUDIT,Audit 2026 device/Data store/Audit/VN27.xlsx#VN27!row=27,false,VN27
SN:FGT40FTK24006970,SN-FGT40FTK24006970,,FGT40FTK24006970,Firewall,NET,M-0B9186A30B,VN27,,,,IN_USE,1,1,Source quantity 1; unit 1,STORE_AUDIT,Audit 2026 device/Data store/Audit/VN27.xlsx#VN27!row=28,false,VN27
SN:8CC51110R7,SN-8CC51110R7,,8CC51110R7,Mini Pc,POS,M-342A24822F,VN28,,,,IN_USE,1,1,Source quantity 1; unit 1,STORE_AUDIT,Audit 2026 device/Data store/Audit/VN28.xlsx#VN28!row=2,false,VN28
OBS:14EE0C5742,DATA-C0465C7A2EA6,,,Keyboard,POS,M-763A1D1E90,VN28,,,,IN_USE,1,1,Source quantity 1; unit 1,STORE_AUDIT,Audit 2026 device/Data store/Audit/VN28.xlsx#VN28!row=3,true,VN28
OBS:20DD6D483E,DATA-CEF31A790F53,,,Mouse,POS,M-C4141157CB,VN28,,,,IN_USE,1,1,Source quantity 1; unit 1,STORE_AUDIT,Audit 2026 device/Data store/Audit/VN28.xlsx#VN28!row=4,true,VN28
SN:MK410221102347,SN-MK410221102347,,MK410221102347,Cash Drawer,POS,M-90AB8F8668,VN28,,,,IN_USE,1,1,Source quantity 1; unit 1,STORE_AUDIT,Audit 2026 device/Data store/Audit/VN28.xlsx#VN28!row=5,false,VN28
SN:211130000024,SN-211130000024,,211130000024,Pole Display,POS,M-F1D669CAC8,VN28,,,,IN_USE,1,1,Source quantity 1; unit 1,STORE_AUDIT,Audit 2026 device/Data store/Audit/VN28.xlsx#VN28!row=6,false,VN28
SN:G23C76551,SN-G23C76551,,G23C76551,Scanning gun,POS,M-CD90B4BBAE,VN28,,,,IN_USE,1,1,Source quantity 1; unit 1,STORE_AUDIT,Audit 2026 device/Data store/Audit/VN28.xlsx#VN28!row=7,false,VN28
SN:1CR8420G66,SN-1CR8420G66,,1CR8420G66,Monitor,POS,M-1EBD026F66,VN28,,,,IN_USE,1,1,Source quantity 1; unit 1,STORE_AUDIT,Audit 2026 device/Data store/Audit/VN28.xlsx#VN28!row=8,false,VN28
SN:X7BA004103,SN-X7BA004103,,X7BA004103,Bill Printer,BACKEND,M-A44B40D714,VN28,,,,IN_USE,1,1,Source quantity 1; unit 1,STORE_AUDIT,Audit 2026 device/Data store/Audit/VN28.xlsx#VN28!row=9,false,VN28
SN:KWC29190Y0E,SN-KWC29190Y0E,,KWC29190Y0E,"Switch (Internal Switch-POS, TF, Wifi)",NET,M-7359091762,VN28,,,,IN_USE,1,1,Source quantity 1; unit 1,STORE_AUDIT,Audit 2026 device/Data store/Audit/VN28.xlsx#VN28!row=10,false,VN28
SN:9C05D679A3DC,SN-9C05D679A3DC,,9C05D679A3DC,Access Point,NET,M-6EF0B7C827,VN28,,,,IN_USE,1,1,Source quantity 1; unit 1,STORE_AUDIT,Audit 2026 device/Data store/Audit/VN28.xlsx#VN28!row=11,false,VN28
OBS:1397D9A17A,DATA-2E41AB45BEF4,,,Sim Data (O2O),NET,M-BE5E8A0E77,VN28,,,,IN_USE,1,1,Source quantity 1; unit 1,STORE_AUDIT,Audit 2026 device/Data store/Audit/VN28.xlsx#VN28!row=12,true,VN28
SN:FGT40FTK24086493,SN-FGT40FTK24086493,,FGT40FTK24086493,Firewall,NET,M-1D807E3F07,VN28,,,,IN_USE,1,1,Source quantity 1; unit 1,STORE_AUDIT,Audit 2026 device/Data store/Audit/VN28.xlsx#VN28!row=13,false,VN28
SN:NMYA467073,SN-NMYA467073,,NMYA467073,Printer,BACKEND,M-86DBA21F9C,VN28,,,,IN_USE,1,1,Source quantity 1; unit 1,STORE_AUDIT,Audit 2026 device/Data store/Audit/VN28.xlsx#VN28!row=14,false,VN28
SN:352294624027473,SN-352294624027473,,352294624027473,Tablet (O2O),BACKEND,M-20353C3C23,VN28,,,,IN_USE,1,1,Source quantity 1; unit 1,STORE_AUDIT,Audit 2026 device/Data store/Audit/VN28.xlsx#VN28!row=15,false,VN28
SN:I1624C00019,SN-I1624C00019,,I1624C00019,Printer (O2O),BACKEND,M-EE56F707EE,VN28,,,,IN_USE,1,1,Source quantity 1; unit 1,STORE_AUDIT,Audit 2026 device/Data store/Audit/VN28.xlsx#VN28!row=16,false,VN28
SN:S23118523021190,SN-S23118523021190,,S23118523021190,PDT,PDT,M-3CA18C0ABD,VN28,,,,IN_USE,1,1,Source quantity 1; unit 1,STORE_AUDIT,Audit 2026 device/Data store/Audit/VN28.xlsx#VN28!row=17,false,VN28
SN:2530022102300930,SN-2530022102300930,,2530022102300930,PDT's Printer,PDT,M-C716B96A9A,VN28,,,,IN_USE,1,1,Source quantity 1; unit 1,STORE_AUDIT,Audit 2026 device/Data store/Audit/VN28.xlsx#VN28!row=18,false,VN28
SN:8CC323166M,SN-8CC323166M,,8CC323166M,Desktop,POS,M-E8BEF52F7F,VO02,,,,IN_USE,1,1,Source quantity 1; unit 1,STORE_AUDIT,Audit 2026 device/Data store/Audit/VO02.xlsx#VO02!row=2,false,VO02
SN:8CC3231667,SN-8CC3231667,,8CC3231667,Desktop,POS,M-E8BEF52F7F,VO02,,,,IN_USE,1,1,Source quantity 1; unit 1,STORE_AUDIT,Audit 2026 device/Data store/Audit/VO02.xlsx#VO02!row=3,false,VO02
SN:8CC323166K,SN-8CC323166K,,8CC323166K,Desktop,POS,M-E8BEF52F7F,VO02,,,,IN_USE,1,1,Source quantity 1; unit 1,STORE_AUDIT,Audit 2026 device/Data store/Audit/VO02.xlsx#VO02!row=4,false,VO02
SN:8CC3231668,SN-8CC3231668,,8CC3231668,Desktop,POS,M-E8BEF52F7F,VO02,,,,IN_USE,1,1,Source quantity 1; unit 1,STORE_AUDIT,Audit 2026 device/Data store/Audit/VO02.xlsx#VO02!row=5,false,VO02
SN:8CC323166B,SN-8CC323166B,,8CC323166B,Desktop,POS,M-E8BEF52F7F,VO02,,,,IN_USE,1,1,Source quantity 1; unit 1,STORE_AUDIT,Audit 2026 device/Data store/Audit/VO02.xlsx#VO02!row=6,false,VO02
SN:3CQ3100DB8,SN-3CQ3100DB8,,3CQ3100DB8,Monitor,POS,M-0509F825CA,VO02,,,,IN_USE,1,1,Source quantity 1; unit 1,STORE_AUDIT,Audit 2026 device/Data store/Audit/VO02.xlsx#VO02!row=7,false,VO02
SN:3CQ3100DBJ,SN-3CQ3100DBJ,,3CQ3100DBJ,Monitor,POS,M-0509F825CA,VO02,,,,IN_USE,1,1,Source quantity 1; unit 1,STORE_AUDIT,Audit 2026 device/Data store/Audit/VO02.xlsx#VO02!row=8,false,VO02
SN:3CQ3100GSJ,SN-3CQ3100GSJ,,3CQ3100GSJ,Monitor,POS,M-0509F825CA,VO02,,,,IN_USE,1,1,Source quantity 1; unit 1,STORE_AUDIT,Audit 2026 device/Data store/Audit/VO02.xlsx#VO02!row=9,false,VO02
SN:3CQ3100DBK,SN-3CQ3100DBK,,3CQ3100DBK,Monitor,POS,M-0509F825CA,VO02,,,,IN_USE,1,1,Source quantity 1; unit 1,STORE_AUDIT,Audit 2026 device/Data store/Audit/VO02.xlsx#VO02!row=10,false,VO02
SN:3CQ3110GSB,SN-3CQ3110GSB,,3CQ3110GSB,Monitor,POS,M-0509F825CA,VO02,,,,IN_USE,1,1,Source quantity 1; unit 1,STORE_AUDIT,Audit 2026 device/Data store/Audit/VO02.xlsx#VO02!row=11,false,VO02
SN:MK410221102416,SN-MK410221102416,,MK410221102416,Cash Drawer,POS,M-800A456DE2,VO02,,,,IN_USE,1,1,Source quantity 1; unit 1,STORE_AUDIT,Audit 2026 device/Data store/Audit/VO02.xlsx#VO02!row=12,false,VO02
SN:MK410221102358,SN-MK410221102358,,MK410221102358,Cash Drawer,POS,M-800A456DE2,VO02,,,,IN_USE,1,1,Source quantity 1; unit 1,STORE_AUDIT,Audit 2026 device/Data store/Audit/VO02.xlsx#VO02!row=13,false,VO02
SN:MK410221102392,SN-MK410221102392,,MK410221102392,Cash Drawer,POS,M-800A456DE2,VO02,,,,IN_USE,1,1,Source quantity 1; unit 1,STORE_AUDIT,Audit 2026 device/Data store/Audit/VO02.xlsx#VO02!row=14,false,VO02
SN:2TD216NAXV,SN-2TD216NAXV,,2TD216NAXV,Pole Display,POS,M-D3D6AF164C,VO02,,,,IN_USE,1,1,Source quantity 1; unit 1,STORE_AUDIT,Audit 2026 device/Data store/Audit/VO02.xlsx#VO02!row=15,false,VO02
SN:2TD216NATN,SN-2TD216NATN,,2TD216NATN,Pole Display,POS,M-D3D6AF164C,VO02,,,,IN_USE,1,1,Source quantity 1; unit 1,STORE_AUDIT,Audit 2026 device/Data store/Audit/VO02.xlsx#VO02!row=16,false,VO02
SN:2TD216NBAX,SN-2TD216NBAX,,2TD216NBAX,Pole Display,POS,M-D3D6AF164C,VO02,,,,IN_USE,1,1,Source quantity 1; unit 1,STORE_AUDIT,Audit 2026 device/Data store/Audit/VO02.xlsx#VO02!row=17,false,VO02
SN:22127523428423,SN-22127523428423,,22127523428423,Scanner,POS,M-335C060551,VO02,,,,IN_USE,1,1,Source quantity 1; unit 1,STORE_AUDIT,Audit 2026 device/Data store/Audit/VO02.xlsx#VO02!row=18,false,VO02
SN:22127523428227,SN-22127523428227,,22127523428227,Scanner,POS,M-335C060551,VO02,,,,IN_USE,1,1,Source quantity 1; unit 1,STORE_AUDIT,Audit 2026 device/Data store/Audit/VO02.xlsx#VO02!row=19,false,VO02
SN:22127523428422,SN-22127523428422,,22127523428422,Scanner,POS,M-335C060551,VO02,,,,IN_USE,1,1,Source quantity 1; unit 1,STORE_AUDIT,Audit 2026 device/Data store/Audit/VO02.xlsx#VO02!row=20,false,VO02
SN:2580022090600005,SN-2580022090600005,,2580022090600005,Bill Printer,BACKEND,M-BA47E0BAA2,VO02,,,,IN_USE,1,1,Source quantity 1; unit 1,STORE_AUDIT,Audit 2026 device/Data store/Audit/VO02.xlsx#VO02!row=21,false,VO02
SN:2580022120601399,SN-2580022120601399,,2580022120601399,Bill Printer,BACKEND,M-BA47E0BAA2,VO02,,,,IN_USE,1,1,Source quantity 1; unit 1,STORE_AUDIT,Audit 2026 device/Data store/Audit/VO02.xlsx#VO02!row=22,false,VO02
SN:2580022120601396,SN-2580022120601396,,2580022120601396,Bill Printer,BACKEND,M-BA47E0BAA2,VO02,,,,IN_USE,1,1,Source quantity 1; unit 1,STORE_AUDIT,Audit 2026 device/Data store/Audit/VO02.xlsx#VO02!row=23,false,VO02
SN:NMYA783808,SN-NMYA783808,,NMYA783808,A4 Printer,BACKEND,M-86DBA21F9C,VO02,,,,IN_USE,1,1,Source quantity 1; unit 1,STORE_AUDIT,Audit 2026 device/Data store/Audit/VO02.xlsx#VO02!row=24,false,VO02
SN:22349523021212,SN-22349523021212,,22349523021212,PDT,PDT,M-3C08DDFD35,VO02,,,,IN_USE,1,1,Source quantity 1; unit 1,STORE_AUDIT,Audit 2026 device/Data store/Audit/VO02.xlsx#VO02!row=25,false,VO02
SN:23058523022779,SN-23058523022779,,23058523022779,PDT,PDT,M-3C08DDFD35,VO02,,,,IN_USE,1,1,Source quantity 1; unit 1,STORE_AUDIT,Audit 2026 device/Data store/Audit/VO02.xlsx#VO02!row=26,false,VO02
SN:22349523021237,SN-22349523021237,,22349523021237,PDT,PDT,M-3C08DDFD35,VO02,,,,IN_USE,1,1,Source quantity 1; unit 1,STORE_AUDIT,Audit 2026 device/Data store/Audit/VO02.xlsx#VO02!row=27,false,VO02
SN:22349523021227,SN-22349523021227,,22349523021227,PDT,PDT,M-3C08DDFD35,VO02,,,,IN_USE,1,1,Source quantity 1; unit 1,STORE_AUDIT,Audit 2026 device/Data store/Audit/VO02.xlsx#VO02!row=28,false,VO02
SN:23058523022744,SN-23058523022744,,23058523022744,PDT,PDT,M-3C08DDFD35,VO02,,,,IN_USE,1,1,Source quantity 1; unit 1,STORE_AUDIT,Audit 2026 device/Data store/Audit/VO02.xlsx#VO02!row=29,false,VO02
SN:23058523022830,SN-23058523022830,,23058523022830,PDT,PDT,M-3C08DDFD35,VO02,,,,IN_USE,1,1,Source quantity 1; unit 1,STORE_AUDIT,Audit 2026 device/Data store/Audit/VO02.xlsx#VO02!row=30,false,VO02
SN:23059523020062,SN-23059523020062,,23059523020062,PDT,PDT,M-3C08DDFD35,VO02,,,,IN_USE,1,1,Source quantity 1; unit 1,STORE_AUDIT,Audit 2026 device/Data store/Audit/VO02.xlsx#VO02!row=31,false,VO02
SN:23059523020086,SN-23059523020086,,23059523020086,PDT,PDT,M-3C08DDFD35,VO02,,,,IN_USE,1,1,Source quantity 1; unit 1,STORE_AUDIT,Audit 2026 device/Data store/Audit/VO02.xlsx#VO02!row=32,false,VO02
SN:22349523021319,SN-22349523021319,,22349523021319,PDT,PDT,M-3C08DDFD35,VO02,,,,IN_USE,1,1,Source quantity 1; unit 1,STORE_AUDIT,Audit 2026 device/Data store/Audit/VO02.xlsx#VO02!row=33,false,VO02
SN:22349523021217,SN-22349523021217,,22349523021217,PDT,PDT,M-3C08DDFD35,VO02,,,,IN_USE,1,1,Source quantity 1; unit 1,STORE_AUDIT,Audit 2026 device/Data store/Audit/VO02.xlsx#VO02!row=34,false,VO02
SN:22349523021234,SN-22349523021234,,22349523021234,PDT,PDT,M-3C08DDFD35,VO02,,,,IN_USE,1,1,Source quantity 1; unit 1,STORE_AUDIT,Audit 2026 device/Data store/Audit/VO02.xlsx#VO02!row=35,false,VO02
SN:23058523022788,SN-23058523022788,,23058523022788,PDT,PDT,M-3C08DDFD35,VO02,,,,IN_USE,1,1,Source quantity 1; unit 1,STORE_AUDIT,Audit 2026 device/Data store/Audit/VO02.xlsx#VO02!row=36,false,VO02
SN:23059523020095,SN-23059523020095,,23059523020095,PDT,PDT,M-3C08DDFD35,VO02,,,,IN_USE,1,1,Source quantity 1; unit 1,STORE_AUDIT,Audit 2026 device/Data store/Audit/VO02.xlsx#VO02!row=37,false,VO02
SN:22349523021208,SN-22349523021208,,22349523021208,PDT,PDT,M-3C08DDFD35,VO02,,,,IN_USE,1,1,Source quantity 1; unit 1,STORE_AUDIT,Audit 2026 device/Data store/Audit/VO02.xlsx#VO02!row=38,false,VO02
SN:23059523020687,SN-23059523020687,,23059523020687,PDT,PDT,M-3C08DDFD35,VO02,,,,IN_USE,1,1,Source quantity 1; unit 1,STORE_AUDIT,Audit 2026 device/Data store/Audit/VO02.xlsx#VO02!row=39,false,VO02
SN:22349523021205,SN-22349523021205,,22349523021205,PDT,PDT,M-3C08DDFD35,VO02,,,,IN_USE,1,1,Source quantity 1; unit 1,STORE_AUDIT,Audit 2026 device/Data store/Audit/VO02.xlsx#VO02!row=40,false,VO02
SN:23059523020084,SN-23059523020084,,23059523020084,PDT,PDT,M-3C08DDFD35,VO02,,,,IN_USE,1,1,Source quantity 1; unit 1,STORE_AUDIT,Audit 2026 device/Data store/Audit/VO02.xlsx#VO02!row=41,false,VO02
SN:2530022102301149,SN-2530022102301149,,2530022102301149,PDT Printer,PDT,M-462230A72A,VO02,,,,IN_USE,1,1,Source quantity 1; unit 1,STORE_AUDIT,Audit 2026 device/Data store/Audit/VO02.xlsx#VO02!row=42,false,VO02
SN:2530022102301148,SN-2530022102301148,,2530022102301148,PDT Printer,PDT,M-462230A72A,VO02,,,,IN_USE,1,1,Source quantity 1; unit 1,STORE_AUDIT,Audit 2026 device/Data store/Audit/VO02.xlsx#VO02!row=44,false,VO02
SN:2530022102301151,SN-2530022102301151,,2530022102301151,PDT Printer,PDT,M-462230A72A,VO02,,,,IN_USE,1,1,Source quantity 1; unit 1,STORE_AUDIT,Audit 2026 device/Data store/Audit/VO02.xlsx#VO02!row=45,false,VO02
SN:2530022102301147,SN-2530022102301147,,2530022102301147,PDT Printer,PDT,M-462230A72A,VO02,,,,IN_USE,1,1,Source quantity 1; unit 1,STORE_AUDIT,Audit 2026 device/Data store/Audit/VO02.xlsx#VO02!row=46,false,VO02
SN:2530022102301152,SN-2530022102301152,,2530022102301152,PDT Printer,PDT,M-462230A72A,VO02,,,,IN_USE,1,1,Source quantity 1; unit 1,STORE_AUDIT,Audit 2026 device/Data store/Audit/VO02.xlsx#VO02!row=47,false,VO02
SN:FGT60FTK23087443,SN-FGT60FTK23087443,,FGT60FTK23087443,Firewall,NET,M-6891C15DDA,VO02,,,,IN_USE,1,1,Source quantity 1; unit 1,STORE_AUDIT,Audit 2026 device/Data store/Audit/VO02.xlsx#VO02!row=48,false,VO02
SN:AC8BA954563E,SN-AC8BA954563E,,AC8BA954563E,Access Point,NET,M-CBF737F7F9,VO02,,,,IN_USE,1,1,Source quantity 1; unit 1,STORE_AUDIT,Audit 2026 device/Data store/Audit/VO02.xlsx#VO02!row=49,false,VO02
SN:AC8BA9543BA7,SN-AC8BA9543BA7,,AC8BA9543BA7,Access Point,NET,M-CBF737F7F9,VO02,,,,IN_USE,1,1,Source quantity 1; unit 1,STORE_AUDIT,Audit 2026 device/Data store/Audit/VO02.xlsx#VO02!row=50,false,VO02
SN:AC8BA9545908,SN-AC8BA9545908,,AC8BA9545908,Access Point,NET,M-CBF737F7F9,VO02,,,,IN_USE,1,1,Source quantity 1; unit 1,STORE_AUDIT,Audit 2026 device/Data store/Audit/VO02.xlsx#VO02!row=51,false,VO02
SN:AC8BA9548B3C,SN-AC8BA9548B3C,,AC8BA9548B3C,Access Point,NET,M-CBF737F7F9,VO02,,,,IN_USE,1,1,Source quantity 1; unit 1,STORE_AUDIT,Audit 2026 device/Data store/Audit/VO02.xlsx#VO02!row=52,false,VO02
SN:AC8BA94CC48C,SN-AC8BA94CC48C,,AC8BA94CC48C,Access Point,NET,M-CBF737F7F9,VO02,,,,IN_USE,1,1,Source quantity 1; unit 1,STORE_AUDIT,Audit 2026 device/Data store/Audit/VO02.xlsx#VO02!row=53,false,VO02
SN:AC8BA94C76A1,SN-AC8BA94C76A1,,AC8BA94C76A1,Access Point,NET,M-CBF737F7F9,VO02,,,,IN_USE,1,1,Source quantity 1; unit 1,STORE_AUDIT,Audit 2026 device/Data store/Audit/VO02.xlsx#VO02!row=54,false,VO02
SN:4CE246CMQ7,SN-4CE246CMQ7,,4CE246CMQ7,Desktop,POS,M-F44241FD3D,VO02,,,,IN_USE,1,1,Source quantity 1; unit 1,STORE_AUDIT,Audit 2026 device/Data store/Audit/VO02.xlsx#VO02!row=55,false,VO02
SN:AC8BA9A52CEC,SN-AC8BA9A52CEC,,AC8BA9A52CEC,Switch,NET,M-D37236BBCC,VO02,,,,IN_USE,1,1,Source quantity 1; unit 1,STORE_AUDIT,Audit 2026 device/Data store/Audit/VO02.xlsx#VO02!row=56,false,VO02
OBS:3F3C39BC13,DATA-A62F509778D6,,,Keyboard,POS,M-763A1D1E90,VO02,,,,IN_USE,5,1,Source quantity 5; unit 1,STORE_AUDIT,Audit 2026 device/Data store/Audit/VO02.xlsx#VO02!row=57,true,VO02
OBS:1895351029,DATA-1D04AF22EF32,,,Keyboard,POS,M-763A1D1E90,VO02,,,,IN_USE,5,2,Source quantity 5; unit 2,STORE_AUDIT,Audit 2026 device/Data store/Audit/VO02.xlsx#VO02!row=57,true,VO02
OBS:FD664D0110,DATA-2EB6191926E9,,,Keyboard,POS,M-763A1D1E90,VO02,,,,IN_USE,5,3,Source quantity 5; unit 3,STORE_AUDIT,Audit 2026 device/Data store/Audit/VO02.xlsx#VO02!row=57,true,VO02
OBS:42D06894CA,DATA-3A8BAEED013B,,,Keyboard,POS,M-763A1D1E90,VO02,,,,IN_USE,5,4,Source quantity 5; unit 4,STORE_AUDIT,Audit 2026 device/Data store/Audit/VO02.xlsx#VO02!row=57,true,VO02
OBS:93220BB432,DATA-D1B0460B9B69,,,Keyboard,POS,M-763A1D1E90,VO02,,,,IN_USE,5,5,Source quantity 5; unit 5,STORE_AUDIT,Audit 2026 device/Data store/Audit/VO02.xlsx#VO02!row=57,true,VO02
OBS:FD91A2A480,DATA-9C9542041BFA,,,Mouse,POS,M-C4141157CB,VO02,,,,IN_USE,5,1,Source quantity 5; unit 1,STORE_AUDIT,Audit 2026 device/Data store/Audit/VO02.xlsx#VO02!row=58,true,VO02
OBS:1112343E89,DATA-18ACD97F2034,,,Mouse,POS,M-C4141157CB,VO02,,,,IN_USE,5,2,Source quantity 5; unit 2,STORE_AUDIT,Audit 2026 device/Data store/Audit/VO02.xlsx#VO02!row=58,true,VO02
OBS:B006FD8CFB,DATA-D4DA56E1327E,,,Mouse,POS,M-C4141157CB,VO02,,,,IN_USE,5,3,Source quantity 5; unit 3,STORE_AUDIT,Audit 2026 device/Data store/Audit/VO02.xlsx#VO02!row=58,true,VO02
OBS:E708BFFC29,DATA-B524EBEE0C89,,,Mouse,POS,M-C4141157CB,VO02,,,,IN_USE,5,4,Source quantity 5; unit 4,STORE_AUDIT,Audit 2026 device/Data store/Audit/VO02.xlsx#VO02!row=58,true,VO02
OBS:6CC450F327,DATA-FFD40733DAE5,,,Mouse,POS,M-C4141157CB,VO02,,,,IN_USE,5,5,Source quantity 5; unit 5,STORE_AUDIT,Audit 2026 device/Data store/Audit/VO02.xlsx#VO02!row=58,true,VO02
SN:8CC33807N6,SN-8CC33807N6,,8CC33807N6,Mini Pc,POS,M-179027EACA,VO04,,,,IN_USE,1,1,Source quantity 1; unit 1,STORE_AUDIT,Audit 2026 device/Data store/Audit/VO04.xlsx#VO04 FOOT LOCKER AEON THANH KHE!row=2,false,VO04
SN:8CC33807NS,SN-8CC33807NS,,8CC33807NS,Mini Pc,POS,M-179027EACA,VO04,,,,IN_USE,1,1,Source quantity 1; unit 1,STORE_AUDIT,Audit 2026 device/Data store/Audit/VO04.xlsx#VO04 FOOT LOCKER AEON THANH KHE!row=3,false,VO04
SN:58D61F887469,SN-58D61F887469,,58D61F887469,Switch,NET,M-AF0FB2078E,VO04,,,,IN_USE,1,1,Source quantity 1; unit 1,STORE_AUDIT,Audit 2026 device/Data store/Audit/VO04.xlsx#VO04 FOOT LOCKER AEON THANH KHE!row=4,false,VO04
SN:KWC294003EG,SN-KWC294003EG,,KWC294003EG,Switch,NET,M-7359091762,VO04,,,,IN_USE,1,1,Source quantity 1; unit 1,STORE_AUDIT,Audit 2026 device/Data store/Audit/VO04.xlsx#VO04 FOOT LOCKER AEON THANH KHE!row=5,false,VO04
SN:9041B204B634,SN-9041B204B634,,9041B204B634,Access Point,NET,M-7147363B65,VO04,,,,IN_USE,1,1,Source quantity 1; unit 1,STORE_AUDIT,Audit 2026 device/Data store/Audit/VO04.xlsx#VO04 FOOT LOCKER AEON THANH KHE!row=6,false,VO04
SN:A89C6CD23F84,SN-A89C6CD23F84,,A89C6CD23F84,Access Point,NET,M-7147363B65,VO04,,,,IN_USE,1,1,Source quantity 1; unit 1,STORE_AUDIT,Audit 2026 device/Data store/Audit/VO04.xlsx#VO04 FOOT LOCKER AEON THANH KHE!row=7,false,VO04
SN:9041B204915F,SN-9041B204915F,,9041B204915F,Access Point,NET,M-7147363B65,VO04,,,,IN_USE,1,1,Source quantity 1; unit 1,STORE_AUDIT,Audit 2026 device/Data store/Audit/VO04.xlsx#VO04 FOOT LOCKER AEON THANH KHE!row=8,false,VO04
SN:S26023524700851,SN-S26023524700851,,S26023524700851,PDT,PDT,M-32AFCDC6CA,VO04,,,,IN_USE,1,1,Source quantity 1; unit 1,STORE_AUDIT,Audit 2026 device/Data store/Audit/VO04.xlsx#VO04 FOOT LOCKER AEON THANH KHE!row=9,false,VO04
SN:S26023524701186,SN-S26023524701186,,S26023524701186,PDT,PDT,M-32AFCDC6CA,VO04,,,,IN_USE,1,1,Source quantity 1; unit 1,STORE_AUDIT,Audit 2026 device/Data store/Audit/VO04.xlsx#VO04 FOOT LOCKER AEON THANH KHE!row=10,false,VO04
SN:S26023524701058,SN-S26023524701058,,S26023524701058,PDT,PDT,M-32AFCDC6CA,VO04,,,,IN_USE,1,1,Source quantity 1; unit 1,STORE_AUDIT,Audit 2026 device/Data store/Audit/VO04.xlsx#VO04 FOOT LOCKER AEON THANH KHE!row=11,false,VO04
SN:S26024524700326,SN-S26024524700326,,S26024524700326,PDT,PDT,M-32AFCDC6CA,VO04,,,,IN_USE,1,1,Source quantity 1; unit 1,STORE_AUDIT,Audit 2026 device/Data store/Audit/VO04.xlsx#VO04 FOOT LOCKER AEON THANH KHE!row=12,false,VO04
SN:S26024524700308,SN-S26024524700308,,S26024524700308,PDT,PDT,M-32AFCDC6CA,VO04,,,,IN_USE,1,1,Source quantity 1; unit 1,STORE_AUDIT,Audit 2026 device/Data store/Audit/VO04.xlsx#VO04 FOOT LOCKER AEON THANH KHE!row=13,false,VO04
SN:XXZTN261200011,SN-XXZTN261200011,,XXZTN261200011,PDT printer,PDT,M-B9A38D5EC4,VO04,,,,IN_USE,1,1,Source quantity 1; unit 1,STORE_AUDIT,Audit 2026 device/Data store/Audit/VO04.xlsx#VO04 FOOT LOCKER AEON THANH KHE!row=14,false,VO04
SN:XXZTN261200006,SN-XXZTN261200006,,XXZTN261200006,PDT printer,PDT,M-B9A38D5EC4,VO04,,,,IN_USE,1,1,Source quantity 1; unit 1,STORE_AUDIT,Audit 2026 device/Data store/Audit/VO04.xlsx#VO04 FOOT LOCKER AEON THANH KHE!row=15,false,VO04
SN:JVX97G4,SN-JVX97G4,,JVX97G4,PC Workstation,POS,M-CFD20E85A4,VO04,,,,IN_USE,1,1,Source quantity 1; unit 1,STORE_AUDIT,Audit 2026 device/Data store/Audit/VO04.xlsx#VO04 FOOT LOCKER AEON THANH KHE!row=16,false,VO04
SN:1CR82307CY,SN-1CR82307CY,,1CR82307CY,Monitor,POS,M-1EBD026F66,VO04,,,,IN_USE,1,1,Source quantity 1; unit 1,STORE_AUDIT,Audit 2026 device/Data store/Audit/VO04.xlsx#VO04 FOOT LOCKER AEON THANH KHE!row=17,false,VO04
SN:1CR82307D4,SN-1CR82307D4,,1CR82307D4,Monitor,POS,M-1EBD026F66,VO04,,,,IN_USE,1,1,Source quantity 1; unit 1,STORE_AUDIT,Audit 2026 device/Data store/Audit/VO04.xlsx#VO04 FOOT LOCKER AEON THANH KHE!row=18,false,VO04
SN:CN41383K50,SN-CN41383K50,,CN41383K50,Monitor,POS,M-D11D44612D,VO04,,,,IN_USE,1,1,Source quantity 1; unit 1,STORE_AUDIT,Audit 2026 device/Data store/Audit/VO04.xlsx#VO04 FOOT LOCKER AEON THANH KHE!row=19,false,VO04
OBS:351C9B094E,DATA-E52089C32DAB,,,Keyboard,POS,M-763A1D1E90,VO04,,,,IN_USE,3,1,Source quantity 3; unit 1,STORE_AUDIT,Audit 2026 device/Data store/Audit/VO04.xlsx#VO04 FOOT LOCKER AEON THANH KHE!row=20,true,VO04
OBS:1ECFCF6344,DATA-88FDB4284175,,,Keyboard,POS,M-763A1D1E90,VO04,,,,IN_USE,3,2,Source quantity 3; unit 2,STORE_AUDIT,Audit 2026 device/Data store/Audit/VO04.xlsx#VO04 FOOT LOCKER AEON THANH KHE!row=20,true,VO04
OBS:A6D95BB1E3,DATA-83AA1061B975,,,Keyboard,POS,M-763A1D1E90,VO04,,,,IN_USE,3,3,Source quantity 3; unit 3,STORE_AUDIT,Audit 2026 device/Data store/Audit/VO04.xlsx#VO04 FOOT LOCKER AEON THANH KHE!row=20,true,VO04
OBS:7D19C7F3CA,DATA-AF9558CF58D4,,,Mouse,POS,M-C4141157CB,VO04,,,,IN_USE,3,1,Source quantity 3; unit 1,STORE_AUDIT,Audit 2026 device/Data store/Audit/VO04.xlsx#VO04 FOOT LOCKER AEON THANH KHE!row=21,true,VO04
OBS:8AB8E6B162,DATA-13D65896633F,,,Mouse,POS,M-C4141157CB,VO04,,,,IN_USE,3,2,Source quantity 3; unit 2,STORE_AUDIT,Audit 2026 device/Data store/Audit/VO04.xlsx#VO04 FOOT LOCKER AEON THANH KHE!row=21,true,VO04
OBS:4968AA0A23,DATA-2AF613FE6CE0,,,Mouse,POS,M-C4141157CB,VO04,,,,IN_USE,3,3,Source quantity 3; unit 3,STORE_AUDIT,Audit 2026 device/Data store/Audit/VO04.xlsx#VO04 FOOT LOCKER AEON THANH KHE!row=21,true,VO04
SN:2020092533,SN-2020092533,,2020092533,Cash Drawer,POS,M-1D8A84D7AB,VO04,,,,IN_USE,1,1,Source quantity 1; unit 1,STORE_AUDIT,Audit 2026 device/Data store/Audit/VO04.xlsx#VO04 FOOT LOCKER AEON THANH KHE!row=23,false,VO04
SN:D190928010055,SN-D190928010055,,D190928010055,Pole Display,POS,M-BDF190445A,VO04,,,,IN_USE,1,1,Source quantity 1; unit 1,STORE_AUDIT,Audit 2026 device/Data store/Audit/VO04.xlsx#VO04 FOOT LOCKER AEON THANH KHE!row=24,false,VO04
SN:D190928010054,SN-D190928010054,,D190928010054,Pole Display,POS,M-BDF190445A,VO04,,,,IN_USE,1,1,Source quantity 1; unit 1,STORE_AUDIT,Audit 2026 device/Data store/Audit/VO04.xlsx#VO04 FOOT LOCKER AEON THANH KHE!row=25,false,VO04
SN:2208523423456,SN-2208523423456,,2208523423456,Scanner,POS,M-B87E31774F,VO04,,,,IN_USE,1,1,Source quantity 1; unit 1,STORE_AUDIT,Audit 2026 device/Data store/Audit/VO04.xlsx#VO04 FOOT LOCKER AEON THANH KHE!row=26,false,VO04
SN:2208523408905,SN-2208523408905,,2208523408905,Scanner,POS,M-B87E31774F,VO04,,,,IN_USE,1,1,Source quantity 1; unit 1,STORE_AUDIT,Audit 2026 device/Data store/Audit/VO04.xlsx#VO04 FOOT LOCKER AEON THANH KHE!row=27,false,VO04
SN:2580022120601400,SN-2580022120601400,,2580022120601400,Bill printer,BACKEND,M-DA9914F8CA,VO04,,,,IN_USE,1,1,Source quantity 1; unit 1,STORE_AUDIT,Audit 2026 device/Data store/Audit/VO04.xlsx#VO04 FOOT LOCKER AEON THANH KHE!row=28,false,VO04
SN:X7BA014973,SN-X7BA014973,,X7BA014973,Bill printer,BACKEND,M-A44B40D714,VO04,,,,IN_USE,1,1,Source quantity 1; unit 1,STORE_AUDIT,Audit 2026 device/Data store/Audit/VO04.xlsx#VO04 FOOT LOCKER AEON THANH KHE!row=29,false,VO04
SN:5CG3350NKC,SN-5CG3350NKC,,5CG3350NKC,Mpos,BACKEND,M-47245AD750,VO04,,,,IN_USE,1,1,Source quantity 1; unit 1,STORE_AUDIT,Audit 2026 device/Data store/Audit/VO04.xlsx#VO04 FOOT LOCKER AEON THANH KHE!row=31,false,VO04
SN:4951319256007,SN-4951319256007,,4951319256007,Printer for Mpos,BACKEND,M-16DEC98C69,VO04,,,,IN_USE,1,1,Source quantity 1; unit 1,STORE_AUDIT,Audit 2026 device/Data store/Audit/VO04.xlsx#VO04 FOOT LOCKER AEON THANH KHE!row=32,false,VO04
SN:FGT60FTK25056910,SN-FGT60FTK25056910,,FGT60FTK25056910,Firewall,NET,M-2D200ACCF1,VO04,,,,IN_USE,1,1,Source quantity 1; unit 1,STORE_AUDIT,Audit 2026 device/Data store/Audit/VO04.xlsx#VO04 FOOT LOCKER AEON THANH KHE!row=33,false,VO04
SN:2210010555452,SN-2210010555452,,2210010555452,Scanner,POS,M-6E35E2A2FB,VO04,,,,IN_USE,1,1,Source quantity 1; unit 1,STORE_AUDIT,Audit 2026 device/Data store/Audit/VO04.xlsx#VO04 FOOT LOCKER AEON THANH KHE!row=34,false,VO04
SN:FGT60FTK2209EHFB,SN-FGT60FTK2209EHFB,,FGT60FTK2209EHFB,Fortigate FG60 (Installation + Configuration),OFF,M-9963F9363E,DSV,,,,AVAILABLE,1,1,,WAREHOUSE_DSV,Asset management/Warehouse/Asset_List_DSV.xlsx#Asset List!row=2,false,
SN:CNLLK9W0BBCNL3K9W1KPCNNVK9WBTQCNL3K9W1M8CNPBK9W74NCNPBK9W751CNL3K9W1M3,SN-CNLLK9W0BBCNL3K9W1KPCNNVK9WBTQCNL3K9W1M8CNPBK9W74NCNPBK9W751CNL3K9W1M3,,CNLLK9W0BBCNL3K9W1KPCNNVK9WBTQCNL3K9W1M8CNPBK9W74NCNPBK9W751CNL3K9W1M3,Access Point with POE Injector,NET,M-80E90DA3D3,DSV,,,,AVAILABLE,7,1,,WAREHOUSE_DSV,Asset management/Warehouse/Asset_List_DSV.xlsx#Asset List!row=3,false,
OBS:FCF276C810,DATA-896A416F8985,,,Access Point with POE Injector,NET,M-80E90DA3D3,DSV,,,,AVAILABLE,7,2,,WAREHOUSE_DSV,Asset management/Warehouse/Asset_List_DSV.xlsx#Asset List!row=3,true,
OBS:27F5136C17,DATA-8D118FE1A869,,,Access Point with POE Injector,NET,M-80E90DA3D3,DSV,,,,AVAILABLE,7,3,,WAREHOUSE_DSV,Asset management/Warehouse/Asset_List_DSV.xlsx#Asset List!row=3,true,
OBS:6EDFAB51BE,DATA-F985354E329C,,,Access Point with POE Injector,NET,M-80E90DA3D3,DSV,,,,AVAILABLE,7,4,,WAREHOUSE_DSV,Asset management/Warehouse/Asset_List_DSV.xlsx#Asset List!row=3,true,
OBS:E306C4586C,DATA-9AC7B4950A07,,,Access Point with POE Injector,NET,M-80E90DA3D3,DSV,,,,AVAILABLE,7,5,,WAREHOUSE_DSV,Asset management/Warehouse/Asset_List_DSV.xlsx#Asset List!row=3,true,
OBS:0DA3CBF713,DATA-C829F2F801CE,,,Access Point with POE Injector,NET,M-80E90DA3D3,DSV,,,,AVAILABLE,7,6,,WAREHOUSE_DSV,Asset management/Warehouse/Asset_List_DSV.xlsx#Asset List!row=3,true,
OBS:5EC44AC114,DATA-581CA83E0D27,,,Access Point with POE Injector,NET,M-80E90DA3D3,DSV,,,,AVAILABLE,7,7,,WAREHOUSE_DSV,Asset management/Warehouse/Asset_List_DSV.xlsx#Asset List!row=3,true,
SN:4CE234DC5T4CE234DC774CE234DC944CE234DC924CE234DC694CE234DC6P4CE234DC9C4CE234DC8C,SN-4CE234DC5T4CE234DC774CE234DC944CE234DC924CE234DC694CE234DC6P4CE234DC9C4CE234DC8C,,4CE234DC5T4CE234DC774CE234DC944CE234DC924CE234DC694CE234DC6P4CE234DC9C4CE234DC8C,"PC (corporate model: Lenovo, HP Elitedesk, Dell). MiniPC form factor will be better",OFF,M-DFD40B5F47,DSV,,,,AVAILABLE,8,1,,WAREHOUSE_DSV,Asset management/Warehouse/Asset_List_DSV.xlsx#Asset List!row=5,false,
OBS:3995FE769E,DATA-177FB690924A,,,"PC (corporate model: Lenovo, HP Elitedesk, Dell). MiniPC form factor will be better",OFF,M-DFD40B5F47,DSV,,,,AVAILABLE,8,2,,WAREHOUSE_DSV,Asset management/Warehouse/Asset_List_DSV.xlsx#Asset List!row=5,true,
OBS:2B36B76FD1,DATA-685E7EF79BD6,,,"PC (corporate model: Lenovo, HP Elitedesk, Dell). MiniPC form factor will be better",OFF,M-DFD40B5F47,DSV,,,,AVAILABLE,8,3,,WAREHOUSE_DSV,Asset management/Warehouse/Asset_List_DSV.xlsx#Asset List!row=5,true,
OBS:38133FDD65,DATA-F0A7E04FE0C5,,,"PC (corporate model: Lenovo, HP Elitedesk, Dell). MiniPC form factor will be better",OFF,M-DFD40B5F47,DSV,,,,AVAILABLE,8,4,,WAREHOUSE_DSV,Asset management/Warehouse/Asset_List_DSV.xlsx#Asset List!row=5,true,
OBS:3D606D051A,DATA-1B3AC098E3EF,,,"PC (corporate model: Lenovo, HP Elitedesk, Dell). MiniPC form factor will be better",OFF,M-DFD40B5F47,DSV,,,,AVAILABLE,8,5,,WAREHOUSE_DSV,Asset management/Warehouse/Asset_List_DSV.xlsx#Asset List!row=5,true,
OBS:B9EA6AFAF4,DATA-B03A1E03E2EC,,,"PC (corporate model: Lenovo, HP Elitedesk, Dell). MiniPC form factor will be better",OFF,M-DFD40B5F47,DSV,,,,AVAILABLE,8,6,,WAREHOUSE_DSV,Asset management/Warehouse/Asset_List_DSV.xlsx#Asset List!row=5,true,
OBS:BFE5E926EB,DATA-EBAD571978AF,,,"PC (corporate model: Lenovo, HP Elitedesk, Dell). MiniPC form factor will be better",OFF,M-DFD40B5F47,DSV,,,,AVAILABLE,8,7,,WAREHOUSE_DSV,Asset management/Warehouse/Asset_List_DSV.xlsx#Asset List!row=5,true,
OBS:FB322FE9E4,DATA-BECF14DD8006,,,"PC (corporate model: Lenovo, HP Elitedesk, Dell). MiniPC form factor will be better",OFF,M-DFD40B5F47,DSV,,,,AVAILABLE,8,8,,WAREHOUSE_DSV,Asset management/Warehouse/Asset_List_DSV.xlsx#Asset List!row=5,true,
SN:CN41383K50CN41484H9KCN41484HC3CN41484H9JCN41484HQYCN41484H9CCN41383K3JCN41484HV1,SN-CN41383K50CN41484H9KCN41484HC3CN41484H9JCN41484HQYCN41484H9CCN41383K3JCN41484HV1,,CN41383K50CN41484H9KCN41484HC3CN41484H9JCN41484HQYCN41484H9CCN41383K3JCN41484HV1,LCD: HP,MON,M-B33CC8C711,DSV,,,,AVAILABLE,8,1,,WAREHOUSE_DSV,Asset management/Warehouse/Asset_List_DSV.xlsx#Asset List!row=6,false,
OBS:6256A2E349,DATA-406A8F8254E6,,,LCD: HP,MON,M-B33CC8C711,DSV,,,,AVAILABLE,8,2,,WAREHOUSE_DSV,Asset management/Warehouse/Asset_List_DSV.xlsx#Asset List!row=6,true,
OBS:461AF337DA,DATA-84F57A90A1DE,,,LCD: HP,MON,M-B33CC8C711,DSV,,,,AVAILABLE,8,3,,WAREHOUSE_DSV,Asset management/Warehouse/Asset_List_DSV.xlsx#Asset List!row=6,true,
OBS:C92C5E89DC,DATA-1AE10605CFA7,,,LCD: HP,MON,M-B33CC8C711,DSV,,,,AVAILABLE,8,4,,WAREHOUSE_DSV,Asset management/Warehouse/Asset_List_DSV.xlsx#Asset List!row=6,true,
OBS:DAC76265FB,DATA-74C1E755B05E,,,LCD: HP,MON,M-B33CC8C711,DSV,,,,AVAILABLE,8,5,,WAREHOUSE_DSV,Asset management/Warehouse/Asset_List_DSV.xlsx#Asset List!row=6,true,
OBS:17B71FB54A,DATA-2CC6E11F81CB,,,LCD: HP,MON,M-B33CC8C711,DSV,,,,AVAILABLE,8,6,,WAREHOUSE_DSV,Asset management/Warehouse/Asset_List_DSV.xlsx#Asset List!row=6,true,
OBS:46C26A239D,DATA-DEEA0FC8A905,,,LCD: HP,MON,M-B33CC8C711,DSV,,,,AVAILABLE,8,7,,WAREHOUSE_DSV,Asset management/Warehouse/Asset_List_DSV.xlsx#Asset List!row=6,true,
OBS:8C08FDA900,DATA-0E6A1AB51089,,,LCD: HP,MON,M-B33CC8C711,DSV,,,,AVAILABLE,8,8,,WAREHOUSE_DSV,Asset management/Warehouse/Asset_List_DSV.xlsx#Asset List!row=6,true,
SN:GF105031GF105047,SN-GF105031GF105047,,GF105031GF105047,Label / Barcode Printer,BACKEND,M-A3D0CCAE06,DSV,,,,AVAILABLE,2,1,,WAREHOUSE_DSV,Asset management/Warehouse/Asset_List_DSV.xlsx#Asset List!row=7,false,
OBS:200DC5AC1F,DATA-02EE4AEF7ECF,,,Label / Barcode Printer,BACKEND,M-A3D0CCAE06,DSV,,,,AVAILABLE,2,2,,WAREHOUSE_DSV,Asset management/Warehouse/Asset_List_DSV.xlsx#Asset List!row=7,true,
SN:I1622F0005I1622F0004I1622F0002,SN-I1622F0005I1622F0004I1622F0002,,I1622F0005I1622F0004I1622F0002,Label Printer (for Ecommerce),BACKEND,M-4B1AEFB016,DSV,,,,AVAILABLE,3,1,,WAREHOUSE_DSV,Asset management/Warehouse/Asset_List_DSV.xlsx#Asset List!row=8,false,
OBS:F4F9246F4D,DATA-D072EC5601CC,,,Label Printer (for Ecommerce),BACKEND,M-4B1AEFB016,DSV,,,,AVAILABLE,3,2,,WAREHOUSE_DSV,Asset management/Warehouse/Asset_List_DSV.xlsx#Asset List!row=8,true,
OBS:C0E944DD3C,DATA-BFFCC9E34338,,,Label Printer (for Ecommerce),BACKEND,M-4B1AEFB016,DSV,,,,AVAILABLE,3,3,,WAREHOUSE_DSV,Asset management/Warehouse/Asset_List_DSV.xlsx#Asset List!row=8,true,
SN:2TJ08251,SN-2TJ08251,,2TJ08251,Laser Printer,BACKEND,M-A0D808F0C6,DSV,,,,AVAILABLE,1,1,,WAREHOUSE_DSV,Asset management/Warehouse/Asset_List_DSV.xlsx#Asset List!row=9,false,
SN:S22182523022953S22182523023415S22182523023275S22182523023442,SN-S22182523022953S22182523023415S22182523023275S22182523023442,,S22182523022953S22182523023415S22182523023275S22182523023442,RF Gun,POS,M-883D9E494D,DSV,,,,AVAILABLE,4,1,,WAREHOUSE_DSV,Asset management/Warehouse/Asset_List_DSV.xlsx#Asset List!row=10,false,
OBS:B016A9FC4D,DATA-952127D587EC,,,RF Gun,POS,M-883D9E494D,DSV,,,,AVAILABLE,4,2,,WAREHOUSE_DSV,Asset management/Warehouse/Asset_List_DSV.xlsx#Asset List!row=10,true,
OBS:4120E07CED,DATA-97C4B559BD82,,,RF Gun,POS,M-883D9E494D,DSV,,,,AVAILABLE,4,3,,WAREHOUSE_DSV,Asset management/Warehouse/Asset_List_DSV.xlsx#Asset List!row=10,true,
OBS:AA8B416CAB,DATA-3E6939388ADD,,,RF Gun,POS,M-883D9E494D,DSV,,,,AVAILABLE,4,4,,WAREHOUSE_DSV,Asset management/Warehouse/Asset_List_DSV.xlsx#Asset List!row=10,true,
SN:S23010520100822S23010520100706,SN-S23010520100822S23010520100706,,S23010520100822S23010520100706,RF Gun Battery Cradle,POS,M-4972931B8C,DSV,,,,AVAILABLE,2,1,,WAREHOUSE_DSV,Asset management/Warehouse/Asset_List_DSV.xlsx#Asset List!row=11,false,
OBS:A87F573933,DATA-348293B2E4B9,,,RF Gun Battery Cradle,POS,M-4972931B8C,DSV,,,,AVAILABLE,2,2,,WAREHOUSE_DSV,Asset management/Warehouse/Asset_List_DSV.xlsx#Asset List!row=11,true,
OBS:E14C4C45B4,DATA-19D6825FB55A,,,Spare battery,POS,M-E0677AEDB5,DSV,,,,AVAILABLE,4,1,,WAREHOUSE_DSV,Asset management/Warehouse/Asset_List_DSV.xlsx#Asset List!row=12,true,
OBS:96822EA1A0,DATA-7FAF7A9A42DE,,,Spare battery,POS,M-E0677AEDB5,DSV,,,,AVAILABLE,4,2,,WAREHOUSE_DSV,Asset management/Warehouse/Asset_List_DSV.xlsx#Asset List!row=12,true,
OBS:4DA5B1AC60,DATA-89665573EE94,,,Spare battery,POS,M-E0677AEDB5,DSV,,,,AVAILABLE,4,3,,WAREHOUSE_DSV,Asset management/Warehouse/Asset_List_DSV.xlsx#Asset List!row=12,true,
OBS:F28C530FA0,DATA-0860F6FB5F72,,,Spare battery,POS,M-E0677AEDB5,DSV,,,,AVAILABLE,4,4,,WAREHOUSE_DSV,Asset management/Warehouse/Asset_List_DSV.xlsx#Asset List!row=12,true,
SN:22100105525672210010552677221001055267622100105554522210010552668,SN-22100105525672210010552677221001055267622100105554522210010552668,,22100105525672210010552677221001055267622100105554522210010552668,2D Barcode Scanner,POS,M-77C7A694A3,DSV,,,,AVAILABLE,5,1,,WAREHOUSE_DSV,Asset management/Warehouse/Asset_List_DSV.xlsx#Asset List!row=13,false,
OBS:6ECB2B5B5D,DATA-9B66512D0D95,,,2D Barcode Scanner,POS,M-77C7A694A3,DSV,,,,AVAILABLE,5,2,,WAREHOUSE_DSV,Asset management/Warehouse/Asset_List_DSV.xlsx#Asset List!row=13,true,
OBS:2FC59CEFDD,DATA-20284F55AA01,,,2D Barcode Scanner,POS,M-77C7A694A3,DSV,,,,AVAILABLE,5,3,,WAREHOUSE_DSV,Asset management/Warehouse/Asset_List_DSV.xlsx#Asset List!row=13,true,
OBS:7783B16C5C,DATA-B47655AF9CB9,,,2D Barcode Scanner,POS,M-77C7A694A3,DSV,,,,AVAILABLE,5,4,,WAREHOUSE_DSV,Asset management/Warehouse/Asset_List_DSV.xlsx#Asset List!row=13,true,
OBS:C9EA7EAA91,DATA-99211CBC355B,,,2D Barcode Scanner,POS,M-77C7A694A3,DSV,,,,AVAILABLE,5,5,,WAREHOUSE_DSV,Asset management/Warehouse/Asset_List_DSV.xlsx#Asset List!row=13,true,
SN:220852340002122085234089052208523423456,SN-220852340002122085234089052208523423456,,220852340002122085234089052208523423456,2D Barcode Scanner,POS,M-77C7A694A3,DSV,,,,AVAILABLE,3,1,,WAREHOUSE_DSV,Asset management/Warehouse/Asset_List_DSV.xlsx#Asset List!row=14,false,
OBS:A27DA2353E,DATA-65DD7CAA5F0E,,,2D Barcode Scanner,POS,M-77C7A694A3,DSV,,,,AVAILABLE,3,2,,WAREHOUSE_DSV,Asset management/Warehouse/Asset_List_DSV.xlsx#Asset List!row=14,true,
OBS:BE015EE009,DATA-11739AD5630E,,,2D Barcode Scanner,POS,M-77C7A694A3,DSV,,,,AVAILABLE,3,3,,WAREHOUSE_DSV,Asset management/Warehouse/Asset_List_DSV.xlsx#Asset List!row=14,true,
SN:221365234141152213652342806522136523437622,SN-221365234141152213652342806522136523437622,,221365234141152213652342806522136523437622,DS2278 Wireless dock,POS,M-C6F150A0BE,DSV,,,,AVAILABLE,3,1,,WAREHOUSE_DSV,Asset management/Warehouse/Asset_List_DSV.xlsx#Asset List!row=15,false,
OBS:5AD306D101,DATA-E5C1E14DCDBE,,,DS2278 Wireless dock,POS,M-C6F150A0BE,DSV,,,,AVAILABLE,3,2,,WAREHOUSE_DSV,Asset management/Warehouse/Asset_List_DSV.xlsx#Asset List!row=15,true,
OBS:BD3C00AFF7,DATA-C189DE546642,,,DS2278 Wireless dock,POS,M-C6F150A0BE,DSV,,,,AVAILABLE,3,3,,WAREHOUSE_DSV,Asset management/Warehouse/Asset_List_DSV.xlsx#Asset List!row=15,true,
SN:R9WRB0CV98FR9WRB0CWHR,SN-R9WRB0CV98FR9WRB0CWHR,,R9WRB0CV98FR9WRB0CWHR,Tablet android 8inch with SIM Card (for Ecommerce),BACKEND,M-A89A0EA991,DSV,,,,AVAILABLE,2,1,,WAREHOUSE_DSV,Asset management/Warehouse/Asset_List_DSV.xlsx#Asset List!row=16,false,
OBS:9277A7715A,DATA-E76D641CB36C,,,Tablet android 8inch with SIM Card (for Ecommerce),BACKEND,M-A89A0EA991,DSV,,,,AVAILABLE,2,2,,WAREHOUSE_DSV,Asset management/Warehouse/Asset_List_DSV.xlsx#Asset List!row=16,true,
SN:CN24HL20CLCN25HL21HV,SN-CN24HL20CLCN25HL21HV,,CN24HL20CLCN25HL21HV,Switch 24 port Layer 2 (Non POE - Access point need to have power injector),NET,M-9F4805B0F2,DSV,,,,AVAILABLE,2,1,,WAREHOUSE_DSV,Asset management/Warehouse/Asset_List_DSV.xlsx#Asset List!row=17,false,
OBS:B7656D79AA,DATA-DB61E0725C55,,,Switch 24 port Layer 2 (Non POE - Access point need to have power injector),NET,M-9F4805B0F2,DSV,,,,AVAILABLE,2,2,,WAREHOUSE_DSV,Asset management/Warehouse/Asset_List_DSV.xlsx#Asset List!row=17,true,
SN:AS2207171934,SN-AS2207171934,,AS2207171934,UPS 1-3KVA for Network Rack,NET,M-F75741C446,DSV,,,,AVAILABLE,1,1,,WAREHOUSE_DSV,Asset management/Warehouse/Asset_List_DSV.xlsx#Asset List!row=18,false,
SN:AS2222242356,SN-AS2222242356,,AS2222242356,UPS for Rack,NET,M-34A98661A2,DSV,,,,AVAILABLE,1,1,,WAREHOUSE_DSV,Asset management/Warehouse/Asset_List_DSV.xlsx#Asset List!row=19,false,
SN:MY68D3Z500MY68D3Z51G,SN-MY68D3Z500MY68D3Z51G,,MY68D3Z500MY68D3Z51G,SFP,NET,M-F26334BA07,DSV,,,,AVAILABLE,2,1,,WAREHOUSE_DSV,Asset management/Warehouse/Asset_List_DSV.xlsx#Asset List!row=20,false,
OBS:F3DA333FFC,DATA-367DE4ED46F2,,,SFP,NET,M-F26334BA07,DSV,,,,AVAILABLE,2,2,,WAREHOUSE_DSV,Asset management/Warehouse/Asset_List_DSV.xlsx#Asset List!row=20,true,
AID:22VN00000108,22VN00000108,22VN00000108,3XMPPB4,Latitude 3450,LAP,M-168EC57DF8,GEODIS,,,,AVAILABLE,1,1,"Hostname: AMMAVNWHC000108; Email: Geodis.cs1@mapactive.vn; CPU: 13th Gen Intel(R) Core(TM) i5-1335U (12 CPUs), ~1.3GHz; RAM: 16GB; Disk: 512GB",WAREHOUSE_GEODIS,Asset management/Warehouse/Geodis device.xlsx#Sheet1!row=2,false,
AID:22VN00000109,22VN00000109,22VN00000109,JTGSPB4,Latitude 3450,LAP,M-168EC57DF8,GEODIS,,,,AVAILABLE,1,1,"Hostname: AMMAVNWHC000109; Email: Geodis.cs2@mapactive.vn; CPU: 13th Gen Intel(R) Core(TM) i5-1335U (12 CPUs), ~1.3GHz; RAM: 16GB; Disk: 512GB",WAREHOUSE_GEODIS,Asset management/Warehouse/Geodis device.xlsx#Sheet1!row=3,false,
AID:22VN00000110,22VN00000110,22VN00000110,9PKSPB4,Latitude 3450,LAP,M-168EC57DF8,GEODIS,,,,AVAILABLE,1,1,"Hostname: AMMAVNWHC000110; Email: Geodis.cs3@mapactive.vn; CPU: 13th Gen Intel(R) Core(TM) i5-1335U (12 CPUs), ~1.3GHz; RAM: 16GB; Disk: 512GB",WAREHOUSE_GEODIS,Asset management/Warehouse/Geodis device.xlsx#Sheet1!row=4,false,
AID:22VN00000111,22VN00000111,22VN00000111,4CE425CCX1,HP Pro Tower 400 G9 PCI Desktop PC,POS,M-D951D9542A,GEODIS,,,,AVAILABLE,1,1,"Hostname: AMMAVNWHD000111; Email: Geodis.inbound1@mapactive.vn; CPU: 12th Gen Intel(R) Core(TM) i5-12500 (12 CPUs), ~3.0GHz; RAM: 16GB; Disk: 1TB",WAREHOUSE_GEODIS,Asset management/Warehouse/Geodis device.xlsx#Sheet1!row=5,false,
AID:22VN00000112,22VN00000112,22VN00000112,4CE425CCX8,HP Pro Tower 400 G9 PCI Desktop PC,POS,M-D951D9542A,GEODIS,,,,AVAILABLE,1,1,"Hostname: AMMAVNWHD000112; Email: Geodis.inbound2@mapactive.vn; CPU: 12th Gen Intel(R) Core(TM) i5-12500 (12 CPUs), ~3.0GHz; RAM: 16GB; Disk: 1TB",WAREHOUSE_GEODIS,Asset management/Warehouse/Geodis device.xlsx#Sheet1!row=6,false,
AID:22VN00000113,22VN00000113,22VN00000113,4CE425CKN0,HP Pro Tower 400 G9 PCI Desktop PC,POS,M-D951D9542A,GEODIS,,,,AVAILABLE,1,1,"Hostname: AMMAVNWHD000113; Email: Geodis.outbound1@mapactive.vn; CPU: 12th Gen Intel(R) Core(TM) i5-12500 (12 CPUs), ~3.0GHz; RAM: 16GB; Disk: 1TB",WAREHOUSE_GEODIS,Asset management/Warehouse/Geodis device.xlsx#Sheet1!row=7,false,
AID:22VN00000114,22VN00000114,22VN00000114,4CE425CKP2,HP Pro Tower 400 G9 PCI Desktop PC,POS,M-D951D9542A,GEODIS,,,,AVAILABLE,1,1,"Hostname: AMMAVNWHD000114; Email: Geodis.outbound2@mapactive.vn; CPU: 12th Gen Intel(R) Core(TM) i5-12500 (12 CPUs), ~3.0GHz; RAM: 16GB; Disk: 1TB",WAREHOUSE_GEODIS,Asset management/Warehouse/Geodis device.xlsx#Sheet1!row=8,false,
SN:3CQ41608RT,SN-3CQ41608RT,,3CQ41608RT,HP P204V,OFF,M-429DC84138,GEODIS,,,,AVAILABLE,1,1,,WAREHOUSE_GEODIS,Asset management/Warehouse/Geodis device.xlsx#Sheet1!row=9,false,
SN:3CQ41805TJ,SN-3CQ41805TJ,,3CQ41805TJ,HP P204V,OFF,M-429DC84138,GEODIS,,,,AVAILABLE,1,1,,WAREHOUSE_GEODIS,Asset management/Warehouse/Geodis device.xlsx#Sheet1!row=10,false,
SN:3CQ41608TQ,SN-3CQ41608TQ,,3CQ41608TQ,HP P204V,OFF,M-429DC84138,GEODIS,,,,AVAILABLE,1,1,,WAREHOUSE_GEODIS,Asset management/Warehouse/Geodis device.xlsx#Sheet1!row=11,false,
SN:3CQ41608SZ,SN-3CQ41608SZ,,3CQ41608SZ,HP P204V,OFF,M-429DC84138,GEODIS,,,,AVAILABLE,1,1,,WAREHOUSE_GEODIS,Asset management/Warehouse/Geodis device.xlsx#Sheet1!row=12,false,
SN:356160462079437,SN-356160462079437,,356160462079437,Samsung Galaxy Tab S10 FE,OFF,M-D0085ADEF2,GEODIS,,,,AVAILABLE,1,1,CPU: Exynos 1580 (4 nm); RAM: 8GB; Disk: 128GB,WAREHOUSE_GEODIS,Asset management/Warehouse/Geodis device.xlsx#Sheet1!row=13,false,
SN:356160462031834,SN-356160462031834,,356160462031834,Samsung Galaxy Tab S10 FE,OFF,M-D0085ADEF2,GEODIS,,,,AVAILABLE,1,1,CPU: Exynos 1580 (4 nm); RAM: 8GB; Disk: 128GB,WAREHOUSE_GEODIS,Asset management/Warehouse/Geodis device.xlsx#Sheet1!row=14,false,
SN:I1624C0018,SN-I1624C0018,,I1624C0018,Postek printer,BACKEND,M-E4C940D925,GEODIS,,,,AVAILABLE,1,1,,WAREHOUSE_GEODIS,Asset management/Warehouse/Geodis device.xlsx#Sheet1!row=15,false,
SN:I1621C0029,SN-I1621C0029,,I1621C0029,Postek printer,BACKEND,M-E4C940D925,GEODIS,,,,AVAILABLE,1,1,,WAREHOUSE_GEODIS,Asset management/Warehouse/Geodis device.xlsx#Sheet1!row=16,false,
SN:VNL6K9W44LCNJ6K9W4T4VNK9K9W0L3VNL5K9W046CNJ6K9W4RYVNKTK9W0ZG,SN-VNL6K9W44LCNJ6K9W4T4VNK9K9W0L3VNL5K9W046CNJ6K9W4RYVNKTK9W0ZG,,VNL6K9W44LCNJ6K9W4T4VNK9K9W0L3VNL5K9W046CNJ6K9W4RYVNKTK9W0ZG,HPE Aruba Networking AP-535 (RW),OFF,M-6EE35F53FE,GEODIS,,,,AVAILABLE,1,1,,WAREHOUSE_GEODIS,Asset management/Warehouse/Geodis device.xlsx#Sheet1!row=17,false,
SN:CN31KND6NVCN31KND6ZT,SN-CN31KND6NVCN31KND6ZT,,CN31KND6NVCN31KND6ZT,Aruba 6100 48G CL4,OFF,M-6078132E7D,GEODIS,,,,AVAILABLE,1,1,,WAREHOUSE_GEODIS,Asset management/Warehouse/Geodis device.xlsx#Sheet1!row=18,false,
SN:F2140055315F2140055314,SN-F2140055315F2140055314,,F2140055315F2140055314,HPE Aruba Compatible,OFF,M-B3F6A98CD8,GEODIS,,,,AVAILABLE,1,1,,WAREHOUSE_GEODIS,Asset management/Warehouse/Geodis device.xlsx#Sheet1!row=19,false,
SN:FGT60FTK24032195,SN-FGT60FTK24032195,,FGT60FTK24032195,FortiGate-60F Firewall,NET,M-A7BD4B792C,GEODIS,,,,AVAILABLE,1,1,,WAREHOUSE_GEODIS,Asset management/Warehouse/Geodis device.xlsx#Sheet1!row=20,false,
SN:E81752C4N220073,SN-E81752C4N220073,,E81752C4N220073,Máy in Brother MFC-L5710DN,OFF,M-74AC776591,GEODIS,,,,AVAILABLE,1,1,,WAREHOUSE_GEODIS,Asset management/Warehouse/Geodis device.xlsx#Sheet1!row=21,false,
SN:S25151523700803S25142523704262S25151523700819S25142523704260S25151523700859S25142523704190S25151523700789S25142523704258,SN-S25151523700803S25142523704262S25151523700819S25142523704260S25151523700859S25142523704190S25151523700789S25142523704258,,S25151523700803S25142523704262S25151523700819S25142523704260S25151523700859S25142523704190S25151523700789S25142523704258,Zebra Scanner DS2278,POS,M-11B08AAFD4,GEODIS,,,,AVAILABLE,1,1,,WAREHOUSE_GEODIS,Asset management/Warehouse/Geodis device.xlsx#Sheet1!row=22,false,
SN:S25199524701778S25199524701876PWR-WUA5V12W0US250755684PWR-WUA5V12W0US250755628,SN-S25199524701778S25199524701876PWR-WUA5V12W0US250755684PWR-WUA5V12W0US250755628,,S25199524701778S25199524701876PWR-WUA5V12W0US250755684PWR-WUA5V12W0US250755628,Zebra Mobile Computer TC22,OFF,M-975C88D18C,GEODIS,,,,AVAILABLE,1,1,,WAREHOUSE_GEODIS,Asset management/Warehouse/Geodis device.xlsx#Sheet1!row=23,false,
SN:S22182523023442S22182523023275,SN-S22182523023442S22182523023275,,S22182523023442S22182523023275,Zebra TC26BK,OFF,M-8ECE13BB5E,GEODIS,,,,AVAILABLE,1,1,,WAREHOUSE_GEODIS,Asset management/Warehouse/Geodis device.xlsx#Sheet1!row=24,false,
SN:S23010520100706,SN-S23010520100706,,S23010520100706,Zebra-Dock PDT,PDT,M-85D244254C,GEODIS,,,,AVAILABLE,1,1,,WAREHOUSE_GEODIS,Asset management/Warehouse/Geodis device.xlsx#Sheet1!row=25,false,
AID:MINIPC-VC01,MINIPC-VC01,MINIPC-VC01,8CG8105MSQ,ProDesk 400 G3 Mini,OFF,M-44C7529FFF,IT_STOCK,,,,AVAILABLE,1,1,K301-ADMIN | MAC LAN: 10-E7-C6-08-74-27,MINIPC_STATUS,Asset management/Transititons/IT tool.xlsx#Mini PC status!row=2,false,
AID:MINIPC-VC03-ADMIN,MINIPC-VC03-ADMIN,MINIPC-VC03-ADMIN,8CG75206VW,ProDesk 400 G3 Mini,OFF,M-44C7529FFF,IT_STOCK,,,,AVAILABLE,1,1,"hư nguồn, usb | MAC LAN:",MINIPC_STATUS,Asset management/Transititons/IT tool.xlsx#Mini PC status!row=3,false,
AID:MINIPC-P001-ADMIN,MINIPC-P001-ADMIN,MINIPC-P001-ADMIN,8CGG75234QP,ProDesk 400 G3 Mini,OFF,M-44C7529FFF,IT_STOCK,,,,AVAILABLE,1,1,"lổi bios ko nhận usb, 2 cổng usb trước hư | MAC LAN:",MINIPC_STATUS,Asset management/Transititons/IT tool.xlsx#Mini PC status!row=4,false,
AID:MINIPC-P002-ADMIN,MINIPC-P002-ADMIN,MINIPC-P002-ADMIN,8CG8105N1T,ProDesk 400 G3 Mini,OFF,M-44C7529FFF,IT_STOCK,,,,AVAILABLE,1,1,VN15-ADMIN | MAC LAN: 10-E7-C6-08-72-F0,MINIPC_STATUS,Asset management/Transititons/IT tool.xlsx#Mini PC status!row=5,false,
AID:MINIPC-VF02-ADMIN,MINIPC-VF02-ADMIN,MINIPC-VF02-ADMIN,8CG8052W2H,ProDesk 400 G3 Mini,OFF,M-44C7529FFF,IT_STOCK,,,,AVAILABLE,1,1,hư 1 cổng usb trước | MAC LAN: 10-E7-C6-01-40-83,MINIPC_STATUS,Asset management/Transititons/IT tool.xlsx#Mini PC status!row=6,false,
AID:MINIPC-VN20-ADMIN,MINIPC-VN20-ADMIN,MINIPC-VN20-ADMIN,,Optiplex 3090,OFF,M-62D3E3EFFC,IT_STOCK,,,,AVAILABLE,1,1,Đang kím nguồn | MAC LAN:,MINIPC_STATUS,Asset management/Transititons/IT tool.xlsx#Mini PC status!row=7,true,
AID:MINIPC-VN17,MINIPC-VN17,MINIPC-VN17,,Mini PC,OFF,M-D52F39A889,IT_STOCK,,,,AVAILABLE,1,1,đang đóng store | MAC LAN:,MINIPC_STATUS,Asset management/Transititons/IT tool.xlsx#Mini PC status!row=8,true,
AID:MINIPC-BAZZAR,MINIPC-BAZZAR,MINIPC-BAZZAR,,Mini PC,OFF,M-D52F39A889,IT_STOCK,,,,AVAILABLE,1,1,MAC LAN:,MINIPC_STATUS,Asset management/Transititons/IT tool.xlsx#Mini PC status!row=9 | Asset management/Transititons/IT tool.xlsx#Mini PC status!row=10,true,
SN:4R4JGL3,SN-4R4JGL3,,4R4JGL3,Laptop Dell Latitude 3520,LAP,M-EC8F0C4F53,HCM,,,,UNDER_MAINTENANCE,1,1,"Laptop trước là của Phan Bảo Hoàng làm rớt bể không xài được nữa, không có nguồn, mất 1 ram. Anh Đạt nói lúc đó chưa có quy trình bảo hành hay đền gì hết chỉ cấp máy mới cho Hoang nên cần phải check lại với team HR. Lời khai by Pak Quân",BROKEN_ASSET,Data clear/05_Broken_and_Transfers_Cleaned.xlsx#Office_Broken!row=3,true,
AID:22VN00110026,22VN00110026,22VN00110026,H4K0BG3,Laptop Dell Latitude 3520,LAP,M-EC8F0C4F53,HCM,,,,UNDER_MAINTENANCE,1,1,Hư phím,BROKEN_ASSET,Data clear/05_Broken_and_Transfers_Cleaned.xlsx#Office_Broken!row=4,true,
AID:22VN00110011,22VN00110011,22VN00110011,HRBPK73,Laptop Dell Inspiron 3505,LAP,M-A9DA49935A,HCM,,,,UNDER_MAINTENANCE,1,1,,BROKEN_ASSET,Data clear/05_Broken_and_Transfers_Cleaned.xlsx#Office_Broken!row=6,true,
AID:22VN00110024,22VN00110024,22VN00110024,GNWPK73,Laptop Dell Inspiron 3505,LAP,M-A9DA49935A,HCM,,,,UNDER_MAINTENANCE,1,1,.,BROKEN_ASSET,Data clear/05_Broken_and_Transfers_Cleaned.xlsx#Office_Broken!row=7,true,
SN:5CG7325LVQ,SN-5CG7325LVQ,,5CG7325LVQ,HP Elitebook 840 G4,LAP,M-C0CF398D50,HCM,,,,UNDER_MAINTENANCE,1,1,Thanh lý,BROKEN_ASSET,Data clear/05_Broken_and_Transfers_Cleaned.xlsx#Office_Broken!row=12,true,
SN:PC-OVT5R6,SN-PC-OVT5R6,,PC-OVT5R6,Lenovo ThinkPad,LAP,M-C0B9C76E47,HCM,,,,UNDER_MAINTENANCE,1,1,Thanh lý,BROKEN_ASSET,Data clear/05_Broken_and_Transfers_Cleaned.xlsx#Office_Broken!row=13,true,
SN:FXVJB62,SN-FXVJB62,,FXVJB62,Dell Vostro 14-5480,OFF,M-5F28F33951,HCM,,,,UNDER_MAINTENANCE,1,1,Thanh lý,BROKEN_ASSET,Data clear/05_Broken_and_Transfers_Cleaned.xlsx#Office_Broken!row=14,true,
SN:CND218PWRZ,SN-CND218PWRZ,,CND218PWRZ,HP Paviloin,OFF,M-B12C0E2C0E,HCM,,,,UNDER_MAINTENANCE,1,1,Thanh lý,BROKEN_ASSET,Data clear/05_Broken_and_Transfers_Cleaned.xlsx#Office_Broken!row=15,true,
OBS:5EAEF14361,DATA-6A378E17E34C,,,HP ProBook G2,LAP,M-68985C1D2B,HCM,,,,UNDER_MAINTENANCE,1,1,Thanh lý,BROKEN_ASSET,Data clear/05_Broken_and_Transfers_Cleaned.xlsx#Office_Broken!row=16,true,
SN:TCEY002724,SN-TCEY002724,,TCEY002724,Epson TM-82II,PRN,M-AA1792653C,HCM,,,,AVAILABLE,1,1,,TRANSFER_ASSET,Data clear/05_Broken_and_Transfers_Cleaned.xlsx#Transfer_Map_Fashion!row=6,true,
SN:TCEY004688,SN-TCEY004688,,TCEY004688,Epson TM-82II,PRN,M-AA1792653C,HCM,,,,AVAILABLE,1,1,,TRANSFER_ASSET,Data clear/05_Broken_and_Transfers_Cleaned.xlsx#Transfer_Map_Fashion!row=7,true,
SN:TCCY014794,SN-TCCY014794,,TCCY014794,Epson TM-82II,PRN,M-AA1792653C,HCM,,,,AVAILABLE,1,1,,TRANSFER_ASSET,Data clear/05_Broken_and_Transfers_Cleaned.xlsx#Transfer_Map_Fashion!row=8,true,
SN:G17NE9935,SN-G17NE9935,,G17NE9935,Datalogic QW2100,OFF,M-EAD4E9D2A0,HCM,,,,AVAILABLE,1,1,,TRANSFER_ASSET,Data clear/05_Broken_and_Transfers_Cleaned.xlsx#Transfer_Map_Fashion!row=9,true,
SN:G21M82827,SN-G21M82827,,G21M82827,Datalogic QW2100,OFF,M-EAD4E9D2A0,HCM,,,,AVAILABLE,1,1,,TRANSFER_ASSET,Data clear/05_Broken_and_Transfers_Cleaned.xlsx#Transfer_Map_Fashion!row=10,true,
SN:G21NE8123,SN-G21NE8123,,G21NE8123,Datalogic QW2100,OFF,M-EAD4E9D2A0,HCM,,,,AVAILABLE,1,1,,TRANSFER_ASSET,Data clear/05_Broken_and_Transfers_Cleaned.xlsx#Transfer_Map_Fashion!row=11,true,
