location_code,name,brand,region,open_date,store_manager,phone,area_manager,organization_code,source_refs,inferred
VA01,New Balance Van Hanh Mall,,,,,,,MAP-VN,Audit 2026 device/Data store/Check List.xlsx#VN!row=3 | Audit 2026 device/Data store/Check List.xlsx#Sheet2!row=3 | Audit 2026 device/Data store/Check List.xlsx#Sheet2!row=16 | Audit 2026 device/Data store/Check List.xlsx#Sheet1!row=19 | Audit 2026 device/Data store/Firewall Serial Number.xlsx#Sheet1!row=2 | Audit 2026 device/Data store/Audit/VA01.xlsx | Asset management/Store/Details/VA01.xlsx | Asset management/Store/Dashboard.xlsx#All Stores!row=53 | Asset management/Store/Dashboard.xlsx#All Stores!row=54 | Asset management/Store/Dashboard.xlsx#All Stores!row=55 | Asset management/Store/Dashboard.xlsx#All Stores!row=56 | Asset management/Store/Dashboard.xlsx#All Stores!row=57 | Asset management/Store/Dashboard.xlsx#All Stores!row=58 | Asset management/Store/Dashboard.xlsx#All Stores!row=59 | Asset management/Store/Dashboard.xlsx#All Stores!row=60 | Asset management/Store/Dashboard.xlsx#All Stores!row=61 | Asset management/Store/Dashboard.xlsx#All Stores!row=62 | Asset management/Store/Dashboard.xlsx#All Stores!row=63 | Asset management/Store/Dashboard.xlsx#All Stores!row=64 | Asset management/Store/Dashboard.xlsx#All Stores!row=65 | Asset management/Store/Dashboard.xlsx#All Stores!row=66 | Asset management/Store/Dashboard.xlsx#All Stores!row=67 | Asset management/Store/Dashboard.xlsx#All Stores!row=68 | Audit 2026 device/Data store/Audit/VA01.xlsx#VA01!row=2 | Audit 2026 device/Data store/Audit/VA01.xlsx#VA01!row=3 | Audit 2026 device/Data store/Audit/VA01.xlsx#VA01!row=4 | Audit 2026 device/Data store/Audit/VA01.xlsx#VA01!row=5 | Audit 2026 device/Data store/Audit/VA01.xlsx#VA01!row=6 | Audit 2026 device/Data store/Audit/VA01.xlsx#VA01!row=7 | Audit 2026 device/Data store/Audit/VA01.xlsx#VA01!row=8 | Audit 2026 device/Data store/Audit/VA01.xlsx#VA01!row=9 | Audit 2026 device/Data store/Audit/VA01.xlsx#VA01!row=10 | Audit 2026 device/Data store/Audit/VA01.xlsx#VA01!row=11 | Audit 2026 device/Data store/Audit/VA01.xlsx#VA01!row=12 | Audit 2026 device/Data store/Audit/VA01.xlsx#VA01!row=13 | Audit 2026 device/Data store/Audit/VA01.xlsx#VA01!row=14 | Audit 2026 device/Data store/Audit/VA01.xlsx#VA01!row=15 | Audit 2026 device/Data store/Audit/VA01.xlsx#VA01!row=16 | Audit 2026 device/Data store/Audit/VA01.xlsx#VA01!row=17 | Audit 2026 device/Data store/Audit/VA01.xlsx#Sheet1!row=2 | Audit 2026 device/Data store/Audit/VA01.xlsx#Sheet1!row=5 | Audit 2026 device/Data store/Audit/VA01.xlsx#Sheet1!row=6 | Audit 2026 device/Data store/Audit/VA01.xlsx#Sheet1!row=7 | Audit 2026 device/Data store/Audit/VA01.xlsx#Sheet1!row=9 | Audit 2026 device/Data store/Audit/VA01.xlsx#Sheet1!row=10 | Audit 2026 device/Data store/Audit/VA01.xlsx#Sheet1!row=11 | Audit 2026 device/Data store/Audit/VA01.xlsx#Sheet1!row=12 | Audit 2026 device/Data store/Audit/VA01.xlsx#Sheet1!row=13 | Audit 2026 device/Data store/Audit/VA01.xlsx#Sheet1!row=14 | Audit 2026 device/Data store/Audit/VA01.xlsx#Sheet1!row=16 | Audit 2026 device/Data store/Audit/VA01.xlsx#Sheet1!row=17 | Audit 2026 device/Data store/Audit/VA01.xlsx#Sheet1!row=18,true
VA03,New Balance Aeon Le Chan,,,,,,,MAP-VN,Audit 2026 device/Data store/Check List.xlsx#VN!row=4 | Audit 2026 device/Data store/Check List.xlsx#Sheet2!row=4 | Audit 2026 device/Data store/Check List.xlsx#Sheet2!row=26 | Audit 2026 device/Data store/Check List.xlsx#Sheet1!row=13 | Audit 2026 device/Data store/Check List.xlsx#Sheet1!row=36 | Audit 2026 device/Data store/Firewall Serial Number.xlsx#Sheet1!row=3 | Audit 2026 device/Data store/Audit/VA03.xlsx | Asset management/Store/Details/VA03.xlsx | Asset management/Store/Dashboard.xlsx#All Stores!row=69 | Asset management/Store/Dashboard.xlsx#All Stores!row=70 | Asset management/Store/Dashboard.xlsx#All Stores!row=71 | Asset management/Store/Dashboard.xlsx#All Stores!row=72 | Asset management/Store/Dashboard.xlsx#All Stores!row=73 | Asset management/Store/Dashboard.xlsx#All Stores!row=74 | Asset management/Store/Dashboard.xlsx#All Stores!row=75 | Asset management/Store/Dashboard.xlsx#All Stores!row=76 | Asset management/Store/Dashboard.xlsx#All Stores!row=77 | Asset management/Store/Dashboard.xlsx#All Stores!row=78 | Asset management/Store/Dashboard.xlsx#All Stores!row=79 | Asset management/Store/Dashboard.xlsx#All Stores!row=80 | Asset management/Store/Dashboard.xlsx#All Stores!row=81 | Asset management/Store/Dashboard.xlsx#All Stores!row=82 | Audit 2026 device/Data store/Audit/VA03.xlsx#VA03!row=2 | Audit 2026 device/Data store/Audit/VA03.xlsx#VA03!row=3 | Audit 2026 device/Data store/Audit/VA03.xlsx#VA03!row=4 | Audit 2026 device/Data store/Audit/VA03.xlsx#VA03!row=5 | Audit 2026 device/Data store/Audit/VA03.xlsx#VA03!row=6 | Audit 2026 device/Data store/Audit/VA03.xlsx#VA03!row=7 | Audit 2026 device/Data store/Audit/VA03.xlsx#VA03!row=8 | Audit 2026 device/Data store/Audit/VA03.xlsx#VA03!row=9 | Audit 2026 device/Data store/Audit/VA03.xlsx#VA03!row=10 | Audit 2026 device/Data store/Audit/VA03.xlsx#VA03!row=11 | Audit 2026 device/Data store/Audit/VA03.xlsx#VA03!row=12 | Audit 2026 device/Data store/Audit/VA03.xlsx#VA03!row=13 | Audit 2026 device/Data store/Audit/VA03.xlsx#VA03!row=14 | Audit 2026 device/Data store/Audit/VA03.xlsx#VA03!row=15,true
VA04,New Balance Gold Coast,,,,,,,MAP-VN,Audit 2026 device/Data store/Check List.xlsx#VN!row=5 | Audit 2026 device/Data store/Check List.xlsx#Sheet2!row=5 | Audit 2026 device/Data store/Check List.xlsx#Sheet2!row=19 | Audit 2026 device/Data store/Check List.xlsx#Sheet1!row=26 | Audit 2026 device/Data store/Firewall Serial Number.xlsx#Sheet1!row=4 | Audit 2026 device/Data store/Audit/VA04.xlsx | Asset management/Store/Details/VA04.xlsx | Asset management/Store/Dashboard.xlsx#All Stores!row=83 | Asset management/Store/Dashboard.xlsx#All Stores!row=84 | Asset management/Store/Dashboard.xlsx#All Stores!row=85 | Asset management/Store/Dashboard.xlsx#All Stores!row=86 | Asset management/Store/Dashboard.xlsx#All Stores!row=87 | Asset management/Store/Dashboard.xlsx#All Stores!row=88 | Asset management/Store/Dashboard.xlsx#All Stores!row=89 | Asset management/Store/Dashboard.xlsx#All Stores!row=90 | Asset management/Store/Dashboard.xlsx#All Stores!row=91 | Asset management/Office/Office assets.xlsx#Sheet1!row=30 | Audit 2026 device/Data store/Audit/VA04.xlsx#VA04!row=2 | Audit 2026 device/Data store/Audit/VA04.xlsx#VA04!row=3 | Audit 2026 device/Data store/Audit/VA04.xlsx#VA04!row=4 | Audit 2026 device/Data store/Audit/VA04.xlsx#VA04!row=5 | Audit 2026 device/Data store/Audit/VA04.xlsx#VA04!row=6 | Audit 2026 device/Data store/Audit/VA04.xlsx#VA04!row=7 | Audit 2026 device/Data store/Audit/VA04.xlsx#VA04!row=8 | Audit 2026 device/Data store/Audit/VA04.xlsx#VA04!row=9 | Audit 2026 device/Data store/Audit/VA04.xlsx#VA04!row=10,true
VA05,New Balance Vincom Thao Dien,,,,,,,MAP-VN,Audit 2026 device/Data store/Check List.xlsx#VN!row=6 | Audit 2026 device/Data store/Check List.xlsx#Sheet2!row=6 | Audit 2026 device/Data store/Check List.xlsx#Sheet2!row=18 | Audit 2026 device/Data store/Check List.xlsx#Sheet1!row=13 | Audit 2026 device/Data store/Firewall Serial Number.xlsx#Sheet1!row=5 | Audit 2026 device/Data store/Audit/VA05.xlsx | Asset management/Store/Details/VA05.xlsx | Asset management/Store/Dashboard.xlsx#All Stores!row=92 | Asset management/Store/Dashboard.xlsx#All Stores!row=93 | Asset management/Store/Dashboard.xlsx#All Stores!row=94 | Asset management/Store/Dashboard.xlsx#All Stores!row=95 | Asset management/Store/Dashboard.xlsx#All Stores!row=96 | Asset management/Store/Dashboard.xlsx#All Stores!row=97 | Asset management/Store/Dashboard.xlsx#All Stores!row=98 | Asset management/Store/Dashboard.xlsx#All Stores!row=99 | Asset management/Store/Dashboard.xlsx#All Stores!row=100 | Asset management/Store/Dashboard.xlsx#All Stores!row=101 | Asset management/Store/Dashboard.xlsx#All Stores!row=102 | Asset management/Store/Dashboard.xlsx#All Stores!row=103 | Asset management/Store/Dashboard.xlsx#All Stores!row=104 | Asset management/Store/Dashboard.xlsx#All Stores!row=105 | Asset management/Store/Dashboard.xlsx#All Stores!row=106 | Asset management/Store/Dashboard.xlsx#All Stores!row=107 | Audit 2026 device/Data store/Audit/VA05.xlsx#VA05!row=2 | Audit 2026 device/Data store/Audit/VA05.xlsx#VA05!row=3 | Audit 2026 device/Data store/Audit/VA05.xlsx#VA05!row=4 | Audit 2026 device/Data store/Audit/VA05.xlsx#VA05!row=5 | Audit 2026 device/Data store/Audit/VA05.xlsx#VA05!row=6 | Audit 2026 device/Data store/Audit/VA05.xlsx#VA05!row=7 | Audit 2026 device/Data store/Audit/VA05.xlsx#VA05!row=8 | Audit 2026 device/Data store/Audit/VA05.xlsx#VA05!row=9 | Audit 2026 device/Data store/Audit/VA05.xlsx#VA05!row=10 | Audit 2026 device/Data store/Audit/VA05.xlsx#VA05!row=11 | Audit 2026 device/Data store/Audit/VA05.xlsx#VA05!row=12 | Audit 2026 device/Data store/Audit/VA05.xlsx#VA05!row=13 | Audit 2026 device/Data store/Audit/VA05.xlsx#VA05!row=14 | Audit 2026 device/Data store/Audit/VA05.xlsx#VA05!row=15 | Audit 2026 device/Data store/Audit/VA05.xlsx#VA05!row=16 | Audit 2026 device/Data store/Audit/VA05.xlsx#VA05!row=17,true
VA06,New Balance Crescent mall,,,,,,,MAP-VN,Audit 2026 device/Data store/Check List.xlsx#VN!row=7 | Audit 2026 device/Data store/Check List.xlsx#Sheet2!row=7 | Audit 2026 device/Data store/Check List.xlsx#Sheet2!row=14 | Audit 2026 device/Data store/Check List.xlsx#Sheet1!row=27 | Audit 2026 device/Data store/Firewall Serial Number.xlsx#Sheet1!row=6 | Audit 2026 device/Data store/Audit/VA06.xlsx | Asset management/Store/Details/VA06.xlsx | Asset management/Store/Dashboard.xlsx#All Stores!row=108 | Asset management/Store/Dashboard.xlsx#All Stores!row=109 | Asset management/Store/Dashboard.xlsx#All Stores!row=110 | Asset management/Store/Dashboard.xlsx#All Stores!row=111 | Asset management/Store/Dashboard.xlsx#All Stores!row=112 | Asset management/Store/Dashboard.xlsx#All Stores!row=113 | Asset management/Store/Dashboard.xlsx#All Stores!row=114 | Asset management/Store/Dashboard.xlsx#All Stores!row=115 | Asset management/Store/Dashboard.xlsx#All Stores!row=116 | Asset management/Store/Dashboard.xlsx#All Stores!row=117 | Asset management/Store/Dashboard.xlsx#All Stores!row=118 | Asset management/Store/Dashboard.xlsx#All Stores!row=119 | Asset management/Store/Dashboard.xlsx#All Stores!row=120 | Audit 2026 device/Data store/Audit/VA06.xlsx#VA06!row=2 | Audit 2026 device/Data store/Audit/VA06.xlsx#VA06!row=3 | Audit 2026 device/Data store/Audit/VA06.xlsx#VA06!row=4 | Audit 2026 device/Data store/Audit/VA06.xlsx#VA06!row=5 | Audit 2026 device/Data store/Audit/VA06.xlsx#VA06!row=6 | Audit 2026 device/Data store/Audit/VA06.xlsx#VA06!row=7 | Audit 2026 device/Data store/Audit/VA06.xlsx#VA06!row=8 | Audit 2026 device/Data store/Audit/VA06.xlsx#VA06!row=9 | Audit 2026 device/Data store/Audit/VA06.xlsx#VA06!row=10 | Audit 2026 device/Data store/Audit/VA06.xlsx#VA06!row=11 | Audit 2026 device/Data store/Audit/VA06.xlsx#VA06!row=12 | Audit 2026 device/Data store/Audit/VA06.xlsx#VA06!row=13 | Audit 2026 device/Data store/Audit/VA06.xlsx#VA06!row=14,true
VA08,New Balance Diamond,,,,,,,MAP-VN,Audit 2026 device/Data store/Check List.xlsx#VN!row=8 | Audit 2026 device/Data store/Check List.xlsx#Sheet2!row=8 | Audit 2026 device/Data store/Check List.xlsx#Sheet2!row=15 | Audit 2026 device/Data store/Check List.xlsx#Sheet1!row=20 | Audit 2026 device/Data store/Firewall Serial Number.xlsx#Sheet1!row=7 | Audit 2026 device/Data store/Audit/VA08.xlsx | Asset management/Store/Details/VA08.xlsx | Asset management/Store/Dashboard.xlsx#All Stores!row=121 | Asset management/Store/Dashboard.xlsx#All Stores!row=122 | Asset management/Store/Dashboard.xlsx#All Stores!row=123 | Asset management/Store/Dashboard.xlsx#All Stores!row=124 | Asset management/Store/Dashboard.xlsx#All Stores!row=125 | Asset management/Store/Dashboard.xlsx#All Stores!row=126 | Asset management/Store/Dashboard.xlsx#All Stores!row=127 | Asset management/Store/Dashboard.xlsx#All Stores!row=128 | Asset management/Store/Dashboard.xlsx#All Stores!row=129 | Asset management/Store/Dashboard.xlsx#All Stores!row=130 | Audit 2026 device/Data store/Audit/VA08.xlsx#VA08!row=2 | Audit 2026 device/Data store/Audit/VA08.xlsx#VA08!row=3 | Audit 2026 device/Data store/Audit/VA08.xlsx#VA08!row=4 | Audit 2026 device/Data store/Audit/VA08.xlsx#VA08!row=5 | Audit 2026 device/Data store/Audit/VA08.xlsx#VA08!row=6 | Audit 2026 device/Data store/Audit/VA08.xlsx#VA08!row=7 | Audit 2026 device/Data store/Audit/VA08.xlsx#VA08!row=8 | Audit 2026 device/Data store/Audit/VA08.xlsx#VA08!row=9 | Audit 2026 device/Data store/Audit/VA08.xlsx#VA08!row=10 | Audit 2026 device/Data store/Audit/VA08.xlsx#VA08!row=11,true
VA11,New Balance Nguyen Trai D1,,,,,,,MAP-VN,Audit 2026 device/Data store/Check List.xlsx#VN!row=9 | Audit 2026 device/Data store/Check List.xlsx#Sheet2!row=9 | Audit 2026 device/Data store/Check List.xlsx#Sheet2!row=17 | Audit 2026 device/Data store/Check List.xlsx#Sheet1!row=28 | Audit 2026 device/Data store/Firewall Serial Number.xlsx#Sheet1!row=8 | Audit 2026 device/Data store/Audit/VA11.xlsx | Asset management/Store/Details/VA11.xlsx | Asset management/Store/Dashboard.xlsx#All Stores!row=131 | Asset management/Store/Dashboard.xlsx#All Stores!row=132 | Asset management/Store/Dashboard.xlsx#All Stores!row=133 | Asset management/Store/Dashboard.xlsx#All Stores!row=134 | Asset management/Store/Dashboard.xlsx#All Stores!row=135 | Asset management/Store/Dashboard.xlsx#All Stores!row=136 | Asset management/Store/Dashboard.xlsx#All Stores!row=137 | Asset management/Store/Dashboard.xlsx#All Stores!row=138 | Asset management/Store/Dashboard.xlsx#All Stores!row=139 | Asset management/Store/Dashboard.xlsx#All Stores!row=140 | Asset management/Store/Dashboard.xlsx#All Stores!row=141 | Asset management/Store/Dashboard.xlsx#All Stores!row=142 | Asset management/Store/Dashboard.xlsx#All Stores!row=143 | Asset management/Store/Dashboard.xlsx#All Stores!row=144 | Audit 2026 device/Data store/Audit/VA11.xlsx#VA11!row=2 | Audit 2026 device/Data store/Audit/VA11.xlsx#VA11!row=3 | Audit 2026 device/Data store/Audit/VA11.xlsx#VA11!row=4 | Audit 2026 device/Data store/Audit/VA11.xlsx#VA11!row=5 | Audit 2026 device/Data store/Audit/VA11.xlsx#VA11!row=6 | Audit 2026 device/Data store/Audit/VA11.xlsx#VA11!row=7 | Audit 2026 device/Data store/Audit/VA11.xlsx#VA11!row=8 | Audit 2026 device/Data store/Audit/VA11.xlsx#VA11!row=9 | Audit 2026 device/Data store/Audit/VA11.xlsx#VA11!row=10 | Audit 2026 device/Data store/Audit/VA11.xlsx#VA11!row=11 | Audit 2026 device/Data store/Audit/VA11.xlsx#VA11!row=12 | Audit 2026 device/Data store/Audit/VA11.xlsx#VA11!row=13 | Audit 2026 device/Data store/Audit/VA11.xlsx#VA11!row=14 | Audit 2026 device/Data store/Audit/VA11.xlsx#VA11!row=15,true
VA12,New Balance Lotte mall,,,,,,,MAP-VN,Audit 2026 device/Data store/Check List.xlsx#VN!row=10 | Audit 2026 device/Data store/Check List.xlsx#Sheet2!row=10 | Audit 2026 device/Data store/Check List.xlsx#Sheet2!row=30 | Audit 2026 device/Data store/Check List.xlsx#Sheet1!row=14 | Audit 2026 device/Data store/Check List.xlsx#Sheet1!row=37 | Audit 2026 device/Data store/Firewall Serial Number.xlsx#Sheet1!row=9 | Audit 2026 device/Data store/Audit/VA12.xlsx | Asset management/Store/Details/VA12.xlsx | Asset management/Store/Dashboard.xlsx#All Stores!row=145 | Asset management/Store/Dashboard.xlsx#All Stores!row=146 | Asset management/Store/Dashboard.xlsx#All Stores!row=147 | Asset management/Store/Dashboard.xlsx#All Stores!row=148 | Asset management/Store/Dashboard.xlsx#All Stores!row=149 | Asset management/Store/Dashboard.xlsx#All Stores!row=150 | Asset management/Store/Dashboard.xlsx#All Stores!row=151 | Asset management/Store/Dashboard.xlsx#All Stores!row=152 | Asset management/Store/Dashboard.xlsx#All Stores!row=153 | Asset management/Store/Dashboard.xlsx#All Stores!row=154 | Asset management/Store/Dashboard.xlsx#All Stores!row=155 | Asset management/Store/Dashboard.xlsx#All Stores!row=156 | Asset management/Store/Dashboard.xlsx#All Stores!row=157 | Asset management/Store/Dashboard.xlsx#All Stores!row=158 | Asset management/Store/Dashboard.xlsx#All Stores!row=159 | Asset management/Store/Dashboard.xlsx#All Stores!row=160 | Asset management/Store/Dashboard.xlsx#All Stores!row=161 | Asset management/Store/Dashboard.xlsx#All Stores!row=162 | Asset management/Store/Dashboard.xlsx#All Stores!row=163 | Asset management/Store/Dashboard.xlsx#All Stores!row=164 | Asset management/Store/Dashboard.xlsx#All Stores!row=165 | Audit 2026 device/Data store/Audit/VA12.xlsx#VA12!row=2 | Audit 2026 device/Data store/Audit/VA12.xlsx#VA12!row=3 | Audit 2026 device/Data store/Audit/VA12.xlsx#VA12!row=4 | Audit 2026 device/Data store/Audit/VA12.xlsx#VA12!row=5 | Audit 2026 device/Data store/Audit/VA12.xlsx#VA12!row=6 | Audit 2026 device/Data store/Audit/VA12.xlsx#VA12!row=7 | Audit 2026 device/Data store/Audit/VA12.xlsx#VA12!row=8 | Audit 2026 device/Data store/Audit/VA12.xlsx#VA12!row=9 | Audit 2026 device/Data store/Audit/VA12.xlsx#VA12!row=10 | Audit 2026 device/Data store/Audit/VA12.xlsx#VA12!row=13 | Audit 2026 device/Data store/Audit/VA12.xlsx#VA12!row=14 | Audit 2026 device/Data store/Audit/VA12.xlsx#VA12!row=15 | Audit 2026 device/Data store/Audit/VA12.xlsx#VA12!row=16 | Audit 2026 device/Data store/Audit/VA12.xlsx#VA12!row=17 | Audit 2026 device/Data store/Audit/VA12.xlsx#VA12!row=18 | Audit 2026 device/Data store/Audit/VA12.xlsx#VA12!row=19 | Audit 2026 device/Data store/Audit/VA12.xlsx#VA12!row=20 | Audit 2026 device/Data store/Audit/VA12.xlsx#VA12!row=21 | Audit 2026 device/Data store/Audit/VA12.xlsx#VA12!row=22,true
VA13,New Balance Parc Mall,,,,,,,MAP-VN,Audit 2026 device/Data store/Check List.xlsx#VN!row=11 | Audit 2026 device/Data store/Check List.xlsx#Sheet2!row=11 | Audit 2026 device/Data store/Check List.xlsx#Sheet2!row=22 | Audit 2026 device/Data store/Check List.xlsx#Sheet1!row=29 | Audit 2026 device/Data store/Firewall Serial Number.xlsx#Sheet1!row=10 | Audit 2026 device/Data store/Audit/VA13.xlsx | Asset management/Store/Details/VA13.xlsx | Asset management/Store/Dashboard.xlsx#All Stores!row=166 | Asset management/Store/Dashboard.xlsx#All Stores!row=167 | Asset management/Store/Dashboard.xlsx#All Stores!row=168 | Asset management/Store/Dashboard.xlsx#All Stores!row=169 | Asset management/Store/Dashboard.xlsx#All Stores!row=170 | Asset management/Store/Dashboard.xlsx#All Stores!row=171 | Asset management/Store/Dashboard.xlsx#All Stores!row=172 | Asset management/Store/Dashboard.xlsx#All Stores!row=173 | Asset management/Store/Dashboard.xlsx#All Stores!row=174 | Asset management/Store/Dashboard.xlsx#All Stores!row=175 | Asset management/Store/Dashboard.xlsx#All Stores!row=176 | Asset management/Store/Dashboard.xlsx#All Stores!row=177 | Asset management/Store/Dashboard.xlsx#All Stores!row=178 | Asset management/Store/Dashboard.xlsx#All Stores!row=179 | Asset management/Store/Dashboard.xlsx#All Stores!row=180 | Asset management/Store/Dashboard.xlsx#All Stores!row=181 | Audit 2026 device/Data store/Audit/VA13.xlsx#VA13!row=2 | Audit 2026 device/Data store/Audit/VA13.xlsx#VA13!row=3 | Audit 2026 device/Data store/Audit/VA13.xlsx#VA13!row=4 | Audit 2026 device/Data store/Audit/VA13.xlsx#VA13!row=5 | Audit 2026 device/Data store/Audit/VA13.xlsx#VA13!row=6 | Audit 2026 device/Data store/Audit/VA13.xlsx#VA13!row=7 | Audit 2026 device/Data store/Audit/VA13.xlsx#VA13!row=8 | Audit 2026 device/Data store/Audit/VA13.xlsx#VA13!row=9 | Audit 2026 device/Data store/Audit/VA13.xlsx#VA13!row=10 | Audit 2026 device/Data store/Audit/VA13.xlsx#VA13!row=11 | Audit 2026 device/Data store/Audit/VA13.xlsx#VA13!row=12 | Audit 2026 device/Data store/Audit/VA13.xlsx#VA13!row=13 | Audit 2026 device/Data store/Audit/VA13.xlsx#VA13!row=14 | Audit 2026 device/Data store/Audit/VA13.xlsx#VA13!row=15 | Audit 2026 device/Data store/Audit/VA13.xlsx#VA13!row=16 | Audit 2026 device/Data store/Audit/VA13.xlsx#VA13!row=17,true
VA14,New Balance Vincom Dong Khoi,,,,,,,MAP-VN,Audit 2026 device/Data store/Check List.xlsx#VN!row=12 | Audit 2026 device/Data store/Check List.xlsx#Sheet2!row=12 | Audit 2026 device/Data store/Check List.xlsx#Sheet2!row=23 | Audit 2026 device/Data store/Check List.xlsx#Sheet1!row=21 | Audit 2026 device/Data store/Firewall Serial Number.xlsx#Sheet1!row=11 | Audit 2026 device/Data store/Audit/VA14.xlsx | Asset management/Store/Details/VA14.xlsx | Asset management/Store/Dashboard.xlsx#All Stores!row=182 | Asset management/Store/Dashboard.xlsx#All Stores!row=183 | Asset management/Store/Dashboard.xlsx#All Stores!row=184 | Asset management/Store/Dashboard.xlsx#All Stores!row=185 | Asset management/Store/Dashboard.xlsx#All Stores!row=186 | Asset management/Store/Dashboard.xlsx#All Stores!row=187 | Asset management/Store/Dashboard.xlsx#All Stores!row=188 | Asset management/Store/Dashboard.xlsx#All Stores!row=189 | Asset management/Store/Dashboard.xlsx#All Stores!row=190 | Asset management/Store/Dashboard.xlsx#All Stores!row=191 | Asset management/Store/Dashboard.xlsx#All Stores!row=192 | Asset management/Store/Dashboard.xlsx#All Stores!row=193 | Asset management/Store/Dashboard.xlsx#All Stores!row=194 | Asset management/Store/Dashboard.xlsx#All Stores!row=195 | Asset management/Store/Dashboard.xlsx#All Stores!row=196 | Asset management/Store/Dashboard.xlsx#All Stores!row=197 | Asset management/Store/Dashboard.xlsx#All Stores!row=198 | Audit 2026 device/Data store/Audit/VA14.xlsx#VA14!row=2 | Audit 2026 device/Data store/Audit/VA14.xlsx#VA14!row=3 | Audit 2026 device/Data store/Audit/VA14.xlsx#VA14!row=4 | Audit 2026 device/Data store/Audit/VA14.xlsx#VA14!row=5 | Audit 2026 device/Data store/Audit/VA14.xlsx#VA14!row=6 | Audit 2026 device/Data store/Audit/VA14.xlsx#VA14!row=7 | Audit 2026 device/Data store/Audit/VA14.xlsx#VA14!row=8 | Audit 2026 device/Data store/Audit/VA14.xlsx#VA14!row=9 | Audit 2026 device/Data store/Audit/VA14.xlsx#VA14!row=10 | Audit 2026 device/Data store/Audit/VA14.xlsx#VA14!row=11 | Audit 2026 device/Data store/Audit/VA14.xlsx#VA14!row=12 | Audit 2026 device/Data store/Audit/VA14.xlsx#VA14!row=13 | Audit 2026 device/Data store/Audit/VA14.xlsx#VA14!row=14 | Audit 2026 device/Data store/Audit/VA14.xlsx#VA14!row=15 | Audit 2026 device/Data store/Audit/VA14.xlsx#VA14!row=16 | Audit 2026 device/Data store/Audit/VA14.xlsx#VA14!row=17 | Audit 2026 device/Data store/Audit/VA14.xlsx#VA14!row=18,true
VA15,New Balance Saigon Centre,,,,,,,MAP-VN,Audit 2026 device/Data store/Check List.xlsx#VN!row=13 | Audit 2026 device/Data store/Check List.xlsx#Sheet2!row=13 | Audit 2026 device/Data store/Check List.xlsx#Sheet2!row=21 | Audit 2026 device/Data store/Check List.xlsx#Sheet1!row=14 | Audit 2026 device/Data store/Firewall Serial Number.xlsx#Sheet1!row=12 | Audit 2026 device/Data store/Audit/VA15.xlsx | Asset management/Store/Details/VA15.xlsx | Asset management/Store/Dashboard.xlsx#All Stores!row=199 | Asset management/Store/Dashboard.xlsx#All Stores!row=200 | Asset management/Store/Dashboard.xlsx#All Stores!row=201 | Asset management/Store/Dashboard.xlsx#All Stores!row=202 | Asset management/Store/Dashboard.xlsx#All Stores!row=203 | Asset management/Store/Dashboard.xlsx#All Stores!row=204 | Asset management/Store/Dashboard.xlsx#All Stores!row=205 | Asset management/Store/Dashboard.xlsx#All Stores!row=206 | Asset management/Store/Dashboard.xlsx#All Stores!row=207 | Asset management/Store/Dashboard.xlsx#All Stores!row=208 | Asset management/Store/Dashboard.xlsx#All Stores!row=209 | Asset management/Store/Dashboard.xlsx#All Stores!row=210 | Asset management/Store/Dashboard.xlsx#All Stores!row=211 | Asset management/Store/Dashboard.xlsx#All Stores!row=212 | Audit 2026 device/Data store/Audit/VA15.xlsx#VA15!row=2 | Audit 2026 device/Data store/Audit/VA15.xlsx#VA15!row=3 | Audit 2026 device/Data store/Audit/VA15.xlsx#VA15!row=4 | Audit 2026 device/Data store/Audit/VA15.xlsx#VA15!row=5 | Audit 2026 device/Data store/Audit/VA15.xlsx#VA15!row=6 | Audit 2026 device/Data store/Audit/VA15.xlsx#VA15!row=7 | Audit 2026 device/Data store/Audit/VA15.xlsx#VA15!row=8 | Audit 2026 device/Data store/Audit/VA15.xlsx#VA15!row=9 | Audit 2026 device/Data store/Audit/VA15.xlsx#VA15!row=10 | Audit 2026 device/Data store/Audit/VA15.xlsx#VA15!row=11 | Audit 2026 device/Data store/Audit/VA15.xlsx#VA15!row=12 | Audit 2026 device/Data store/Audit/VA15.xlsx#VA15!row=13 | Audit 2026 device/Data store/Audit/VA15.xlsx#VA15!row=14,true
VA16,New Balance Outlet Quang Trung,,,,,,,MAP-VN,Audit 2026 device/Data store/Check List.xlsx#VN!row=14 | Audit 2026 device/Data store/Check List.xlsx#Sheet2!row=14 | Audit 2026 device/Data store/Check List.xlsx#Sheet2!row=20 | Audit 2026 device/Data store/Check List.xlsx#Sheet1!row=15 | Audit 2026 device/Data store/Firewall Serial Number.xlsx#Sheet1!row=13 | Audit 2026 device/Data store/Audit/VA16.xlsx | Asset management/Store/Details/VA16.xlsx | Asset management/Store/Dashboard.xlsx#All Stores!row=213 | Asset management/Store/Dashboard.xlsx#All Stores!row=214 | Asset management/Store/Dashboard.xlsx#All Stores!row=215 | Asset management/Store/Dashboard.xlsx#All Stores!row=216 | Asset management/Store/Dashboard.xlsx#All Stores!row=217 | Asset management/Store/Dashboard.xlsx#All Stores!row=218 | Asset management/Store/Dashboard.xlsx#All Stores!row=219 | Asset management/Store/Dashboard.xlsx#All Stores!row=220 | Asset management/Store/Dashboard.xlsx#All Stores!row=221 | Asset management/Store/Dashboard.xlsx#All Stores!row=222 | Asset management/Store/Dashboard.xlsx#All Stores!row=223 | Asset management/Store/Dashboard.xlsx#All Stores!row=224 | Asset management/Store/Dashboard.xlsx#All Stores!row=225 | Asset management/Store/Dashboard.xlsx#All Stores!row=226 | Asset management/Store/Dashboard.xlsx#All Stores!row=227 | Asset management/Store/Dashboard.xlsx#All Stores!row=228 | Asset management/Store/Dashboard.xlsx#All Stores!row=229 | Asset management/Store/Dashboard.xlsx#All Stores!row=230 | Asset management/Store/Dashboard.xlsx#All Stores!row=231 | Asset management/Store/Dashboard.xlsx#All Stores!row=232 | Asset management/Store/Dashboard.xlsx#All Stores!row=233 | Asset management/Store/Dashboard.xlsx#All Stores!row=234 | Asset management/Store/Dashboard.xlsx#All Stores!row=235 | Asset management/Store/Dashboard.xlsx#All Stores!row=236 | Asset management/Store/Dashboard.xlsx#All Stores!row=237 | Asset management/Store/Dashboard.xlsx#All Stores!row=238 | Asset management/Store/Dashboard.xlsx#All Stores!row=239 | Asset management/Store/Dashboard.xlsx#All Stores!row=240 | Asset management/Store/Dashboard.xlsx#All Stores!row=241 | Asset management/Store/Dashboard.xlsx#All Stores!row=242 | Asset management/Store/Dashboard.xlsx#All Stores!row=243 | Audit 2026 device/Data store/Audit/VA16.xlsx#VA16!row=2 | Audit 2026 device/Data store/Audit/VA16.xlsx#VA16!row=3 | Audit 2026 device/Data store/Audit/VA16.xlsx#VA16!row=4 | Audit 2026 device/Data store/Audit/VA16.xlsx#VA16!row=5 | Audit 2026 device/Data store/Audit/VA16.xlsx#VA16!row=6 | Audit 2026 device/Data store/Audit/VA16.xlsx#VA16!row=7 | Audit 2026 device/Data store/Audit/VA16.xlsx#VA16!row=8 | Audit 2026 device/Data store/Audit/VA16.xlsx#VA16!row=9 | Audit 2026 device/Data store/Audit/VA16.xlsx#VA16!row=10 | Audit 2026 device/Data store/Audit/VA16.xlsx#VA16!row=11 | Audit 2026 device/Data store/Audit/VA16.xlsx#VA16!row=12 | Audit 2026 device/Data store/Audit/VA16.xlsx#VA16!row=13 | Audit 2026 device/Data store/Audit/VA16.xlsx#VA16!row=14 | Audit 2026 device/Data store/Audit/VA16.xlsx#VA16!row=15 | Audit 2026 device/Data store/Audit/VA16.xlsx#VA16!row=16 | Audit 2026 device/Data store/Audit/VA16.xlsx#VA16!row=17 | Audit 2026 device/Data store/Audit/VA16.xlsx#VA16!row=18 | Audit 2026 device/Data store/Audit/VA16.xlsx#VA16!row=19 | Audit 2026 device/Data store/Audit/VA16.xlsx#VA16!row=20 | Audit 2026 device/Data store/Audit/VA16.xlsx#VA16!row=21 | Audit 2026 device/Data store/Audit/VA16.xlsx#VA16!row=23 | Audit 2026 device/Data store/Audit/VA16.xlsx#VA16!row=24 | Audit 2026 device/Data store/Audit/VA16.xlsx#VA16!row=25 | Audit 2026 device/Data store/Audit/VA16.xlsx#VA16!row=26 | Audit 2026 device/Data store/Audit/VA16.xlsx#VA16!row=27 | Audit 2026 device/Data store/Audit/VA16.xlsx#VA16!row=28 | Audit 2026 device/Data store/Audit/VA16.xlsx#VA16!row=29 | Audit 2026 device/Data store/Audit/VA16.xlsx#VA16!row=30 | Audit 2026 device/Data store/Audit/VA16.xlsx#VA16!row=31 | Audit 2026 device/Data store/Audit/VA16.xlsx#VA16!row=32,true
VA20,New Balance Outlet Lotte D7,,,,,,,MAP-VN,Audit 2026 device/Data store/Check List.xlsx#VN!row=15 | Audit 2026 device/Data store/Check List.xlsx#Sheet2!row=15 | Audit 2026 device/Data store/Check List.xlsx#Sheet2!row=24 | Audit 2026 device/Data store/Check List.xlsx#Sheet1!row=22 | Audit 2026 device/Data store/Firewall Serial Number.xlsx#Sheet1!row=14 | Audit 2026 device/Data store/Audit/VA20.xlsx | Asset management/Store/Details/VA20.xlsx | Asset management/Store/Dashboard.xlsx#All Stores!row=261 | Asset management/Store/Dashboard.xlsx#All Stores!row=262 | Asset management/Store/Dashboard.xlsx#All Stores!row=263 | Asset management/Store/Dashboard.xlsx#All Stores!row=264 | Asset management/Store/Dashboard.xlsx#All Stores!row=265 | Asset management/Store/Dashboard.xlsx#All Stores!row=266 | Asset management/Store/Dashboard.xlsx#All Stores!row=267 | Asset management/Store/Dashboard.xlsx#All Stores!row=268 | Asset management/Store/Dashboard.xlsx#All Stores!row=269 | Asset management/Store/Dashboard.xlsx#All Stores!row=270 | Asset management/Store/Dashboard.xlsx#All Stores!row=271 | Asset management/Store/Dashboard.xlsx#All Stores!row=272 | Asset management/Store/Dashboard.xlsx#All Stores!row=273 | Asset management/Store/Dashboard.xlsx#All Stores!row=274 | Asset management/Store/Dashboard.xlsx#All Stores!row=275 | Asset management/Store/Dashboard.xlsx#All Stores!row=276 | Asset management/Store/Dashboard.xlsx#All Stores!row=277 | Asset management/Store/Dashboard.xlsx#All Stores!row=278 | Asset management/Store/Dashboard.xlsx#All Stores!row=279 | Asset management/Store/Dashboard.xlsx#All Stores!row=280 | Asset management/Store/Dashboard.xlsx#All Stores!row=281 | Asset management/Store/Dashboard.xlsx#All Stores!row=282 | Asset management/Store/Dashboard.xlsx#All Stores!row=283 | Audit 2026 device/Data store/Audit/VA20.xlsx#VA20!row=2 | Audit 2026 device/Data store/Audit/VA20.xlsx#VA20!row=3 | Audit 2026 device/Data store/Audit/VA20.xlsx#VA20!row=4 | Audit 2026 device/Data store/Audit/VA20.xlsx#VA20!row=5 | Audit 2026 device/Data store/Audit/VA20.xlsx#VA20!row=5 | Audit 2026 device/Data store/Audit/VA20.xlsx#VA20!row=6 | Audit 2026 device/Data store/Audit/VA20.xlsx#VA20!row=6 | Audit 2026 device/Data store/Audit/VA20.xlsx#VA20!row=7 | Audit 2026 device/Data store/Audit/VA20.xlsx#VA20!row=8 | Audit 2026 device/Data store/Audit/VA20.xlsx#VA20!row=9 | Audit 2026 device/Data store/Audit/VA20.xlsx#VA20!row=10 | Audit 2026 device/Data store/Audit/VA20.xlsx#VA20!row=11 | Audit 2026 device/Data store/Audit/VA20.xlsx#VA20!row=11 | Audit 2026 device/Data store/Audit/VA20.xlsx#VA20!row=12 | Audit 2026 device/Data store/Audit/VA20.xlsx#VA20!row=13 | Audit 2026 device/Data store/Audit/VA20.xlsx#VA20!row=14 | Audit 2026 device/Data store/Audit/VA20.xlsx#VA20!row=15 | Audit 2026 device/Data store/Audit/VA20.xlsx#VA20!row=16 | Audit 2026 device/Data store/Audit/VA20.xlsx#VA20!row=17 | Audit 2026 device/Data store/Audit/VA20.xlsx#VA20!row=18 | Audit 2026 device/Data store/Audit/VA20.xlsx#VA20!row=19 | Audit 2026 device/Data store/Audit/VA20.xlsx#VA20!row=20 | Audit 2026 device/Data store/Audit/VA20.xlsx#VA20!row=21 | Audit 2026 device/Data store/Audit/VA20.xlsx#VA20!row=22 | Audit 2026 device/Data store/Audit/VA20.xlsx#VA20!row=23 | Audit 2026 device/Data store/Audit/VA20.xlsx#VA20!row=24,true
VA23,New Balance Lotte Department Store,,,,,,,MAP-VN,Audit 2026 device/Data store/Check List.xlsx#VN!row=16 | Audit 2026 device/Data store/Check List.xlsx#Sheet2!row=16 | Audit 2026 device/Data store/Check List.xlsx#Sheet2!row=27 | Audit 2026 device/Data store/Check List.xlsx#Sheet1!row=15 | Audit 2026 device/Data store/Check List.xlsx#Sheet1!row=38 | Audit 2026 device/Data store/Firewall Serial Number.xlsx#Sheet1!row=15 | Audit 2026 device/Data store/Audit/VA23.xlsx | Asset management/Store/Details/VA23.xlsx | Asset management/Store/Dashboard.xlsx#All Stores!row=284 | Asset management/Store/Dashboard.xlsx#All Stores!row=285 | Asset management/Store/Dashboard.xlsx#All Stores!row=286 | Asset management/Store/Dashboard.xlsx#All Stores!row=287 | Asset management/Store/Dashboard.xlsx#All Stores!row=288 | Asset management/Store/Dashboard.xlsx#All Stores!row=289 | Asset management/Store/Dashboard.xlsx#All Stores!row=290 | Audit 2026 device/Data store/Audit/VA23.xlsx#VA23!row=2 | Audit 2026 device/Data store/Audit/VA23.xlsx#VA23!row=3 | Audit 2026 device/Data store/Audit/VA23.xlsx#VA23!row=4 | Audit 2026 device/Data store/Audit/VA23.xlsx#VA23!row=5 | Audit 2026 device/Data store/Audit/VA23.xlsx#VA23!row=6 | Audit 2026 device/Data store/Audit/VA23.xlsx#VA23!row=7 | Audit 2026 device/Data store/Audit/VA23.xlsx#VA23!row=8,true
VH02,Skechers Lotte Department,,,,,,,MAP-VN,Audit 2026 device/Data store/Check List.xlsx#VN!row=17 | Audit 2026 device/Data store/Audit/VH02.xlsx | Asset management/Store/Details/VH02.xlsx | Asset management/Store/Dashboard.xlsx#All Stores!row=306 | Asset management/Store/Dashboard.xlsx#All Stores!row=307 | Asset management/Store/Dashboard.xlsx#All Stores!row=308 | Asset management/Store/Dashboard.xlsx#All Stores!row=309 | Asset management/Store/Dashboard.xlsx#All Stores!row=310 | Asset management/Store/Dashboard.xlsx#All Stores!row=311 | Asset management/Store/Dashboard.xlsx#All Stores!row=312 | Audit 2026 device/Data store/Audit/VH02.xlsx#VH02!row=2 | Audit 2026 device/Data store/Audit/VH02.xlsx#VH02!row=3 | Audit 2026 device/Data store/Audit/VH02.xlsx#VH02!row=4 | Audit 2026 device/Data store/Audit/VH02.xlsx#VH02!row=5 | Audit 2026 device/Data store/Audit/VH02.xlsx#VH02!row=6 | Audit 2026 device/Data store/Audit/VH02.xlsx#VH02!row=7 | Audit 2026 device/Data store/Audit/VH02.xlsx#VH02!row=8,true
VI03,Smiggle Estella,,,,,,,MAP-VN,Audit 2026 device/Data store/Check List.xlsx#VN!row=18 | Audit 2026 device/Data store/Check List.xlsx#Sheet2!row=13 | Audit 2026 device/Data store/Check List.xlsx#Sheet2!row=17 | Audit 2026 device/Data store/Check List.xlsx#Sheet1!row=16 | Audit 2026 device/Data store/Firewall Serial Number.xlsx#Sheet1!row=16 | Audit 2026 device/Data store/Audit/VI03.xlsx | Asset management/Store/Details/VI03.xlsx | Audit 2026 device/Data store/Audit/VI03.xlsx#VI03!row=2 | Audit 2026 device/Data store/Audit/VI03.xlsx#VI03!row=3 | Audit 2026 device/Data store/Audit/VI03.xlsx#VI03!row=4 | Audit 2026 device/Data store/Audit/VI03.xlsx#VI03!row=5 | Audit 2026 device/Data store/Audit/VI03.xlsx#VI03!row=6 | Audit 2026 device/Data store/Audit/VI03.xlsx#VI03!row=7 | Audit 2026 device/Data store/Audit/VI03.xlsx#VI03!row=8 | Audit 2026 device/Data store/Audit/VI03.xlsx#VI03!row=9 | Audit 2026 device/Data store/Audit/VI03.xlsx#VI03!row=10 | Audit 2026 device/Data store/Audit/VI03.xlsx#VI03!row=11,true
VN05,Converse Crescent mall,,,,,,,MAP-VN,Audit 2026 device/Data store/Check List.xlsx#VN!row=19 | Audit 2026 device/Data store/Check List.xlsx#Sheet2!row=4 | Audit 2026 device/Data store/Check List.xlsx#Sheet2!row=19 | Audit 2026 device/Data store/Check List.xlsx#Sheet1!row=30 | Audit 2026 device/Data store/Firewall Serial Number.xlsx#Sheet1!row=17 | Audit 2026 device/Data store/Audit/VN05.xlsx | Asset management/Store/Details/VN05.xlsx | Asset management/Store/Dashboard.xlsx#All Stores!row=313 | Asset management/Store/Dashboard.xlsx#All Stores!row=314 | Asset management/Store/Dashboard.xlsx#All Stores!row=315 | Asset management/Store/Dashboard.xlsx#All Stores!row=316 | Asset management/Store/Dashboard.xlsx#All Stores!row=317 | Asset management/Store/Dashboard.xlsx#All Stores!row=318 | Asset management/Store/Dashboard.xlsx#All Stores!row=319 | Asset management/Store/Dashboard.xlsx#All Stores!row=320 | Asset management/Store/Dashboard.xlsx#All Stores!row=321 | Asset management/Store/Dashboard.xlsx#All Stores!row=322 | Asset management/Store/Dashboard.xlsx#All Stores!row=323 | Asset management/Store/Dashboard.xlsx#All Stores!row=324 | Asset management/Store/Dashboard.xlsx#All Stores!row=325 | Asset management/Store/Dashboard.xlsx#All Stores!row=326 | Asset management/Store/Dashboard.xlsx#All Stores!row=327 | Asset management/Store/Dashboard.xlsx#All Stores!row=328 | Audit 2026 device/Data store/Audit/VN05.xlsx#VN05!row=2 | Audit 2026 device/Data store/Audit/VN05.xlsx#VN05!row=3 | Audit 2026 device/Data store/Audit/VN05.xlsx#VN05!row=4 | Audit 2026 device/Data store/Audit/VN05.xlsx#VN05!row=5 | Audit 2026 device/Data store/Audit/VN05.xlsx#VN05!row=6 | Audit 2026 device/Data store/Audit/VN05.xlsx#VN05!row=7 | Audit 2026 device/Data store/Audit/VN05.xlsx#VN05!row=8 | Audit 2026 device/Data store/Audit/VN05.xlsx#VN05!row=9 | Audit 2026 device/Data store/Audit/VN05.xlsx#VN05!row=10 | Audit 2026 device/Data store/Audit/VN05.xlsx#VN05!row=11 | Audit 2026 device/Data store/Audit/VN05.xlsx#VN05!row=12 | Audit 2026 device/Data store/Audit/VN05.xlsx#VN05!row=13 | Audit 2026 device/Data store/Audit/VN05.xlsx#VN05!row=14 | Audit 2026 device/Data store/Audit/VN05.xlsx#VN05!row=15 | Audit 2026 device/Data store/Audit/VN05.xlsx#VN05!row=16 | Audit 2026 device/Data store/Audit/VN05.xlsx#VN05!row=17,true
VN06,Converse Lotte Department Store,,,,,,,MAP-VN,Audit 2026 device/Data store/Check List.xlsx#VN!row=20 | Audit 2026 device/Data store/Check List.xlsx#Sheet2!row=20 | Audit 2026 device/Data store/Check List.xlsx#Sheet2!row=28 | Audit 2026 device/Data store/Check List.xlsx#Sheet1!row=16 | Audit 2026 device/Data store/Check List.xlsx#Sheet1!row=39 | Audit 2026 device/Data store/Firewall Serial Number.xlsx#Sheet1!row=18 | Audit 2026 device/Data store/!!!/VN06.xlsx | Audit 2026 device/Data store/!!!/VN06.xlsx#VN06!row=2 | Audit 2026 device/Data store/!!!/VN06.xlsx#VN06!row=3 | Audit 2026 device/Data store/!!!/VN06.xlsx#VN06!row=4 | Audit 2026 device/Data store/!!!/VN06.xlsx#VN06!row=5 | Audit 2026 device/Data store/!!!/VN06.xlsx#VN06!row=6 | Audit 2026 device/Data store/!!!/VN06.xlsx#VN06!row=7 | Audit 2026 device/Data store/!!!/VN06.xlsx#VN06!row=8 | Audit 2026 device/Data store/!!!/VN06.xlsx#VN06!row=9 | Audit 2026 device/Data store/!!!/VN06.xlsx#VN06!row=10,true
VN07,Converse Nguyen Trai D1,,,,,,,MAP-VN,Audit 2026 device/Data store/Check List.xlsx#VN!row=21 | Audit 2026 device/Data store/Check List.xlsx#Sheet2!row=5 | Audit 2026 device/Data store/Check List.xlsx#Sheet2!row=21 | Audit 2026 device/Data store/Check List.xlsx#Sheet1!row=31 | Audit 2026 device/Data store/Firewall Serial Number.xlsx#Sheet1!row=19 | Audit 2026 device/Data store/Audit/VN07.xlsx | Asset management/Store/Details/VN07.xlsx | Asset management/Store/Dashboard.xlsx#All Stores!row=329 | Asset management/Store/Dashboard.xlsx#All Stores!row=330 | Asset management/Store/Dashboard.xlsx#All Stores!row=331 | Asset management/Store/Dashboard.xlsx#All Stores!row=332 | Asset management/Store/Dashboard.xlsx#All Stores!row=333 | Asset management/Store/Dashboard.xlsx#All Stores!row=334 | Asset management/Store/Dashboard.xlsx#All Stores!row=335 | Asset management/Store/Dashboard.xlsx#All Stores!row=336 | Asset management/Store/Dashboard.xlsx#All Stores!row=337 | Asset management/Store/Dashboard.xlsx#All Stores!row=338 | Asset management/Store/Dashboard.xlsx#All Stores!row=339 | Asset management/Store/Dashboard.xlsx#All Stores!row=340 | Audit 2026 device/Data store/Audit/VN07.xlsx#VN07!row=2 | Audit 2026 device/Data store/Audit/VN07.xlsx#VN07!row=3 | Audit 2026 device/Data store/Audit/VN07.xlsx#VN07!row=4 | Audit 2026 device/Data store/Audit/VN07.xlsx#VN07!row=5 | Audit 2026 device/Data store/Audit/VN07.xlsx#VN07!row=6 | Audit 2026 device/Data store/Audit/VN07.xlsx#VN07!row=7 | Audit 2026 device/Data store/Audit/VN07.xlsx#VN07!row=8 | Audit 2026 device/Data store/Audit/VN07.xlsx#VN07!row=9 | Audit 2026 device/Data store/Audit/VN07.xlsx#VN07!row=10 | Audit 2026 device/Data store/Audit/VN07.xlsx#VN07!row=11 | Audit 2026 device/Data store/Audit/VN07.xlsx#VN07!row=12 | Audit 2026 device/Data store/Audit/VN07.xlsx#VN07!row=13,true
VN09,Converse Aeon Canary,,,,,,,MAP-VN,Audit 2026 device/Data store/Check List.xlsx#VN!row=22 | Audit 2026 device/Data store/Check List.xlsx#Sheet2!row=7 | Audit 2026 device/Data store/Check List.xlsx#Sheet2!row=23 | Audit 2026 device/Data store/Check List.xlsx#Sheet1!row=23 | Audit 2026 device/Data store/Firewall Serial Number.xlsx#Sheet1!row=20 | Audit 2026 device/Data store/Audit/VN09.xlsx | Asset management/Store/Details/VN09.xlsx | Asset management/Store/Dashboard.xlsx#All Stores!row=341 | Asset management/Store/Dashboard.xlsx#All Stores!row=342 | Asset management/Store/Dashboard.xlsx#All Stores!row=343 | Asset management/Store/Dashboard.xlsx#All Stores!row=344 | Asset management/Store/Dashboard.xlsx#All Stores!row=345 | Asset management/Store/Dashboard.xlsx#All Stores!row=346 | Asset management/Store/Dashboard.xlsx#All Stores!row=347 | Asset management/Store/Dashboard.xlsx#All Stores!row=348 | Asset management/Store/Dashboard.xlsx#All Stores!row=349 | Asset management/Store/Dashboard.xlsx#All Stores!row=350 | Asset management/Store/Dashboard.xlsx#All Stores!row=351 | Asset management/Store/Dashboard.xlsx#All Stores!row=352 | Asset management/Store/Dashboard.xlsx#All Stores!row=353 | Asset management/Store/Dashboard.xlsx#All Stores!row=354 | Audit 2026 device/Data store/Audit/VN09.xlsx#VN09!row=2 | Audit 2026 device/Data store/Audit/VN09.xlsx#VN09!row=3 | Audit 2026 device/Data store/Audit/VN09.xlsx#VN09!row=4 | Audit 2026 device/Data store/Audit/VN09.xlsx#VN09!row=5 | Audit 2026 device/Data store/Audit/VN09.xlsx#VN09!row=6 | Audit 2026 device/Data store/Audit/VN09.xlsx#VN09!row=7 | Audit 2026 device/Data store/Audit/VN09.xlsx#VN09!row=8 | Audit 2026 device/Data store/Audit/VN09.xlsx#VN09!row=9 | Audit 2026 device/Data store/Audit/VN09.xlsx#VN09!row=10 | Audit 2026 device/Data store/Audit/VN09.xlsx#VN09!row=11 | Audit 2026 device/Data store/Audit/VN09.xlsx#VN09!row=12 | Audit 2026 device/Data store/Audit/VN09.xlsx#VN09!row=13 | Audit 2026 device/Data store/Audit/VN09.xlsx#VN09!row=14 | Audit 2026 device/Data store/Audit/VN09.xlsx#VN09!row=15,true
VN10,Converse Aeon Binh Tan,,,,,,,MAP-VN,Audit 2026 device/Data store/Check List.xlsx#VN!row=23 | Audit 2026 device/Data store/Check List.xlsx#Sheet2!row=8 | Audit 2026 device/Data store/Check List.xlsx#Sheet2!row=24 | Audit 2026 device/Data store/Check List.xlsx#Sheet1!row=24 | Audit 2026 device/Data store/Firewall Serial Number.xlsx#Sheet1!row=21 | Audit 2026 device/Data store/Audit/VN10.xlsx | Asset management/Store/Details/VN10.xlsx | Asset management/Store/Dashboard.xlsx#All Stores!row=355 | Asset management/Store/Dashboard.xlsx#All Stores!row=356 | Asset management/Store/Dashboard.xlsx#All Stores!row=357 | Asset management/Store/Dashboard.xlsx#All Stores!row=358 | Asset management/Store/Dashboard.xlsx#All Stores!row=359 | Asset management/Store/Dashboard.xlsx#All Stores!row=360 | Asset management/Store/Dashboard.xlsx#All Stores!row=361 | Asset management/Store/Dashboard.xlsx#All Stores!row=362 | Asset management/Store/Dashboard.xlsx#All Stores!row=363 | Asset management/Store/Dashboard.xlsx#All Stores!row=364 | Asset management/Store/Dashboard.xlsx#All Stores!row=365 | Asset management/Store/Dashboard.xlsx#All Stores!row=366 | Audit 2026 device/Data store/Audit/VN10.xlsx#VN10!row=2 | Audit 2026 device/Data store/Audit/VN10.xlsx#VN10!row=3 | Audit 2026 device/Data store/Audit/VN10.xlsx#VN10!row=4 | Audit 2026 device/Data store/Audit/VN10.xlsx#VN10!row=5 | Audit 2026 device/Data store/Audit/VN10.xlsx#VN10!row=6 | Audit 2026 device/Data store/Audit/VN10.xlsx#VN10!row=7 | Audit 2026 device/Data store/Audit/VN10.xlsx#VN10!row=8 | Audit 2026 device/Data store/Audit/VN10.xlsx#VN10!row=9 | Audit 2026 device/Data store/Audit/VN10.xlsx#VN10!row=10 | Audit 2026 device/Data store/Audit/VN10.xlsx#VN10!row=11 | Audit 2026 device/Data store/Audit/VN10.xlsx#VN10!row=12 | Audit 2026 device/Data store/Audit/VN10.xlsx#VN10!row=13,true
VN12,Converse Lotte mall,,,,,,,MAP-VN,Audit 2026 device/Data store/Check List.xlsx#VN!row=24 | Audit 2026 device/Data store/Check List.xlsx#Sheet2!row=25 | Audit 2026 device/Data store/Check List.xlsx#Sheet2!row=29 | Audit 2026 device/Data store/Check List.xlsx#Sheet1!row=17 | Audit 2026 device/Data store/Check List.xlsx#Sheet1!row=40 | Audit 2026 device/Data store/Firewall Serial Number.xlsx#Sheet1!row=22 | Audit 2026 device/Data store/!!!/VN12.xlsx | Audit 2026 device/Data store/!!!/VN12.xlsx#VN12!row=2 | Audit 2026 device/Data store/!!!/VN12.xlsx#VN12!row=3 | Audit 2026 device/Data store/!!!/VN12.xlsx#VN12!row=4 | Audit 2026 device/Data store/!!!/VN12.xlsx#VN12!row=5 | Audit 2026 device/Data store/!!!/VN12.xlsx#VN12!row=6 | Audit 2026 device/Data store/!!!/VN12.xlsx#VN12!row=7 | Audit 2026 device/Data store/!!!/VN12.xlsx#VN12!row=8 | Audit 2026 device/Data store/!!!/VN12.xlsx#VN12!row=9 | Audit 2026 device/Data store/!!!/VN12.xlsx#VN12!row=10 | Audit 2026 device/Data store/!!!/VN12.xlsx#VN12!row=11,true
VN16,Converse Ba Thang Hai D10,,,,,,,MAP-VN,Audit 2026 device/Data store/Check List.xlsx#VN!row=25 | Audit 2026 device/Data store/Check List.xlsx#Sheet2!row=6 | Audit 2026 device/Data store/Check List.xlsx#Sheet2!row=26 | Audit 2026 device/Data store/Check List.xlsx#Sheet1!row=33 | Audit 2026 device/Data store/Firewall Serial Number.xlsx#Sheet1!row=23 | Audit 2026 device/Data store/Audit/VN16.xlsx | Asset management/Store/Details/VN16.xlsx | Asset management/Store/Dashboard.xlsx#All Stores!row=367 | Asset management/Store/Dashboard.xlsx#All Stores!row=368 | Asset management/Store/Dashboard.xlsx#All Stores!row=369 | Asset management/Store/Dashboard.xlsx#All Stores!row=370 | Asset management/Store/Dashboard.xlsx#All Stores!row=371 | Asset management/Store/Dashboard.xlsx#All Stores!row=372 | Asset management/Store/Dashboard.xlsx#All Stores!row=373 | Asset management/Store/Dashboard.xlsx#All Stores!row=374 | Asset management/Store/Dashboard.xlsx#All Stores!row=375 | Asset management/Store/Dashboard.xlsx#All Stores!row=376 | Asset management/Store/Dashboard.xlsx#All Stores!row=377 | Asset management/Store/Dashboard.xlsx#All Stores!row=378 | Asset management/Store/Dashboard.xlsx#All Stores!row=379 | Asset management/Store/Dashboard.xlsx#All Stores!row=380 | Asset management/Store/Dashboard.xlsx#All Stores!row=381 | Asset management/Store/Dashboard.xlsx#All Stores!row=382 | Audit 2026 device/Data store/Audit/VN16.xlsx#VN16!row=2 | Audit 2026 device/Data store/Audit/VN16.xlsx#VN16!row=3 | Audit 2026 device/Data store/Audit/VN16.xlsx#VN16!row=4 | Audit 2026 device/Data store/Audit/VN16.xlsx#VN16!row=5 | Audit 2026 device/Data store/Audit/VN16.xlsx#VN16!row=6 | Audit 2026 device/Data store/Audit/VN16.xlsx#VN16!row=7 | Audit 2026 device/Data store/Audit/VN16.xlsx#VN16!row=8 | Audit 2026 device/Data store/Audit/VN16.xlsx#VN16!row=9 | Audit 2026 device/Data store/Audit/VN16.xlsx#VN16!row=10 | Audit 2026 device/Data store/Audit/VN16.xlsx#VN16!row=11 | Audit 2026 device/Data store/Audit/VN16.xlsx#VN16!row=12 | Audit 2026 device/Data store/Audit/VN16.xlsx#VN16!row=13 | Audit 2026 device/Data store/Audit/VN16.xlsx#VN16!row=14 | Audit 2026 device/Data store/Audit/VN16.xlsx#VN16!row=15 | Audit 2026 device/Data store/Audit/VN16.xlsx#VN16!row=16 | Audit 2026 device/Data store/Audit/VN16.xlsx#VN16!row=17,true
VN19,Converse Gold Coast,,,,,,,MAP-VN,Audit 2026 device/Data store/Check List.xlsx#VN!row=26 | Audit 2026 device/Data store/Check List.xlsx#Sheet2!row=10 | Audit 2026 device/Data store/Check List.xlsx#Sheet2!row=27 | Audit 2026 device/Data store/Check List.xlsx#Sheet1!row=34 | Audit 2026 device/Data store/Firewall Serial Number.xlsx#Sheet1!row=24 | Audit 2026 device/Data store/Audit/VN19.xlsx | Asset management/Store/Details/VN19.xlsx | Asset management/Store/Dashboard.xlsx#All Stores!row=383 | Asset management/Store/Dashboard.xlsx#All Stores!row=384 | Asset management/Store/Dashboard.xlsx#All Stores!row=385 | Asset management/Store/Dashboard.xlsx#All Stores!row=386 | Asset management/Store/Dashboard.xlsx#All Stores!row=387 | Asset management/Store/Dashboard.xlsx#All Stores!row=388 | Asset management/Store/Dashboard.xlsx#All Stores!row=389 | Asset management/Store/Dashboard.xlsx#All Stores!row=390 | Audit 2026 device/Data store/Audit/VN19.xlsx#VN19!row=2 | Audit 2026 device/Data store/Audit/VN19.xlsx#VN19!row=3 | Audit 2026 device/Data store/Audit/VN19.xlsx#VN19!row=4 | Audit 2026 device/Data store/Audit/VN19.xlsx#VN19!row=5 | Audit 2026 device/Data store/Audit/VN19.xlsx#VN19!row=6 | Audit 2026 device/Data store/Audit/VN19.xlsx#VN19!row=7 | Audit 2026 device/Data store/Audit/VN19.xlsx#VN19!row=8 | Audit 2026 device/Data store/Audit/VN19.xlsx#VN19!row=9,true
VN27,Converse CFS Quang Trung,,,,,,,MAP-VN,Audit 2026 device/Data store/Check List.xlsx#VN!row=27 | Audit 2026 device/Data store/Check List.xlsx#Sheet2!row=12 | Audit 2026 device/Data store/Check List.xlsx#Sheet2!row=28 | Audit 2026 device/Data store/Check List.xlsx#Sheet1!row=18 | Audit 2026 device/Data store/Firewall Serial Number.xlsx#Sheet1!row=26 | Audit 2026 device/Data store/Audit/VN27.xlsx | Asset management/Store/Details/VN27.xlsx | Asset management/Store/Dashboard.xlsx#All Stores!row=391 | Asset management/Store/Dashboard.xlsx#All Stores!row=392 | Asset management/Store/Dashboard.xlsx#All Stores!row=393 | Asset management/Store/Dashboard.xlsx#All Stores!row=394 | Asset management/Store/Dashboard.xlsx#All Stores!row=395 | Asset management/Store/Dashboard.xlsx#All Stores!row=396 | Asset management/Store/Dashboard.xlsx#All Stores!row=397 | Asset management/Store/Dashboard.xlsx#All Stores!row=398 | Asset management/Store/Dashboard.xlsx#All Stores!row=399 | Asset management/Store/Dashboard.xlsx#All Stores!row=400 | Asset management/Store/Dashboard.xlsx#All Stores!row=401 | Asset management/Store/Dashboard.xlsx#All Stores!row=402 | Asset management/Store/Dashboard.xlsx#All Stores!row=403 | Asset management/Store/Dashboard.xlsx#All Stores!row=404 | Asset management/Store/Dashboard.xlsx#All Stores!row=405 | Asset management/Store/Dashboard.xlsx#All Stores!row=406 | Asset management/Store/Dashboard.xlsx#All Stores!row=407 | Asset management/Store/Dashboard.xlsx#All Stores!row=408 | Asset management/Store/Dashboard.xlsx#All Stores!row=409 | Asset management/Store/Dashboard.xlsx#All Stores!row=410 | Asset management/Store/Dashboard.xlsx#All Stores!row=411 | Asset management/Store/Dashboard.xlsx#All Stores!row=412 | Asset management/Store/Dashboard.xlsx#All Stores!row=413 | Asset management/Store/Dashboard.xlsx#All Stores!row=414 | Asset management/Store/Dashboard.xlsx#All Stores!row=415 | Asset management/Store/Dashboard.xlsx#All Stores!row=416 | Asset management/Store/Dashboard.xlsx#All Stores!row=417 | Audit 2026 device/Data store/Audit/VN27.xlsx#VN27!row=2 | Audit 2026 device/Data store/Audit/VN27.xlsx#VN27!row=3 | Audit 2026 device/Data store/Audit/VN27.xlsx#VN27!row=4 | Audit 2026 device/Data store/Audit/VN27.xlsx#VN27!row=5 | Audit 2026 device/Data store/Audit/VN27.xlsx#VN27!row=6 | Audit 2026 device/Data store/Audit/VN27.xlsx#VN27!row=7 | Audit 2026 device/Data store/Audit/VN27.xlsx#VN27!row=8 | Audit 2026 device/Data store/Audit/VN27.xlsx#VN27!row=9 | Audit 2026 device/Data store/Audit/VN27.xlsx#VN27!row=10 | Audit 2026 device/Data store/Audit/VN27.xlsx#VN27!row=11 | Audit 2026 device/Data store/Audit/VN27.xlsx#VN27!row=12 | Audit 2026 device/Data store/Audit/VN27.xlsx#VN27!row=13 | Audit 2026 device/Data store/Audit/VN27.xlsx#VN27!row=14 | Audit 2026 device/Data store/Audit/VN27.xlsx#VN27!row=15 | Audit 2026 device/Data store/Audit/VN27.xlsx#VN27!row=16 | Audit 2026 device/Data store/Audit/VN27.xlsx#VN27!row=17 | Audit 2026 device/Data store/Audit/VN27.xlsx#VN27!row=19 | Audit 2026 device/Data store/Audit/VN27.xlsx#VN27!row=20 | Audit 2026 device/Data store/Audit/VN27.xlsx#VN27!row=21 | Audit 2026 device/Data store/Audit/VN27.xlsx#VN27!row=22 | Audit 2026 device/Data store/Audit/VN27.xlsx#VN27!row=23 | Audit 2026 device/Data store/Audit/VN27.xlsx#VN27!row=24 | Audit 2026 device/Data store/Audit/VN27.xlsx#VN27!row=25 | Audit 2026 device/Data store/Audit/VN27.xlsx#VN27!row=26 | Audit 2026 device/Data store/Audit/VN27.xlsx#VN27!row=27 | Audit 2026 device/Data store/Audit/VN27.xlsx#VN27!row=28,true
VO02,Footlocker Lotte mall,,,,,,,MAP-VN,Audit 2026 device/Data store/Check List.xlsx#VN!row=28 | Audit 2026 device/Data store/Check List.xlsx#Sheet2!row=29 | Audit 2026 device/Data store/Check List.xlsx#Sheet2!row=31 | Audit 2026 device/Data store/Check List.xlsx#Sheet1!row=18 | Audit 2026 device/Data store/Check List.xlsx#Sheet1!row=41 | Audit 2026 device/Data store/Firewall Serial Number.xlsx#Sheet1!row=27 | Audit 2026 device/Data store/Audit/VO02.xlsx | Asset management/Store/Details/VO02.xlsx | Asset management/Store/Dashboard.xlsx#All Stores!row=435 | Asset management/Store/Dashboard.xlsx#All Stores!row=436 | Asset management/Store/Dashboard.xlsx#All Stores!row=437 | Asset management/Store/Dashboard.xlsx#All Stores!row=438 | Asset management/Store/Dashboard.xlsx#All Stores!row=439 | Asset management/Store/Dashboard.xlsx#All Stores!row=440 | Asset management/Store/Dashboard.xlsx#All Stores!row=441 | Asset management/Store/Dashboard.xlsx#All Stores!row=442 | Asset management/Store/Dashboard.xlsx#All Stores!row=443 | Asset management/Store/Dashboard.xlsx#All Stores!row=444 | Asset management/Store/Dashboard.xlsx#All Stores!row=445 | Asset management/Store/Dashboard.xlsx#All Stores!row=446 | Asset management/Store/Dashboard.xlsx#All Stores!row=447 | Asset management/Store/Dashboard.xlsx#All Stores!row=448 | Asset management/Store/Dashboard.xlsx#All Stores!row=449 | Asset management/Store/Dashboard.xlsx#All Stores!row=450 | Asset management/Store/Dashboard.xlsx#All Stores!row=451 | Asset management/Store/Dashboard.xlsx#All Stores!row=452 | Asset management/Store/Dashboard.xlsx#All Stores!row=453 | Asset management/Store/Dashboard.xlsx#All Stores!row=454 | Asset management/Store/Dashboard.xlsx#All Stores!row=455 | Asset management/Store/Dashboard.xlsx#All Stores!row=456 | Asset management/Store/Dashboard.xlsx#All Stores!row=457 | Asset management/Store/Dashboard.xlsx#All Stores!row=458 | Asset management/Store/Dashboard.xlsx#All Stores!row=459 | Asset management/Store/Dashboard.xlsx#All Stores!row=460 | Asset management/Store/Dashboard.xlsx#All Stores!row=461 | Asset management/Store/Dashboard.xlsx#All Stores!row=462 | Asset management/Store/Dashboard.xlsx#All Stores!row=463 | Asset management/Store/Dashboard.xlsx#All Stores!row=464 | Asset management/Store/Dashboard.xlsx#All Stores!row=465 | Asset management/Store/Dashboard.xlsx#All Stores!row=466 | Asset management/Store/Dashboard.xlsx#All Stores!row=467 | Asset management/Store/Dashboard.xlsx#All Stores!row=468 | Asset management/Store/Dashboard.xlsx#All Stores!row=469 | Asset management/Store/Dashboard.xlsx#All Stores!row=470 | Asset management/Store/Dashboard.xlsx#All Stores!row=471 | Asset management/Store/Dashboard.xlsx#All Stores!row=472 | Asset management/Store/Dashboard.xlsx#All Stores!row=473 | Asset management/Store/Dashboard.xlsx#All Stores!row=474 | Asset management/Store/Dashboard.xlsx#All Stores!row=475 | Asset management/Store/Dashboard.xlsx#All Stores!row=476 | Asset management/Store/Dashboard.xlsx#All Stores!row=477 | Asset management/Store/Dashboard.xlsx#All Stores!row=478 | Asset management/Store/Dashboard.xlsx#All Stores!row=479 | Asset management/Store/Dashboard.xlsx#All Stores!row=480 | Asset management/Store/Dashboard.xlsx#All Stores!row=481 | Asset management/Store/Dashboard.xlsx#All Stores!row=482 | Asset management/Store/Dashboard.xlsx#All Stores!row=483 | Asset management/Store/Dashboard.xlsx#All Stores!row=484 | Asset management/Store/Dashboard.xlsx#All Stores!row=485 | Asset management/Store/Dashboard.xlsx#All Stores!row=486 | Asset management/Store/Dashboard.xlsx#All Stores!row=487 | Asset management/Store/Dashboard.xlsx#All Stores!row=488 | Asset management/Store/Dashboard.xlsx#All Stores!row=489 | Asset management/Store/Dashboard.xlsx#All Stores!row=490 | Asset management/Store/Dashboard.xlsx#All Stores!row=491 | Audit 2026 device/Data store/Audit/VO02.xlsx#VO02!row=2 | Audit 2026 device/Data store/Audit/VO02.xlsx#VO02!row=3 | Audit 2026 device/Data store/Audit/VO02.xlsx#VO02!row=4 | Audit 2026 device/Data store/Audit/VO02.xlsx#VO02!row=5 | Audit 2026 device/Data store/Audit/VO02.xlsx#VO02!row=6 | Audit 2026 device/Data store/Audit/VO02.xlsx#VO02!row=7 | Audit 2026 device/Data store/Audit/VO02.xlsx#VO02!row=8 | Audit 2026 device/Data store/Audit/VO02.xlsx#VO02!row=9 | Audit 2026 device/Data store/Audit/VO02.xlsx#VO02!row=10 | Audit 2026 device/Data store/Audit/VO02.xlsx#VO02!row=11 | Audit 2026 device/Data store/Audit/VO02.xlsx#VO02!row=12 | Audit 2026 device/Data store/Audit/VO02.xlsx#VO02!row=13 | Audit 2026 device/Data store/Audit/VO02.xlsx#VO02!row=14 | Audit 2026 device/Data store/Audit/VO02.xlsx#VO02!row=15 | Audit 2026 device/Data store/Audit/VO02.xlsx#VO02!row=16 | Audit 2026 device/Data store/Audit/VO02.xlsx#VO02!row=17 | Audit 2026 device/Data store/Audit/VO02.xlsx#VO02!row=18 | Audit 2026 device/Data store/Audit/VO02.xlsx#VO02!row=19 | Audit 2026 device/Data store/Audit/VO02.xlsx#VO02!row=20 | Audit 2026 device/Data store/Audit/VO02.xlsx#VO02!row=21 | Audit 2026 device/Data store/Audit/VO02.xlsx#VO02!row=22 | Audit 2026 device/Data store/Audit/VO02.xlsx#VO02!row=23 | Audit 2026 device/Data store/Audit/VO02.xlsx#VO02!row=24 | Audit 2026 device/Data store/Audit/VO02.xlsx#VO02!row=25 | Audit 2026 device/Data store/Audit/VO02.xlsx#VO02!row=26 | Audit 2026 device/Data store/Audit/VO02.xlsx#VO02!row=27 | Audit 2026 device/Data store/Audit/VO02.xlsx#VO02!row=28 | Audit 2026 device/Data store/Audit/VO02.xlsx#VO02!row=29 | Audit 2026 device/Data store/Audit/VO02.xlsx#VO02!row=30 | Audit 2026 device/Data store/Audit/VO02.xlsx#VO02!row=31 | Audit 2026 device/Data store/Audit/VO02.xlsx#VO02!row=32 | Audit 2026 device/Data store/Audit/VO02.xlsx#VO02!row=33 | Audit 2026 device/Data store/Audit/VO02.xlsx#VO02!row=34 | Audit 2026 device/Data store/Audit/VO02.xlsx#VO02!row=35 | Audit 2026 device/Data store/Audit/VO02.xlsx#VO02!row=36 | Audit 2026 device/Data store/Audit/VO02.xlsx#VO02!row=37 | Audit 2026 device/Data store/Audit/VO02.xlsx#VO02!row=38 | Audit 2026 device/Data store/Audit/VO02.xlsx#VO02!row=39 | Audit 2026 device/Data store/Audit/VO02.xlsx#VO02!row=40 | Audit 2026 device/Data store/Audit/VO02.xlsx#VO02!row=41 | Audit 2026 device/Data store/Audit/VO02.xlsx#VO02!row=42 | Audit 2026 device/Data store/Audit/VO02.xlsx#VO02!row=43 | Audit 2026 device/Data store/Audit/VO02.xlsx#VO02!row=44 | Audit 2026 device/Data store/Audit/VO02.xlsx#VO02!row=45 | Audit 2026 device/Data store/Audit/VO02.xlsx#VO02!row=46 | Audit 2026 device/Data store/Audit/VO02.xlsx#VO02!row=47 | Audit 2026 device/Data store/Audit/VO02.xlsx#VO02!row=48 | Audit 2026 device/Data store/Audit/VO02.xlsx#VO02!row=49 | Audit 2026 device/Data store/Audit/VO02.xlsx#VO02!row=50 | Audit 2026 device/Data store/Audit/VO02.xlsx#VO02!row=51 | Audit 2026 device/Data store/Audit/VO02.xlsx#VO02!row=52 | Audit 2026 device/Data store/Audit/VO02.xlsx#VO02!row=53 | Audit 2026 device/Data store/Audit/VO02.xlsx#VO02!row=54 | Audit 2026 device/Data store/Audit/VO02.xlsx#VO02!row=55 | Audit 2026 device/Data store/Audit/VO02.xlsx#VO02!row=56 | Audit 2026 device/Data store/Audit/VO02.xlsx#VO02!row=57 | Audit 2026 device/Data store/Audit/VO02.xlsx#VO02!row=57 | Audit 2026 device/Data store/Audit/VO02.xlsx#VO02!row=57 | Audit 2026 device/Data store/Audit/VO02.xlsx#VO02!row=57 | Audit 2026 device/Data store/Audit/VO02.xlsx#VO02!row=57 | Audit 2026 device/Data store/Audit/VO02.xlsx#VO02!row=58 | Audit 2026 device/Data store/Audit/VO02.xlsx#VO02!row=58 | Audit 2026 device/Data store/Audit/VO02.xlsx#VO02!row=58 | Audit 2026 device/Data store/Audit/VO02.xlsx#VO02!row=58 | Audit 2026 device/Data store/Audit/VO02.xlsx#VO02!row=58,true
VN03,DAO DUC HUY,,,,,,,MAP-VN,Audit 2026 device/Data store/Check List.xlsx#Sheet2!row=3 | Audit 2026 device/Data store/Check List.xlsx#Sheet2!row=18 | Audit 2026 device/Data store/Check List.xlsx#Sheet1!row=17,false
VN08,VO LAM MINH DAT,,,,,,,MAP-VN,Audit 2026 device/Data store/Check List.xlsx#Sheet2!row=9 | Audit 2026 device/Data store/Check List.xlsx#Sheet2!row=22 | Audit 2026 device/Data store/Check List.xlsx#Sheet1!row=32,false
ZV31,VO LAM MINH DAT,,,,,,,MAP-VN,Audit 2026 device/Data store/Check List.xlsx#Sheet2!row=11 | Audit 2026 device/Data store/Check List.xlsx#Sheet2!row=30 | Audit 2026 device/Data store/Check List.xlsx#Sheet1!row=35 | Asset management/Office/Office assets.xlsx#Sheet1!row=40,true
ZV33,DUONG QUANG MINH TUAN,,,,,,,MAP-VN,Audit 2026 device/Data store/Check List.xlsx#Sheet2!row=25 | Audit 2026 device/Data store/Check List.xlsx#Sheet2!row=32 | Audit 2026 device/Data store/Check List.xlsx#Sheet1!row=25,false
ZV32,NHUNG,,,,,,,MAP-VN,Audit 2026 device/Data store/Check List.xlsx#Sheet2!row=31 | Audit 2026 device/Data store/Check List.xlsx#Sheet2!row=32 | Audit 2026 device/Data store/Check List.xlsx#Sheet1!row=19 | Audit 2026 device/Data store/Check List.xlsx#Sheet1!row=42,false
K702,Crocs Chip Mong 271 Mega Mall,,,,,,,MAP-VN,Audit 2026 device/Data store/Check List.xlsx#CB!row=3,false
K703,Crocs Aeon Mall Mean Chey (Aeon Mall 3),,,,,,,MAP-VN,Audit 2026 device/Data store/Check List.xlsx#CB!row=4,false
K704,Crocs Aeon Mall Sen Sok City (Aeon Mall 2),,,,,,,MAP-VN,Audit 2026 device/Data store/Check List.xlsx#CB!row=5,false
K705,Crocs Aeon Mall Phnom Penh (Aeon Mall 1),,,,,,,MAP-VN,Audit 2026 device/Data store/Check List.xlsx#CB!row=6,false
NH02,New Balance Chip Mong 271 Mega Mall,,,,,,,MAP-VN,Audit 2026 device/Data store/Check List.xlsx#CB!row=7,false
NH03,New Balance Aeon Mall Mean Chey (Aeon Mall 3),,,,,,,MAP-VN,Audit 2026 device/Data store/Check List.xlsx#CB!row=8,false
NH04,New Balance Aeon Mall Sen Sok City (Aeon Mall 2),,,,,,,MAP-VN,Audit 2026 device/Data store/Check List.xlsx#CB!row=9,false
NH01,New Balance Aeon Mall Phnom Penh (Aeon Mall 1),,,,,,,MAP-VN,Audit 2026 device/Data store/Check List.xlsx#CB!row=10,false
K707,Crocs Prince Mall SHV,,,,,,,MAP-VN,Audit 2026 device/Data store/Check List.xlsx#CB!row=11,false
NH05,New Balance Prince Mall SHV,,,,,,,MAP-VN,Audit 2026 device/Data store/Check List.xlsx#CB!row=12,false
C804,Bazaar Multi Chip Mong Sensok,,,,,,,MAP-VN,Audit 2026 device/Data store/Check List.xlsx#CB!row=13,false
VN22,VN22,,,,,,,MAP-VN,Audit 2026 device/Data store/Firewall Serial Number.xlsx#Sheet1!row=25,true
VA19,VA19,,,,,,,MAP-VN,Audit 2026 device/Data store/Firewall Serial Number.xlsx#Sheet1!row=28 | Audit 2026 device/Data store/Audit/VA19.xlsx | Asset management/Store/Details/VA19.xlsx | Asset management/Store/Dashboard.xlsx#All Stores!row=244 | Asset management/Store/Dashboard.xlsx#All Stores!row=245 | Asset management/Store/Dashboard.xlsx#All Stores!row=246 | Asset management/Store/Dashboard.xlsx#All Stores!row=247 | Asset management/Store/Dashboard.xlsx#All Stores!row=248 | Asset management/Store/Dashboard.xlsx#All Stores!row=249 | Asset management/Store/Dashboard.xlsx#All Stores!row=250 | Asset management/Store/Dashboard.xlsx#All Stores!row=251 | Asset management/Store/Dashboard.xlsx#All Stores!row=252 | Asset management/Store/Dashboard.xlsx#All Stores!row=253 | Asset management/Store/Dashboard.xlsx#All Stores!row=254 | Asset management/Store/Dashboard.xlsx#All Stores!row=255 | Asset management/Store/Dashboard.xlsx#All Stores!row=256 | Asset management/Store/Dashboard.xlsx#All Stores!row=257 | Asset management/Store/Dashboard.xlsx#All Stores!row=258 | Asset management/Store/Dashboard.xlsx#All Stores!row=259 | Asset management/Store/Dashboard.xlsx#All Stores!row=260 | Audit 2026 device/Data store/Audit/VA19.xlsx#VA19!row=2 | Audit 2026 device/Data store/Audit/VA19.xlsx#VA19!row=3 | Audit 2026 device/Data store/Audit/VA19.xlsx#VA19!row=4 | Audit 2026 device/Data store/Audit/VA19.xlsx#VA19!row=5 | Audit 2026 device/Data store/Audit/VA19.xlsx#VA19!row=6 | Audit 2026 device/Data store/Audit/VA19.xlsx#VA19!row=7 | Audit 2026 device/Data store/Audit/VA19.xlsx#VA19!row=8 | Audit 2026 device/Data store/Audit/VA19.xlsx#VA19!row=9 | Audit 2026 device/Data store/Audit/VA19.xlsx#VA19!row=10 | Audit 2026 device/Data store/Audit/VA19.xlsx#VA19!row=11 | Audit 2026 device/Data store/Audit/VA19.xlsx#VA19!row=12 | Audit 2026 device/Data store/Audit/VA19.xlsx#VA19!row=13 | Audit 2026 device/Data store/Audit/VA19.xlsx#VA19!row=14 | Audit 2026 device/Data store/Audit/VA19.xlsx#VA19!row=15 | Audit 2026 device/Data store/Audit/VA19.xlsx#VA19!row=16 | Audit 2026 device/Data store/Audit/VA19.xlsx#VA19!row=17 | Audit 2026 device/Data store/Audit/VA19.xlsx#VA19!row=18,true
VN28,VN28,,,,,,,MAP-VN,Audit 2026 device/Data store/Firewall Serial Number.xlsx#Sheet1!row=29 | Audit 2026 device/Data store/Audit/VN28.xlsx | Asset management/Store/Details/VN28.xlsx | Asset management/Store/Dashboard.xlsx#All Stores!row=418 | Asset management/Store/Dashboard.xlsx#All Stores!row=419 | Asset management/Store/Dashboard.xlsx#All Stores!row=420 | Asset management/Store/Dashboard.xlsx#All Stores!row=421 | Asset management/Store/Dashboard.xlsx#All Stores!row=422 | Asset management/Store/Dashboard.xlsx#All Stores!row=423 | Asset management/Store/Dashboard.xlsx#All Stores!row=424 | Asset management/Store/Dashboard.xlsx#All Stores!row=425 | Asset management/Store/Dashboard.xlsx#All Stores!row=426 | Asset management/Store/Dashboard.xlsx#All Stores!row=427 | Asset management/Store/Dashboard.xlsx#All Stores!row=428 | Asset management/Store/Dashboard.xlsx#All Stores!row=429 | Asset management/Store/Dashboard.xlsx#All Stores!row=430 | Asset management/Store/Dashboard.xlsx#All Stores!row=431 | Asset management/Store/Dashboard.xlsx#All Stores!row=432 | Asset management/Store/Dashboard.xlsx#All Stores!row=433 | Asset management/Store/Dashboard.xlsx#All Stores!row=434 | Audit 2026 device/Data store/Audit/VN28.xlsx#VN28!row=2 | Audit 2026 device/Data store/Audit/VN28.xlsx#VN28!row=3 | Audit 2026 device/Data store/Audit/VN28.xlsx#VN28!row=4 | Audit 2026 device/Data store/Audit/VN28.xlsx#VN28!row=5 | Audit 2026 device/Data store/Audit/VN28.xlsx#VN28!row=6 | Audit 2026 device/Data store/Audit/VN28.xlsx#VN28!row=7 | Audit 2026 device/Data store/Audit/VN28.xlsx#VN28!row=8 | Audit 2026 device/Data store/Audit/VN28.xlsx#VN28!row=9 | Audit 2026 device/Data store/Audit/VN28.xlsx#VN28!row=10 | Audit 2026 device/Data store/Audit/VN28.xlsx#VN28!row=11 | Audit 2026 device/Data store/Audit/VN28.xlsx#VN28!row=12 | Audit 2026 device/Data store/Audit/VN28.xlsx#VN28!row=13 | Audit 2026 device/Data store/Audit/VN28.xlsx#VN28!row=14 | Audit 2026 device/Data store/Audit/VN28.xlsx#VN28!row=15 | Audit 2026 device/Data store/Audit/VN28.xlsx#VN28!row=16 | Audit 2026 device/Data store/Audit/VN28.xlsx#VN28!row=17 | Audit 2026 device/Data store/Audit/VN28.xlsx#VN28!row=18,true
VH01,VH01,,,,,,,MAP-VN,Audit 2026 device/Data store/Firewall Serial Number.xlsx#Sheet1!row=30 | Audit 2026 device/Data store/Audit/VH01.xlsx | Asset management/Store/Details/VH01.xlsx | Asset management/Store/Dashboard.xlsx#All Stores!row=291 | Asset management/Store/Dashboard.xlsx#All Stores!row=292 | Asset management/Store/Dashboard.xlsx#All Stores!row=293 | Asset management/Store/Dashboard.xlsx#All Stores!row=294 | Asset management/Store/Dashboard.xlsx#All Stores!row=295 | Asset management/Store/Dashboard.xlsx#All Stores!row=296 | Asset management/Store/Dashboard.xlsx#All Stores!row=297 | Asset management/Store/Dashboard.xlsx#All Stores!row=298 | Asset management/Store/Dashboard.xlsx#All Stores!row=299 | Asset management/Store/Dashboard.xlsx#All Stores!row=300 | Asset management/Store/Dashboard.xlsx#All Stores!row=301 | Asset management/Store/Dashboard.xlsx#All Stores!row=302 | Asset management/Store/Dashboard.xlsx#All Stores!row=303 | Asset management/Store/Dashboard.xlsx#All Stores!row=304 | Asset management/Store/Dashboard.xlsx#All Stores!row=305 | Audit 2026 device/Data store/Audit/VH01.xlsx#VH01!row=2 | Audit 2026 device/Data store/Audit/VH01.xlsx#VH01!row=2 | Audit 2026 device/Data store/Audit/VH01.xlsx#VH01!row=3 | Audit 2026 device/Data store/Audit/VH01.xlsx#VH01!row=3 | Audit 2026 device/Data store/Audit/VH01.xlsx#VH01!row=3 | Audit 2026 device/Data store/Audit/VH01.xlsx#VH01!row=4 | Audit 2026 device/Data store/Audit/VH01.xlsx#VH01!row=4 | Audit 2026 device/Data store/Audit/VH01.xlsx#VH01!row=4 | Audit 2026 device/Data store/Audit/VH01.xlsx#VH01!row=5 | Audit 2026 device/Data store/Audit/VH01.xlsx#VH01!row=5 | Audit 2026 device/Data store/Audit/VH01.xlsx#VH01!row=6 | Audit 2026 device/Data store/Audit/VH01.xlsx#VH01!row=6 | Audit 2026 device/Data store/Audit/VH01.xlsx#VH01!row=7 | Audit 2026 device/Data store/Audit/VH01.xlsx#VH01!row=7 | Audit 2026 device/Data store/Audit/VH01.xlsx#VH01!row=8 | Audit 2026 device/Data store/Audit/VH01.xlsx#VH01!row=8 | Audit 2026 device/Data store/Audit/VH01.xlsx#VH01!row=8 | Audit 2026 device/Data store/Audit/VH01.xlsx#VH01!row=9 | Audit 2026 device/Data store/Audit/VH01.xlsx#VH01!row=9 | Audit 2026 device/Data store/Audit/VH01.xlsx#VH01!row=10 | Audit 2026 device/Data store/Audit/VH01.xlsx#VH01!row=11 | Audit 2026 device/Data store/Audit/VH01.xlsx#VH01!row=12 | Audit 2026 device/Data store/Audit/VH01.xlsx#VH01!row=13 | Audit 2026 device/Data store/Audit/VH01.xlsx#VH01!row=14 | Audit 2026 device/Data store/Audit/VH01.xlsx#VH01!row=15 | Audit 2026 device/Data store/Audit/VH01.xlsx#VH01!row=16,true
VO03,VO03,,,,,,,MAP-VN,Audit 2026 device/Data store/Firewall Serial Number.xlsx#Sheet1!row=31,true
A001,A001,,,,,,,MAP-VN,Audit 2026 device/Data store/Firewall Serial Number.xlsx#Sheet1!row=32 | Audit 2026 device/Data store/Audit/A001.xlsx | Asset management/Store/Details/A001.xlsx | Asset management/Store/Dashboard.xlsx#All Stores!row=2 | Asset management/Store/Dashboard.xlsx#All Stores!row=3 | Asset management/Store/Dashboard.xlsx#All Stores!row=4 | Asset management/Store/Dashboard.xlsx#All Stores!row=5 | Asset management/Store/Dashboard.xlsx#All Stores!row=6 | Asset management/Store/Dashboard.xlsx#All Stores!row=7 | Asset management/Store/Dashboard.xlsx#All Stores!row=8 | Asset management/Store/Dashboard.xlsx#All Stores!row=9 | Asset management/Store/Dashboard.xlsx#All Stores!row=10 | Asset management/Store/Dashboard.xlsx#All Stores!row=11 | Asset management/Store/Dashboard.xlsx#All Stores!row=12 | Asset management/Store/Dashboard.xlsx#All Stores!row=13 | Asset management/Store/Dashboard.xlsx#All Stores!row=14 | Asset management/Store/Dashboard.xlsx#All Stores!row=15 | Asset management/Store/Dashboard.xlsx#All Stores!row=16 | Audit 2026 device/Data store/Audit/A001.xlsx#A001!row=2 | Audit 2026 device/Data store/Audit/A001.xlsx#A001!row=3 | Audit 2026 device/Data store/Audit/A001.xlsx#A001!row=4 | Audit 2026 device/Data store/Audit/A001.xlsx#A001!row=5 | Audit 2026 device/Data store/Audit/A001.xlsx#A001!row=6 | Audit 2026 device/Data store/Audit/A001.xlsx#A001!row=7 | Audit 2026 device/Data store/Audit/A001.xlsx#A001!row=8 | Audit 2026 device/Data store/Audit/A001.xlsx#A001!row=9 | Audit 2026 device/Data store/Audit/A001.xlsx#A001!row=10 | Audit 2026 device/Data store/Audit/A001.xlsx#A001!row=11 | Audit 2026 device/Data store/Audit/A001.xlsx#A001!row=12 | Audit 2026 device/Data store/Audit/A001.xlsx#A001!row=13 | Audit 2026 device/Data store/Audit/A001.xlsx#A001!row=14 | Audit 2026 device/Data store/Audit/A001.xlsx#A001!row=15 | Audit 2026 device/Data store/Audit/A001.xlsx#A001!row=16,true
A002,A002,,,,,,,MAP-VN,Audit 2026 device/Data store/Firewall Serial Number.xlsx#Sheet1!row=33 | Audit 2026 device/Data store/Audit/A002.xlsx | Asset management/Store/Details/A002.xlsx | Asset management/Store/Dashboard.xlsx#All Stores!row=17 | Asset management/Store/Dashboard.xlsx#All Stores!row=18 | Asset management/Store/Dashboard.xlsx#All Stores!row=19 | Asset management/Store/Dashboard.xlsx#All Stores!row=20 | Asset management/Store/Dashboard.xlsx#All Stores!row=21 | Asset management/Store/Dashboard.xlsx#All Stores!row=22 | Asset management/Store/Dashboard.xlsx#All Stores!row=23 | Asset management/Store/Dashboard.xlsx#All Stores!row=24 | Asset management/Store/Dashboard.xlsx#All Stores!row=25 | Asset management/Store/Dashboard.xlsx#All Stores!row=26 | Asset management/Store/Dashboard.xlsx#All Stores!row=27 | Asset management/Store/Dashboard.xlsx#All Stores!row=28 | Asset management/Store/Dashboard.xlsx#All Stores!row=29 | Asset management/Store/Dashboard.xlsx#All Stores!row=30 | Audit 2026 device/Data store/Audit/A002.xlsx#A002!row=2 | Audit 2026 device/Data store/Audit/A002.xlsx#A002!row=3 | Audit 2026 device/Data store/Audit/A002.xlsx#A002!row=4 | Audit 2026 device/Data store/Audit/A002.xlsx#A002!row=5 | Audit 2026 device/Data store/Audit/A002.xlsx#A002!row=6 | Audit 2026 device/Data store/Audit/A002.xlsx#A002!row=7 | Audit 2026 device/Data store/Audit/A002.xlsx#A002!row=8 | Audit 2026 device/Data store/Audit/A002.xlsx#A002!row=9 | Audit 2026 device/Data store/Audit/A002.xlsx#A002!row=10 | Audit 2026 device/Data store/Audit/A002.xlsx#A002!row=11 | Audit 2026 device/Data store/Audit/A002.xlsx#A002!row=12 | Audit 2026 device/Data store/Audit/A002.xlsx#A002!row=13 | Audit 2026 device/Data store/Audit/A002.xlsx#A002!row=14 | Audit 2026 device/Data store/Audit/A002.xlsx#A002!row=15,true
A003,A003,,,,,,,MAP-VN,Audit 2026 device/Data store/Audit/A003.xlsx | Asset management/Store/Details/A003.xlsx | Asset management/Store/Dashboard.xlsx#All Stores!row=547 | Asset management/Store/Dashboard.xlsx#All Stores!row=548 | Asset management/Store/Dashboard.xlsx#All Stores!row=549 | Asset management/Store/Dashboard.xlsx#All Stores!row=550 | Asset management/Store/Dashboard.xlsx#All Stores!row=551 | Asset management/Store/Dashboard.xlsx#All Stores!row=552 | Asset management/Store/Dashboard.xlsx#All Stores!row=553 | Asset management/Store/Dashboard.xlsx#All Stores!row=554 | Asset management/Store/Dashboard.xlsx#All Stores!row=555 | Asset management/Store/Dashboard.xlsx#All Stores!row=556 | Asset management/Store/Dashboard.xlsx#All Stores!row=557 | Asset management/Store/Dashboard.xlsx#All Stores!row=558 | Asset management/Store/Dashboard.xlsx#All Stores!row=559 | Asset management/Store/Dashboard.xlsx#All Stores!row=560 | Asset management/Store/Dashboard.xlsx#All Stores!row=561 | Audit 2026 device/Data store/Audit/A003.xlsx#A003 ASICS GOLD COAST!row=2 | Audit 2026 device/Data store/Audit/A003.xlsx#A003 ASICS GOLD COAST!row=3 | Audit 2026 device/Data store/Audit/A003.xlsx#A003 ASICS GOLD COAST!row=4 | Audit 2026 device/Data store/Audit/A003.xlsx#A003 ASICS GOLD COAST!row=5 | Audit 2026 device/Data store/Audit/A003.xlsx#A003 ASICS GOLD COAST!row=6 | Audit 2026 device/Data store/Audit/A003.xlsx#A003 ASICS GOLD COAST!row=7 | Audit 2026 device/Data store/Audit/A003.xlsx#A003 ASICS GOLD COAST!row=8 | Audit 2026 device/Data store/Audit/A003.xlsx#A003 ASICS GOLD COAST!row=9 | Audit 2026 device/Data store/Audit/A003.xlsx#A003 ASICS GOLD COAST!row=10 | Audit 2026 device/Data store/Audit/A003.xlsx#A003 ASICS GOLD COAST!row=11 | Audit 2026 device/Data store/Audit/A003.xlsx#A003 ASICS GOLD COAST!row=12 | Audit 2026 device/Data store/Audit/A003.xlsx#A003 ASICS GOLD COAST!row=13 | Audit 2026 device/Data store/Audit/A003.xlsx#A003 ASICS GOLD COAST!row=14 | Audit 2026 device/Data store/Audit/A003.xlsx#A003 ASICS GOLD COAST!row=15 | Audit 2026 device/Data store/Audit/A003.xlsx#A003 ASICS GOLD COAST!row=16,true
V003,V003,,,,,,,MAP-VN,Audit 2026 device/Data store/Audit/V003.xlsx | Asset management/Store/Details/V003.xlsx | Asset management/Store/Dashboard.xlsx#All Stores!row=31 | Asset management/Store/Dashboard.xlsx#All Stores!row=32 | Asset management/Store/Dashboard.xlsx#All Stores!row=33 | Asset management/Store/Dashboard.xlsx#All Stores!row=34 | Asset management/Store/Dashboard.xlsx#All Stores!row=35 | Asset management/Store/Dashboard.xlsx#All Stores!row=36 | Asset management/Store/Dashboard.xlsx#All Stores!row=37 | Asset management/Store/Dashboard.xlsx#All Stores!row=38 | Asset management/Store/Dashboard.xlsx#All Stores!row=39 | Asset management/Store/Dashboard.xlsx#All Stores!row=40 | Asset management/Store/Dashboard.xlsx#All Stores!row=41 | Asset management/Store/Dashboard.xlsx#All Stores!row=42 | Asset management/Store/Dashboard.xlsx#All Stores!row=43 | Asset management/Store/Dashboard.xlsx#All Stores!row=44 | Asset management/Store/Dashboard.xlsx#All Stores!row=45 | Asset management/Store/Dashboard.xlsx#All Stores!row=46 | Asset management/Store/Dashboard.xlsx#All Stores!row=47 | Asset management/Store/Dashboard.xlsx#All Stores!row=48 | Asset management/Store/Dashboard.xlsx#All Stores!row=49 | Asset management/Store/Dashboard.xlsx#All Stores!row=50 | Asset management/Store/Dashboard.xlsx#All Stores!row=51 | Asset management/Store/Dashboard.xlsx#All Stores!row=52 | Audit 2026 device/Data store/Audit/V003.xlsx#V003!row=2 | Audit 2026 device/Data store/Audit/V003.xlsx#V003!row=2 | Audit 2026 device/Data store/Audit/V003.xlsx#V003!row=3 | Audit 2026 device/Data store/Audit/V003.xlsx#V003!row=4 | Audit 2026 device/Data store/Audit/V003.xlsx#V003!row=5 | Audit 2026 device/Data store/Audit/V003.xlsx#V003!row=5 | Audit 2026 device/Data store/Audit/V003.xlsx#V003!row=5 | Audit 2026 device/Data store/Audit/V003.xlsx#V003!row=6 | Audit 2026 device/Data store/Audit/V003.xlsx#V003!row=7 | Audit 2026 device/Data store/Audit/V003.xlsx#V003!row=7 | Audit 2026 device/Data store/Audit/V003.xlsx#V003!row=7 | Audit 2026 device/Data store/Audit/V003.xlsx#V003!row=7 | Audit 2026 device/Data store/Audit/V003.xlsx#V003!row=7 | Audit 2026 device/Data store/Audit/V003.xlsx#V003!row=8 | Audit 2026 device/Data store/Audit/V003.xlsx#V003!row=8 | Audit 2026 device/Data store/Audit/V003.xlsx#V003!row=9 | Audit 2026 device/Data store/Audit/V003.xlsx#V003!row=10 | Audit 2026 device/Data store/Audit/V003.xlsx#V003!row=11 | Audit 2026 device/Data store/Audit/V003.xlsx#V003!row=12 | Audit 2026 device/Data store/Audit/V003.xlsx#V003!row=12 | Audit 2026 device/Data store/Audit/V003.xlsx#V003!row=12 | Audit 2026 device/Data store/Audit/V003.xlsx#V003!row=13 | Audit 2026 device/Data store/Audit/V003.xlsx#V003!row=13 | Audit 2026 device/Data store/Audit/V003.xlsx#V003!row=13 | Audit 2026 device/Data store/Audit/V003.xlsx#V003!row=14 | Audit 2026 device/Data store/Audit/V003.xlsx#V003!row=14 | Audit 2026 device/Data store/Audit/V003.xlsx#V003!row=14 | Audit 2026 device/Data store/Audit/V003.xlsx#V003!row=15 | Audit 2026 device/Data store/Audit/V003.xlsx#V003!row=15 | Audit 2026 device/Data store/Audit/V003.xlsx#V003!row=16 | Audit 2026 device/Data store/Audit/V003.xlsx#V003!row=16 | Audit 2026 device/Data store/Audit/V003.xlsx#V003!row=17 | Audit 2026 device/Data store/Audit/V003.xlsx#V003!row=17 | Audit 2026 device/Data store/Audit/V003.xlsx#V003!row=18 | Audit 2026 device/Data store/Audit/V003.xlsx#V003!row=18 | Audit 2026 device/Data store/Audit/V003.xlsx#V003!row=19 | Audit 2026 device/Data store/Audit/V003.xlsx#V003!row=20 | Audit 2026 device/Data store/Audit/V003.xlsx#V003!row=21 | Audit 2026 device/Data store/Audit/V003.xlsx#V003!row=22 | Audit 2026 device/Data store/Audit/V003.xlsx#V003!row=23,true
VA18,VA18,,,,,,,MAP-VN,Audit 2026 device/Data store/Audit/VA18.xlsx | Asset management/Store/Details/VA18.xlsx | Asset management/Store/Dashboard.xlsx#All Stores!row=533 | Asset management/Store/Dashboard.xlsx#All Stores!row=534 | Asset management/Store/Dashboard.xlsx#All Stores!row=535 | Asset management/Store/Dashboard.xlsx#All Stores!row=536 | Asset management/Store/Dashboard.xlsx#All Stores!row=537 | Asset management/Store/Dashboard.xlsx#All Stores!row=538 | Asset management/Store/Dashboard.xlsx#All Stores!row=539 | Asset management/Store/Dashboard.xlsx#All Stores!row=540 | Asset management/Store/Dashboard.xlsx#All Stores!row=541 | Asset management/Store/Dashboard.xlsx#All Stores!row=542 | Asset management/Store/Dashboard.xlsx#All Stores!row=543 | Asset management/Store/Dashboard.xlsx#All Stores!row=544 | Asset management/Store/Dashboard.xlsx#All Stores!row=545 | Asset management/Store/Dashboard.xlsx#All Stores!row=546 | Audit 2026 device/Data store/Audit/VA18.xlsx#VA18 NEW BALANCE AEON HA DONG!row=2 | Audit 2026 device/Data store/Audit/VA18.xlsx#VA18 NEW BALANCE AEON HA DONG!row=3 | Audit 2026 device/Data store/Audit/VA18.xlsx#VA18 NEW BALANCE AEON HA DONG!row=4 | Audit 2026 device/Data store/Audit/VA18.xlsx#VA18 NEW BALANCE AEON HA DONG!row=5 | Audit 2026 device/Data store/Audit/VA18.xlsx#VA18 NEW BALANCE AEON HA DONG!row=6 | Audit 2026 device/Data store/Audit/VA18.xlsx#VA18 NEW BALANCE AEON HA DONG!row=7 | Audit 2026 device/Data store/Audit/VA18.xlsx#VA18 NEW BALANCE AEON HA DONG!row=8 | Audit 2026 device/Data store/Audit/VA18.xlsx#VA18 NEW BALANCE AEON HA DONG!row=9 | Audit 2026 device/Data store/Audit/VA18.xlsx#VA18 NEW BALANCE AEON HA DONG!row=10 | Audit 2026 device/Data store/Audit/VA18.xlsx#VA18 NEW BALANCE AEON HA DONG!row=11 | Audit 2026 device/Data store/Audit/VA18.xlsx#VA18 NEW BALANCE AEON HA DONG!row=12 | Audit 2026 device/Data store/Audit/VA18.xlsx#VA18 NEW BALANCE AEON HA DONG!row=13 | Audit 2026 device/Data store/Audit/VA18.xlsx#VA18 NEW BALANCE AEON HA DONG!row=14 | Audit 2026 device/Data store/Audit/VA18.xlsx#VA18 NEW BALANCE AEON HA DONG!row=15,true
VA24,VA24,,,,,,,MAP-VN,Audit 2026 device/Data store/Audit/VA24.xlsx | Asset management/Store/Details/VA24.xlsx | Asset management/Store/Dashboard.xlsx#All Stores!row=514 | Asset management/Store/Dashboard.xlsx#All Stores!row=515 | Asset management/Store/Dashboard.xlsx#All Stores!row=516 | Asset management/Store/Dashboard.xlsx#All Stores!row=517 | Asset management/Store/Dashboard.xlsx#All Stores!row=518 | Asset management/Store/Dashboard.xlsx#All Stores!row=519 | Asset management/Store/Dashboard.xlsx#All Stores!row=520 | Asset management/Store/Dashboard.xlsx#All Stores!row=521 | Asset management/Store/Dashboard.xlsx#All Stores!row=522 | Asset management/Store/Dashboard.xlsx#All Stores!row=523 | Asset management/Store/Dashboard.xlsx#All Stores!row=524 | Asset management/Store/Dashboard.xlsx#All Stores!row=525 | Asset management/Store/Dashboard.xlsx#All Stores!row=526 | Asset management/Store/Dashboard.xlsx#All Stores!row=527 | Asset management/Store/Dashboard.xlsx#All Stores!row=528 | Asset management/Store/Dashboard.xlsx#All Stores!row=529 | Asset management/Store/Dashboard.xlsx#All Stores!row=530 | Asset management/Store/Dashboard.xlsx#All Stores!row=531 | Asset management/Store/Dashboard.xlsx#All Stores!row=532 | Audit 2026 device/Data store/Audit/VA24.xlsx#VA24 NEW BALANCE VINCOM BATRIEU!row=2 | Audit 2026 device/Data store/Audit/VA24.xlsx#VA24 NEW BALANCE VINCOM BATRIEU!row=3 | Audit 2026 device/Data store/Audit/VA24.xlsx#VA24 NEW BALANCE VINCOM BATRIEU!row=4 | Audit 2026 device/Data store/Audit/VA24.xlsx#VA24 NEW BALANCE VINCOM BATRIEU!row=5 | Audit 2026 device/Data store/Audit/VA24.xlsx#VA24 NEW BALANCE VINCOM BATRIEU!row=6 | Audit 2026 device/Data store/Audit/VA24.xlsx#VA24 NEW BALANCE VINCOM BATRIEU!row=7 | Audit 2026 device/Data store/Audit/VA24.xlsx#VA24 NEW BALANCE VINCOM BATRIEU!row=8 | Audit 2026 device/Data store/Audit/VA24.xlsx#VA24 NEW BALANCE VINCOM BATRIEU!row=9 | Audit 2026 device/Data store/Audit/VA24.xlsx#VA24 NEW BALANCE VINCOM BATRIEU!row=10 | Audit 2026 device/Data store/Audit/VA24.xlsx#VA24 NEW BALANCE VINCOM BATRIEU!row=11 | Audit 2026 device/Data store/Audit/VA24.xlsx#VA24 NEW BALANCE VINCOM BATRIEU!row=12 | Audit 2026 device/Data store/Audit/VA24.xlsx#VA24 NEW BALANCE VINCOM BATRIEU!row=13 | Audit 2026 device/Data store/Audit/VA24.xlsx#VA24 NEW BALANCE VINCOM BATRIEU!row=14 | Audit 2026 device/Data store/Audit/VA24.xlsx#VA24 NEW BALANCE VINCOM BATRIEU!row=15 | Audit 2026 device/Data store/Audit/VA24.xlsx#VA24 NEW BALANCE VINCOM BATRIEU!row=16 | Audit 2026 device/Data store/Audit/VA24.xlsx#VA24 NEW BALANCE VINCOM BATRIEU!row=17 | Audit 2026 device/Data store/Audit/VA24.xlsx#VA24 NEW BALANCE VINCOM BATRIEU!row=18 | Audit 2026 device/Data store/Audit/VA24.xlsx#VA24 NEW BALANCE VINCOM BATRIEU!row=19 | Audit 2026 device/Data store/Audit/VA24.xlsx#VA24 NEW BALANCE VINCOM BATRIEU!row=20,true
VH03,VH03,,,,,,,MAP-VN,Audit 2026 device/Data store/Audit/VH03.xlsx | Asset management/Store/Details/VH03.xlsx | Asset management/Store/Dashboard.xlsx#All Stores!row=492 | Asset management/Store/Dashboard.xlsx#All Stores!row=493 | Asset management/Store/Dashboard.xlsx#All Stores!row=494 | Asset management/Store/Dashboard.xlsx#All Stores!row=495 | Asset management/Store/Dashboard.xlsx#All Stores!row=496 | Asset management/Store/Dashboard.xlsx#All Stores!row=497 | Asset management/Store/Dashboard.xlsx#All Stores!row=498 | Asset management/Store/Dashboard.xlsx#All Stores!row=499 | Asset management/Store/Dashboard.xlsx#All Stores!row=500 | Asset management/Store/Dashboard.xlsx#All Stores!row=501 | Asset management/Store/Dashboard.xlsx#All Stores!row=502 | Asset management/Store/Dashboard.xlsx#All Stores!row=503 | Asset management/Store/Dashboard.xlsx#All Stores!row=504 | Asset management/Store/Dashboard.xlsx#All Stores!row=505 | Asset management/Store/Dashboard.xlsx#All Stores!row=506 | Asset management/Store/Dashboard.xlsx#All Stores!row=507 | Asset management/Store/Dashboard.xlsx#All Stores!row=508 | Asset management/Store/Dashboard.xlsx#All Stores!row=509 | Asset management/Store/Dashboard.xlsx#All Stores!row=510 | Asset management/Store/Dashboard.xlsx#All Stores!row=511 | Asset management/Store/Dashboard.xlsx#All Stores!row=512 | Asset management/Store/Dashboard.xlsx#All Stores!row=513 | Audit 2026 device/Data store/Audit/VH03.xlsx#VH03 SKECHERS AEON HAI PHONG!row=2 | Audit 2026 device/Data store/Audit/VH03.xlsx#VH03 SKECHERS AEON HAI PHONG!row=2 | Audit 2026 device/Data store/Audit/VH03.xlsx#VH03 SKECHERS AEON HAI PHONG!row=3 | Audit 2026 device/Data store/Audit/VH03.xlsx#VH03 SKECHERS AEON HAI PHONG!row=4 | Audit 2026 device/Data store/Audit/VH03.xlsx#VH03 SKECHERS AEON HAI PHONG!row=4 | Audit 2026 device/Data store/Audit/VH03.xlsx#VH03 SKECHERS AEON HAI PHONG!row=4 | Audit 2026 device/Data store/Audit/VH03.xlsx#VH03 SKECHERS AEON HAI PHONG!row=5 | Audit 2026 device/Data store/Audit/VH03.xlsx#VH03 SKECHERS AEON HAI PHONG!row=5 | Audit 2026 device/Data store/Audit/VH03.xlsx#VH03 SKECHERS AEON HAI PHONG!row=5 | Audit 2026 device/Data store/Audit/VH03.xlsx#VH03 SKECHERS AEON HAI PHONG!row=6 | Audit 2026 device/Data store/Audit/VH03.xlsx#VH03 SKECHERS AEON HAI PHONG!row=6 | Audit 2026 device/Data store/Audit/VH03.xlsx#VH03 SKECHERS AEON HAI PHONG!row=7 | Audit 2026 device/Data store/Audit/VH03.xlsx#VH03 SKECHERS AEON HAI PHONG!row=8 | Audit 2026 device/Data store/Audit/VH03.xlsx#VH03 SKECHERS AEON HAI PHONG!row=8 | Audit 2026 device/Data store/Audit/VH03.xlsx#VH03 SKECHERS AEON HAI PHONG!row=9 | Audit 2026 device/Data store/Audit/VH03.xlsx#VH03 SKECHERS AEON HAI PHONG!row=10 | Audit 2026 device/Data store/Audit/VH03.xlsx#VH03 SKECHERS AEON HAI PHONG!row=10 | Audit 2026 device/Data store/Audit/VH03.xlsx#VH03 SKECHERS AEON HAI PHONG!row=11 | Audit 2026 device/Data store/Audit/VH03.xlsx#VH03 SKECHERS AEON HAI PHONG!row=12 | Audit 2026 device/Data store/Audit/VH03.xlsx#VH03 SKECHERS AEON HAI PHONG!row=12 | Audit 2026 device/Data store/Audit/VH03.xlsx#VH03 SKECHERS AEON HAI PHONG!row=13 | Audit 2026 device/Data store/Audit/VH03.xlsx#VH03 SKECHERS AEON HAI PHONG!row=14 | Audit 2026 device/Data store/Audit/VH03.xlsx#VH03 SKECHERS AEON HAI PHONG!row=15 | Audit 2026 device/Data store/Audit/VH03.xlsx#VH03 SKECHERS AEON HAI PHONG!row=15 | Audit 2026 device/Data store/Audit/VH03.xlsx#VH03 SKECHERS AEON HAI PHONG!row=16 | Audit 2026 device/Data store/Audit/VH03.xlsx#VH03 SKECHERS AEON HAI PHONG!row=17 | Audit 2026 device/Data store/Audit/VH03.xlsx#VH03 SKECHERS AEON HAI PHONG!row=18 | Audit 2026 device/Data store/Audit/VH03.xlsx#VH03 SKECHERS AEON HAI PHONG!row=19 | Audit 2026 device/Data store/Audit/VH03.xlsx#VH03 SKECHERS AEON HAI PHONG!row=20 | Audit 2026 device/Data store/Audit/VH03.xlsx#VH03 SKECHERS AEON HAI PHONG!row=21 | Audit 2026 device/Data store/Audit/VH03.xlsx#VH03 SKECHERS AEON HAI PHONG!row=22 | Audit 2026 device/Data store/Audit/VH03.xlsx#VH03 SKECHERS AEON HAI PHONG!row=23,true
VO04,VO04,,,,,,,MAP-VN,Audit 2026 device/Data store/Audit/VO04.xlsx | Asset management/Store/Details/VO04.xlsx | Asset management/Store/Dashboard.xlsx#All Stores!row=562 | Asset management/Store/Dashboard.xlsx#All Stores!row=563 | Asset management/Store/Dashboard.xlsx#All Stores!row=564 | Asset management/Store/Dashboard.xlsx#All Stores!row=565 | Asset management/Store/Dashboard.xlsx#All Stores!row=566 | Asset management/Store/Dashboard.xlsx#All Stores!row=567 | Asset management/Store/Dashboard.xlsx#All Stores!row=568 | Asset management/Store/Dashboard.xlsx#All Stores!row=569 | Asset management/Store/Dashboard.xlsx#All Stores!row=570 | Asset management/Store/Dashboard.xlsx#All Stores!row=571 | Asset management/Store/Dashboard.xlsx#All Stores!row=572 | Asset management/Store/Dashboard.xlsx#All Stores!row=573 | Asset management/Store/Dashboard.xlsx#All Stores!row=574 | Asset management/Store/Dashboard.xlsx#All Stores!row=575 | Asset management/Store/Dashboard.xlsx#All Stores!row=576 | Asset management/Store/Dashboard.xlsx#All Stores!row=577 | Asset management/Store/Dashboard.xlsx#All Stores!row=578 | Asset management/Store/Dashboard.xlsx#All Stores!row=579 | Asset management/Store/Dashboard.xlsx#All Stores!row=580 | Asset management/Store/Dashboard.xlsx#All Stores!row=581 | Asset management/Store/Dashboard.xlsx#All Stores!row=582 | Asset management/Store/Dashboard.xlsx#All Stores!row=583 | Asset management/Store/Dashboard.xlsx#All Stores!row=584 | Asset management/Store/Dashboard.xlsx#All Stores!row=585 | Asset management/Store/Dashboard.xlsx#All Stores!row=586 | Asset management/Store/Dashboard.xlsx#All Stores!row=587 | Asset management/Store/Dashboard.xlsx#All Stores!row=588 | Asset management/Store/Dashboard.xlsx#All Stores!row=589 | Asset management/Store/Dashboard.xlsx#All Stores!row=590 | Asset management/Store/Dashboard.xlsx#All Stores!row=591 | Asset management/Store/Dashboard.xlsx#All Stores!row=592 | Asset management/Store/Dashboard.xlsx#All Stores!row=593 | Asset management/Store/Dashboard.xlsx#All Stores!row=594 | Audit 2026 device/Data store/Audit/VO04.xlsx#VO04 FOOT LOCKER AEON THANH KHE!row=2 | Audit 2026 device/Data store/Audit/VO04.xlsx#VO04 FOOT LOCKER AEON THANH KHE!row=3 | Audit 2026 device/Data store/Audit/VO04.xlsx#VO04 FOOT LOCKER AEON THANH KHE!row=4 | Audit 2026 device/Data store/Audit/VO04.xlsx#VO04 FOOT LOCKER AEON THANH KHE!row=5 | Audit 2026 device/Data store/Audit/VO04.xlsx#VO04 FOOT LOCKER AEON THANH KHE!row=6 | Audit 2026 device/Data store/Audit/VO04.xlsx#VO04 FOOT LOCKER AEON THANH KHE!row=7 | Audit 2026 device/Data store/Audit/VO04.xlsx#VO04 FOOT LOCKER AEON THANH KHE!row=8 | Audit 2026 device/Data store/Audit/VO04.xlsx#VO04 FOOT LOCKER AEON THANH KHE!row=9 | Audit 2026 device/Data store/Audit/VO04.xlsx#VO04 FOOT LOCKER AEON THANH KHE!row=10 | Audit 2026 device/Data store/Audit/VO04.xlsx#VO04 FOOT LOCKER AEON THANH KHE!row=11 | Audit 2026 device/Data store/Audit/VO04.xlsx#VO04 FOOT LOCKER AEON THANH KHE!row=12 | Audit 2026 device/Data store/Audit/VO04.xlsx#VO04 FOOT LOCKER AEON THANH KHE!row=13 | Audit 2026 device/Data store/Audit/VO04.xlsx#VO04 FOOT LOCKER AEON THANH KHE!row=14 | Audit 2026 device/Data store/Audit/VO04.xlsx#VO04 FOOT LOCKER AEON THANH KHE!row=15 | Audit 2026 device/Data store/Audit/VO04.xlsx#VO04 FOOT LOCKER AEON THANH KHE!row=16 | Audit 2026 device/Data store/Audit/VO04.xlsx#VO04 FOOT LOCKER AEON THANH KHE!row=17 | Audit 2026 device/Data store/Audit/VO04.xlsx#VO04 FOOT LOCKER AEON THANH KHE!row=18 | Audit 2026 device/Data store/Audit/VO04.xlsx#VO04 FOOT LOCKER AEON THANH KHE!row=19 | Audit 2026 device/Data store/Audit/VO04.xlsx#VO04 FOOT LOCKER AEON THANH KHE!row=20 | Audit 2026 device/Data store/Audit/VO04.xlsx#VO04 FOOT LOCKER AEON THANH KHE!row=20 | Audit 2026 device/Data store/Audit/VO04.xlsx#VO04 FOOT LOCKER AEON THANH KHE!row=20 | Audit 2026 device/Data store/Audit/VO04.xlsx#VO04 FOOT LOCKER AEON THANH KHE!row=21 | Audit 2026 device/Data store/Audit/VO04.xlsx#VO04 FOOT LOCKER AEON THANH KHE!row=21 | Audit 2026 device/Data store/Audit/VO04.xlsx#VO04 FOOT LOCKER AEON THANH KHE!row=21 | Audit 2026 device/Data store/Audit/VO04.xlsx#VO04 FOOT LOCKER AEON THANH KHE!row=22 | Audit 2026 device/Data store/Audit/VO04.xlsx#VO04 FOOT LOCKER AEON THANH KHE!row=23 | Audit 2026 device/Data store/Audit/VO04.xlsx#VO04 FOOT LOCKER AEON THANH KHE!row=24 | Audit 2026 device/Data store/Audit/VO04.xlsx#VO04 FOOT LOCKER AEON THANH KHE!row=25 | Audit 2026 device/Data store/Audit/VO04.xlsx#VO04 FOOT LOCKER AEON THANH KHE!row=26 | Audit 2026 device/Data store/Audit/VO04.xlsx#VO04 FOOT LOCKER AEON THANH KHE!row=27 | Audit 2026 device/Data store/Audit/VO04.xlsx#VO04 FOOT LOCKER AEON THANH KHE!row=28 | Audit 2026 device/Data store/Audit/VO04.xlsx#VO04 FOOT LOCKER AEON THANH KHE!row=29 | Audit 2026 device/Data store/Audit/VO04.xlsx#VO04 FOOT LOCKER AEON THANH KHE!row=30 | Audit 2026 device/Data store/Audit/VO04.xlsx#VO04 FOOT LOCKER AEON THANH KHE!row=31 | Audit 2026 device/Data store/Audit/VO04.xlsx#VO04 FOOT LOCKER AEON THANH KHE!row=32 | Audit 2026 device/Data store/Audit/VO04.xlsx#VO04 FOOT LOCKER AEON THANH KHE!row=33 | Audit 2026 device/Data store/Audit/VO04.xlsx#VO04 FOOT LOCKER AEON THANH KHE!row=34,true
VO05,VO05,,,,,,,MAP-VN,Audit 2026 device/Data store/Audit/VO05.xlsx | Asset management/Store/Details/VO05.xlsx | Asset management/Store/Dashboard.xlsx#All Stores!row=595 | Asset management/Store/Dashboard.xlsx#All Stores!row=596 | Asset management/Store/Dashboard.xlsx#All Stores!row=597 | Asset management/Store/Dashboard.xlsx#All Stores!row=598 | Asset management/Store/Dashboard.xlsx#All Stores!row=599 | Asset management/Store/Dashboard.xlsx#All Stores!row=600 | Asset management/Store/Dashboard.xlsx#All Stores!row=601 | Asset management/Store/Dashboard.xlsx#All Stores!row=602 | Asset management/Store/Dashboard.xlsx#All Stores!row=603 | Asset management/Store/Dashboard.xlsx#All Stores!row=604 | Asset management/Store/Dashboard.xlsx#All Stores!row=605 | Asset management/Store/Dashboard.xlsx#All Stores!row=606 | Asset management/Store/Dashboard.xlsx#All Stores!row=607 | Asset management/Store/Dashboard.xlsx#All Stores!row=608 | Asset management/Store/Dashboard.xlsx#All Stores!row=609 | Asset management/Store/Dashboard.xlsx#All Stores!row=610 | Asset management/Store/Dashboard.xlsx#All Stores!row=611 | Asset management/Store/Dashboard.xlsx#All Stores!row=612 | Asset management/Store/Dashboard.xlsx#All Stores!row=613 | Asset management/Store/Dashboard.xlsx#All Stores!row=614 | Asset management/Store/Dashboard.xlsx#All Stores!row=615 | Asset management/Store/Dashboard.xlsx#All Stores!row=616 | Asset management/Store/Dashboard.xlsx#All Stores!row=617 | Asset management/Store/Dashboard.xlsx#All Stores!row=618 | Asset management/Store/Dashboard.xlsx#All Stores!row=619 | Asset management/Store/Dashboard.xlsx#All Stores!row=620 | Asset management/Store/Dashboard.xlsx#All Stores!row=621 | Asset management/Store/Dashboard.xlsx#All Stores!row=622 | Asset management/Store/Dashboard.xlsx#All Stores!row=623 | Asset management/Store/Dashboard.xlsx#All Stores!row=624 | Asset management/Store/Dashboard.xlsx#All Stores!row=625 | Asset management/Store/Dashboard.xlsx#All Stores!row=626 | Asset management/Store/Dashboard.xlsx#All Stores!row=627 | Asset management/Store/Dashboard.xlsx#All Stores!row=628 | Asset management/Store/Dashboard.xlsx#All Stores!row=629 | Asset management/Store/Dashboard.xlsx#All Stores!row=630 | Asset management/Store/Dashboard.xlsx#All Stores!row=631 | Asset management/Store/Dashboard.xlsx#All Stores!row=632 | Asset management/Store/Dashboard.xlsx#All Stores!row=633,true
HCM,HQ Hồ Chí Minh,Office,South,,,,,MAP-VN,Asset management/Office/Office assets.xlsx#Sheet1!row=2 | Asset management/Office/Office assets.xlsx#Sheet1!row=3 | Asset management/Office/Office assets.xlsx#Sheet1!row=4 | Asset management/Office/Office assets.xlsx#Sheet1!row=5 | Asset management/Office/Office assets.xlsx#Sheet1!row=6 | Asset management/Office/Office assets.xlsx#Sheet1!row=7 | Asset management/Office/Office assets.xlsx#Sheet1!row=8 | Asset management/Office/Office assets.xlsx#Sheet1!row=9 | Asset management/Office/Office assets.xlsx#Sheet1!row=10 | Asset management/Office/Office assets.xlsx#Sheet1!row=11 | Asset management/Office/Office assets.xlsx#Sheet1!row=12 | Asset management/Office/Office assets.xlsx#Sheet1!row=13 | Asset management/Office/Office assets.xlsx#Sheet1!row=14 | Asset management/Office/Office assets.xlsx#Sheet1!row=15 | Asset management/Office/Office assets.xlsx#Sheet1!row=16 | Asset management/Office/Office assets.xlsx#Sheet1!row=17 | Asset management/Office/Office assets.xlsx#Sheet1!row=18 | Asset management/Office/Office assets.xlsx#Sheet1!row=19 | Asset management/Office/Office assets.xlsx#Sheet1!row=20 | Asset management/Office/Office assets.xlsx#Sheet1!row=21 | Asset management/Office/Office assets.xlsx#Sheet1!row=22 | Asset management/Office/Office assets.xlsx#Sheet1!row=23 | Asset management/Office/Office assets.xlsx#Sheet1!row=24 | Asset management/Office/Office assets.xlsx#Sheet1!row=25 | Asset management/Office/Office assets.xlsx#Sheet1!row=26 | Asset management/Office/Office assets.xlsx#Sheet1!row=27 | Asset management/Office/Office assets.xlsx#Sheet1!row=28 | Asset management/Office/Office assets.xlsx#Sheet1!row=29 | Asset management/Office/Office assets.xlsx#Sheet1!row=31 | Asset management/Office/Office assets.xlsx#Sheet1!row=32 | Asset management/Office/Office assets.xlsx#Sheet1!row=33 | Asset management/Office/Office assets.xlsx#Sheet1!row=34 | Asset management/Office/Office assets.xlsx#Sheet1!row=35 | Asset management/Office/Office assets.xlsx#Sheet1!row=36 | Asset management/Office/Office assets.xlsx#Sheet1!row=37 | Asset management/Office/Office assets.xlsx#Sheet1!row=38 | Asset management/Office/Office assets.xlsx#Sheet1!row=39 | Asset management/Office/Office assets.xlsx#Sheet1!row=41 | Asset management/Office/Office assets.xlsx#Sheet1!row=42 | Asset management/Office/Office assets.xlsx#Sheet1!row=43 | Asset management/Office/Office assets.xlsx#Sheet1!row=44 | Asset management/Office/Office assets.xlsx#Sheet1!row=45 | Asset management/Office/Office assets.xlsx#Sheet1!row=46 | Asset management/Office/Office assets.xlsx#Sheet1!row=47 | Asset management/Office/Office assets.xlsx#Sheet1!row=48 | Asset management/Office/Office assets.xlsx#Sheet1!row=49 | Asset management/Office/Office assets.xlsx#Sheet1!row=50 | Asset management/Office/Office assets.xlsx#Sheet1!row=51 | Asset management/Office/Office assets.xlsx#Sheet1!row=52 | Asset management/Office/Office assets.xlsx#Sheet1!row=53 | Asset management/Office/Office assets.xlsx#Sheet1!row=54 | Asset management/Office/Office assets.xlsx#Sheet1!row=55 | Asset management/Office/Office assets.xlsx#Sheet1!row=56 | Asset management/Office/Office assets.xlsx#Sheet1!row=57 | Asset management/Office/Office assets.xlsx#Sheet1!row=58 | Asset management/Office/Office assets.xlsx#Sheet1!row=59 | Asset management/Office/Office assets.xlsx#Sheet1!row=60 | Asset management/Office/Office assets.xlsx#Sheet1!row=61 | Asset management/Office/Office assets.xlsx#Sheet1!row=62 | Asset management/Office/Office assets.xlsx#Sheet1!row=63 | Asset management/Office/Office assets.xlsx#Sheet1!row=64 | Asset management/Office/Office assets.xlsx#Sheet1!row=65 | Asset management/Office/Office assets.xlsx#Sheet1!row=66 | Asset management/Office/Office assets.xlsx#Sheet1!row=67 | Asset management/Office/Office assets.xlsx#Sheet1!row=68 | Asset management/Office/Office assets.xlsx#Sheet1!row=69 | Asset management/Office/Office assets.xlsx#Sheet1!row=70 | Asset management/Office/Office assets.xlsx#Sheet1!row=71 | Asset management/Office/Office assets.xlsx#Sheet1!row=72 | Asset management/Office/Office assets.xlsx#Sheet1!row=73 | Asset management/Office/Office assets.xlsx#Sheet1!row=74 | Asset management/Office/Office assets.xlsx#Sheet1!row=75 | Asset management/Office/Office assets.xlsx#Sheet1!row=76 | Asset management/Office/Office assets.xlsx#Sheet1!row=77 | Asset management/Office/Office assets.xlsx#Sheet1!row=78 | Asset management/Office/Office assets.xlsx#Sheet1!row=79 | Asset management/Office/Office assets.xlsx#Sheet1!row=80 | Asset management/Office/Office assets.xlsx#Sheet1!row=81 | Asset management/Office/Office assets.xlsx#Sheet1!row=82 | Asset management/Office/Office assets.xlsx#Sheet1!row=83 | Asset management/Office/Office assets.xlsx#Sheet1!row=84 | Asset management/Office/Office assets.xlsx#Sheet1!row=85 | Asset management/Office/Office assets.xlsx#Sheet1!row=86 | Asset management/Office/Office assets.xlsx#Sheet1!row=87 | Asset management/Office/Office assets.xlsx#Sheet1!row=88 | Asset management/Office/Office assets.xlsx#Sheet1!row=89 | Asset management/Office/Office assets.xlsx#Sheet1!row=90 | Asset management/Office/Office assets.xlsx#Sheet1!row=91 | Asset management/Office/Office assets.xlsx#Sheet1!row=92 | Asset management/Office/Office assets.xlsx#Sheet1!row=93 | Asset management/Office/Office assets.xlsx#Sheet1!row=94 | Asset management/Office/Office assets.xlsx#Sheet1!row=95 | Asset management/Office/Office assets.xlsx#Sheet1!row=96 | Asset management/Office/Office assets.xlsx#Sheet1!row=97 | Asset management/Office/Office assets.xlsx#Sheet1!row=98 | Asset management/Office/Office assets.xlsx#Sheet1!row=99 | Asset management/Office/Office assets.xlsx#Sheet1!row=100 | Asset management/Office/Office assets.xlsx#Sheet1!row=101 | Asset management/Office/Office assets.xlsx#Sheet1!row=102 | Asset management/Office/Office assets.xlsx#Sheet1!row=103 | Asset management/Office/Office assets.xlsx#Sheet1!row=104 | Audit 2026 device/Office assets.xlsx#Asset!row=2 | Audit 2026 device/Office assets.xlsx#Asset!row=3 | Audit 2026 device/Office assets.xlsx#Asset!row=4 | Audit 2026 device/Office assets.xlsx#Asset!row=5 | Audit 2026 device/Office assets.xlsx#Asset!row=6 | Audit 2026 device/Office assets.xlsx#Asset!row=7 | Audit 2026 device/Office assets.xlsx#Asset!row=8 | Audit 2026 device/Office assets.xlsx#Asset!row=9 | Audit 2026 device/Office assets.xlsx#Asset!row=10 | Audit 2026 device/Office assets.xlsx#Asset!row=11 | Audit 2026 device/Office assets.xlsx#Asset!row=12 | Audit 2026 device/Office assets.xlsx#Asset!row=13 | Audit 2026 device/Office assets.xlsx#Asset!row=14 | Audit 2026 device/Office assets.xlsx#Asset!row=15 | Audit 2026 device/Office assets.xlsx#Asset!row=16 | Audit 2026 device/Office assets.xlsx#Asset!row=17 | Audit 2026 device/Office assets.xlsx#Asset!row=18 | Audit 2026 device/Office assets.xlsx#Asset!row=19 | Audit 2026 device/Office assets.xlsx#Asset!row=20 | Audit 2026 device/Office assets.xlsx#Asset!row=21 | Audit 2026 device/Office assets.xlsx#Asset!row=22 | Audit 2026 device/Office assets.xlsx#Asset!row=23 | Audit 2026 device/Office assets.xlsx#Asset!row=24 | Audit 2026 device/Office assets.xlsx#Asset!row=25 | Audit 2026 device/Office assets.xlsx#Asset!row=26 | Audit 2026 device/Office assets.xlsx#Asset!row=27 | Audit 2026 device/Office assets.xlsx#Asset!row=28 | Audit 2026 device/Office assets.xlsx#Asset!row=29 | Audit 2026 device/Office assets.xlsx#Asset!row=30 | Audit 2026 device/Office assets.xlsx#Asset!row=31 | Audit 2026 device/Office assets.xlsx#Asset!row=32 | Audit 2026 device/Office assets.xlsx#Asset!row=33 | Audit 2026 device/Office assets.xlsx#Asset!row=34 | Audit 2026 device/Office assets.xlsx#Asset!row=35 | Audit 2026 device/Office assets.xlsx#Asset!row=36 | Audit 2026 device/Office assets.xlsx#Asset!row=37 | Audit 2026 device/Office assets.xlsx#Asset!row=38 | Audit 2026 device/Office assets.xlsx#Asset!row=39 | Audit 2026 device/Office assets.xlsx#Asset!row=40 | Audit 2026 device/Office assets.xlsx#Asset!row=41 | Audit 2026 device/Office assets.xlsx#Asset!row=42 | Audit 2026 device/Office assets.xlsx#Asset!row=43 | Audit 2026 device/Office assets.xlsx#Asset!row=44 | Audit 2026 device/Office assets.xlsx#Asset!row=45 | Audit 2026 device/Office assets.xlsx#Asset!row=46 | Audit 2026 device/Office assets.xlsx#Asset!row=47 | Audit 2026 device/Office assets.xlsx#Asset!row=48 | Audit 2026 device/Office assets.xlsx#Asset!row=49 | Audit 2026 device/Office assets.xlsx#Asset!row=50 | Audit 2026 device/Office assets.xlsx#Asset!row=51 | Audit 2026 device/Office assets.xlsx#Asset!row=52 | Audit 2026 device/Office assets.xlsx#Asset!row=53 | Audit 2026 device/Office assets.xlsx#Asset!row=54 | Audit 2026 device/Office assets.xlsx#Asset!row=55 | Audit 2026 device/Office assets.xlsx#Asset!row=56 | Audit 2026 device/Office assets.xlsx#Asset!row=57 | Audit 2026 device/Office assets.xlsx#Asset!row=58 | Audit 2026 device/Office assets.xlsx#Asset!row=59 | Audit 2026 device/Office assets.xlsx#Asset!row=60 | Audit 2026 device/Office assets.xlsx#Asset!row=61 | Audit 2026 device/Office assets.xlsx#Asset!row=62 | Audit 2026 device/Office assets.xlsx#Asset!row=63 | Audit 2026 device/Office assets.xlsx#Asset!row=64 | Audit 2026 device/Office assets.xlsx#Asset!row=65 | Audit 2026 device/Office assets.xlsx#Asset!row=66 | Audit 2026 device/Office assets.xlsx#Asset!row=67 | Audit 2026 device/Office assets.xlsx#Asset!row=68 | Audit 2026 device/Office assets.xlsx#Asset!row=69 | Audit 2026 device/Office assets.xlsx#Asset!row=70 | Audit 2026 device/Office assets.xlsx#Asset!row=71 | Audit 2026 device/Office assets.xlsx#Asset!row=72 | Audit 2026 device/Office assets.xlsx#Asset!row=73 | Audit 2026 device/Office assets.xlsx#Asset!row=74 | Audit 2026 device/Office assets.xlsx#Asset!row=75 | Audit 2026 device/Office assets.xlsx#Asset!row=76 | Audit 2026 device/Office assets.xlsx#Asset!row=77 | Audit 2026 device/Office assets.xlsx#Asset!row=78 | Audit 2026 device/Office assets.xlsx#Asset!row=79 | Audit 2026 device/Office assets.xlsx#Asset!row=80 | Audit 2026 device/Office assets.xlsx#Asset!row=81 | Audit 2026 device/Office assets.xlsx#Asset!row=82 | Audit 2026 device/Office assets.xlsx#Asset!row=83 | Audit 2026 device/Office assets.xlsx#Asset!row=84 | Audit 2026 device/Office assets.xlsx#Asset!row=85 | Audit 2026 device/Office assets.xlsx#Asset!row=86 | Audit 2026 device/Office assets.xlsx#Asset!row=87 | Audit 2026 device/Office assets.xlsx#Asset!row=88 | Audit 2026 device/Office assets.xlsx#Asset!row=89 | Audit 2026 device/Office assets.xlsx#Asset!row=90 | Audit 2026 device/Office assets.xlsx#Asset!row=91 | Audit 2026 device/Office assets.xlsx#Asset!row=92 | Audit 2026 device/Office assets.xlsx#Asset!row=93 | Audit 2026 device/Office assets.xlsx#Asset!row=94 | Audit 2026 device/Office assets.xlsx#Asset!row=95 | Audit 2026 device/Office assets.xlsx#Asset!row=96 | Audit 2026 device/Office assets.xlsx#Asset!row=97 | Audit 2026 device/Office assets.xlsx#Asset!row=98 | Audit 2026 device/Office assets.xlsx#Asset!row=99 | Audit 2026 device/Office assets.xlsx#Asset!row=100 | Audit 2026 device/Office assets.xlsx#Asset!row=101 | Audit 2026 device/Office assets.xlsx#Asset!row=102 | Audit 2026 device/Office assets.xlsx#Asset!row=103 | Audit 2026 device/Office assets.xlsx#Asset!row=104 | Audit 2026 device/Office assets.xlsx#Asset!row=105 | Audit 2026 device/Office assets.xlsx#Asset!row=106 | Audit 2026 device/Office assets.xlsx#Asset!row=107 | Audit 2026 device/Office assets.xlsx#Asset!row=108 | Audit 2026 device/Office assets.xlsx#Asset!row=109 | Audit 2026 device/Office assets.xlsx#Asset!row=110 | Audit 2026 device/Office assets.xlsx#Asset!row=111 | Data clear/05_Broken_and_Transfers_Cleaned.xlsx#Office_Broken!row=3 | Data clear/05_Broken_and_Transfers_Cleaned.xlsx#Office_Broken!row=4 | Data clear/05_Broken_and_Transfers_Cleaned.xlsx#Office_Broken!row=6 | Data clear/05_Broken_and_Transfers_Cleaned.xlsx#Office_Broken!row=7 | Data clear/05_Broken_and_Transfers_Cleaned.xlsx#Office_Broken!row=12 | Data clear/05_Broken_and_Transfers_Cleaned.xlsx#Office_Broken!row=13 | Data clear/05_Broken_and_Transfers_Cleaned.xlsx#Office_Broken!row=14 | Data clear/05_Broken_and_Transfers_Cleaned.xlsx#Office_Broken!row=15 | Data clear/05_Broken_and_Transfers_Cleaned.xlsx#Office_Broken!row=16 | Data clear/05_Broken_and_Transfers_Cleaned.xlsx#Transfer_Map_Fashion!row=6 | Data clear/05_Broken_and_Transfers_Cleaned.xlsx#Transfer_Map_Fashion!row=7 | Data clear/05_Broken_and_Transfers_Cleaned.xlsx#Transfer_Map_Fashion!row=8 | Data clear/05_Broken_and_Transfers_Cleaned.xlsx#Transfer_Map_Fashion!row=9 | Data clear/05_Broken_and_Transfers_Cleaned.xlsx#Transfer_Map_Fashion!row=10 | Data clear/05_Broken_and_Transfers_Cleaned.xlsx#Transfer_Map_Fashion!row=11,true
HN,Office Hà Nội,Office,North,,,,,MAP-VN,,true
IT_STOCK,Kho IT Stock,Warehouse,,,,,,MAP-VN,Asset management/Transititons/IT tool.xlsx#Mini PC status!row=2 | Asset management/Transititons/IT tool.xlsx#Mini PC status!row=3 | Asset management/Transititons/IT tool.xlsx#Mini PC status!row=4 | Asset management/Transititons/IT tool.xlsx#Mini PC status!row=5 | Asset management/Transititons/IT tool.xlsx#Mini PC status!row=6 | Asset management/Transititons/IT tool.xlsx#Mini PC status!row=7 | Asset management/Transititons/IT tool.xlsx#Mini PC status!row=8 | Asset management/Transititons/IT tool.xlsx#Mini PC status!row=9 | Asset management/Transititons/IT tool.xlsx#Mini PC status!row=10,true
DSV,Kho DSV,Warehouse,,,,,,MAP-VN,Audit 2026 device/Data store/Audit/A003.xlsx#A003 ASICS GOLD COAST!row=2 | Audit 2026 device/Data store/Audit/A003.xlsx#A003 ASICS GOLD COAST!row=14 | Audit 2026 device/Data store/Audit/VA18.xlsx#VA18 NEW BALANCE AEON HA DONG!row=2 | Audit 2026 device/Data store/Audit/VA24.xlsx#VA24 NEW BALANCE VINCOM BATRIEU!row=2 | Audit 2026 device/Data store/Audit/VA24.xlsx#VA24 NEW BALANCE VINCOM BATRIEU!row=16 | Audit 2026 device/Data store/Audit/VH03.xlsx#VH03 SKECHERS AEON HAI PHONG!row=2 | Audit 2026 device/Data store/Audit/VH03.xlsx#VH03 SKECHERS AEON HAI PHONG!row=2 | Audit 2026 device/Data store/Audit/VH03.xlsx#VH03 SKECHERS AEON HAI PHONG!row=3 | Audit 2026 device/Data store/Audit/VH03.xlsx#VH03 SKECHERS AEON HAI PHONG!row=22 | Asset management/Warehouse/Asset_List_DSV.xlsx#Asset List!row=2 | Asset management/Warehouse/Asset_List_DSV.xlsx#Asset List!row=3 | Asset management/Warehouse/Asset_List_DSV.xlsx#Asset List!row=3 | Asset management/Warehouse/Asset_List_DSV.xlsx#Asset List!row=3 | Asset management/Warehouse/Asset_List_DSV.xlsx#Asset List!row=3 | Asset management/Warehouse/Asset_List_DSV.xlsx#Asset List!row=3 | Asset management/Warehouse/Asset_List_DSV.xlsx#Asset List!row=3 | Asset management/Warehouse/Asset_List_DSV.xlsx#Asset List!row=3 | Asset management/Warehouse/Asset_List_DSV.xlsx#Asset List!row=4 | Asset management/Warehouse/Asset_List_DSV.xlsx#Asset List!row=5 | Asset management/Warehouse/Asset_List_DSV.xlsx#Asset List!row=5 | Asset management/Warehouse/Asset_List_DSV.xlsx#Asset List!row=5 | Asset management/Warehouse/Asset_List_DSV.xlsx#Asset List!row=5 | Asset management/Warehouse/Asset_List_DSV.xlsx#Asset List!row=5 | Asset management/Warehouse/Asset_List_DSV.xlsx#Asset List!row=5 | Asset management/Warehouse/Asset_List_DSV.xlsx#Asset List!row=5 | Asset management/Warehouse/Asset_List_DSV.xlsx#Asset List!row=5 | Asset management/Warehouse/Asset_List_DSV.xlsx#Asset List!row=6 | Asset management/Warehouse/Asset_List_DSV.xlsx#Asset List!row=6 | Asset management/Warehouse/Asset_List_DSV.xlsx#Asset List!row=6 | Asset management/Warehouse/Asset_List_DSV.xlsx#Asset List!row=6 | Asset management/Warehouse/Asset_List_DSV.xlsx#Asset List!row=6 | Asset management/Warehouse/Asset_List_DSV.xlsx#Asset List!row=6 | Asset management/Warehouse/Asset_List_DSV.xlsx#Asset List!row=6 | Asset management/Warehouse/Asset_List_DSV.xlsx#Asset List!row=6 | Asset management/Warehouse/Asset_List_DSV.xlsx#Asset List!row=7 | Asset management/Warehouse/Asset_List_DSV.xlsx#Asset List!row=7 | Asset management/Warehouse/Asset_List_DSV.xlsx#Asset List!row=8 | Asset management/Warehouse/Asset_List_DSV.xlsx#Asset List!row=8 | Asset management/Warehouse/Asset_List_DSV.xlsx#Asset List!row=8 | Asset management/Warehouse/Asset_List_DSV.xlsx#Asset List!row=9 | Asset management/Warehouse/Asset_List_DSV.xlsx#Asset List!row=10 | Asset management/Warehouse/Asset_List_DSV.xlsx#Asset List!row=10 | Asset management/Warehouse/Asset_List_DSV.xlsx#Asset List!row=10 | Asset management/Warehouse/Asset_List_DSV.xlsx#Asset List!row=10 | Asset management/Warehouse/Asset_List_DSV.xlsx#Asset List!row=11 | Asset management/Warehouse/Asset_List_DSV.xlsx#Asset List!row=11 | Asset management/Warehouse/Asset_List_DSV.xlsx#Asset List!row=12 | Asset management/Warehouse/Asset_List_DSV.xlsx#Asset List!row=12 | Asset management/Warehouse/Asset_List_DSV.xlsx#Asset List!row=12 | Asset management/Warehouse/Asset_List_DSV.xlsx#Asset List!row=12 | Asset management/Warehouse/Asset_List_DSV.xlsx#Asset List!row=13 | Asset management/Warehouse/Asset_List_DSV.xlsx#Asset List!row=13 | Asset management/Warehouse/Asset_List_DSV.xlsx#Asset List!row=13 | Asset management/Warehouse/Asset_List_DSV.xlsx#Asset List!row=13 | Asset management/Warehouse/Asset_List_DSV.xlsx#Asset List!row=13 | Asset management/Warehouse/Asset_List_DSV.xlsx#Asset List!row=14 | Asset management/Warehouse/Asset_List_DSV.xlsx#Asset List!row=14 | Asset management/Warehouse/Asset_List_DSV.xlsx#Asset List!row=14 | Asset management/Warehouse/Asset_List_DSV.xlsx#Asset List!row=15 | Asset management/Warehouse/Asset_List_DSV.xlsx#Asset List!row=15 | Asset management/Warehouse/Asset_List_DSV.xlsx#Asset List!row=15 | Asset management/Warehouse/Asset_List_DSV.xlsx#Asset List!row=16 | Asset management/Warehouse/Asset_List_DSV.xlsx#Asset List!row=16 | Asset management/Warehouse/Asset_List_DSV.xlsx#Asset List!row=17 | Asset management/Warehouse/Asset_List_DSV.xlsx#Asset List!row=17 | Asset management/Warehouse/Asset_List_DSV.xlsx#Asset List!row=18 | Asset management/Warehouse/Asset_List_DSV.xlsx#Asset List!row=19 | Asset management/Warehouse/Asset_List_DSV.xlsx#Asset List!row=20 | Asset management/Warehouse/Asset_List_DSV.xlsx#Asset List!row=20,true
GEODIS,Kho Geodis,Warehouse,,,,,,MAP-VN,Asset management/Warehouse/Geodis device.xlsx#Sheet1!row=2 | Asset management/Warehouse/Geodis device.xlsx#Sheet1!row=3 | Asset management/Warehouse/Geodis device.xlsx#Sheet1!row=4 | Asset management/Warehouse/Geodis device.xlsx#Sheet1!row=5 | Asset management/Warehouse/Geodis device.xlsx#Sheet1!row=6 | Asset management/Warehouse/Geodis device.xlsx#Sheet1!row=7 | Asset management/Warehouse/Geodis device.xlsx#Sheet1!row=8 | Asset management/Warehouse/Geodis device.xlsx#Sheet1!row=9 | Asset management/Warehouse/Geodis device.xlsx#Sheet1!row=10 | Asset management/Warehouse/Geodis device.xlsx#Sheet1!row=11 | Asset management/Warehouse/Geodis device.xlsx#Sheet1!row=12 | Asset management/Warehouse/Geodis device.xlsx#Sheet1!row=13 | Asset management/Warehouse/Geodis device.xlsx#Sheet1!row=14 | Asset management/Warehouse/Geodis device.xlsx#Sheet1!row=15 | Asset management/Warehouse/Geodis device.xlsx#Sheet1!row=16 | Asset management/Warehouse/Geodis device.xlsx#Sheet1!row=17 | Asset management/Warehouse/Geodis device.xlsx#Sheet1!row=18 | Asset management/Warehouse/Geodis device.xlsx#Sheet1!row=19 | Asset management/Warehouse/Geodis device.xlsx#Sheet1!row=20 | Asset management/Warehouse/Geodis device.xlsx#Sheet1!row=21 | Asset management/Warehouse/Geodis device.xlsx#Sheet1!row=22 | Asset management/Warehouse/Geodis device.xlsx#Sheet1!row=23 | Asset management/Warehouse/Geodis device.xlsx#Sheet1!row=24 | Asset management/Warehouse/Geodis device.xlsx#Sheet1!row=25,true
MAP_FASHION,Map Fashion (transfer destination - needs confirmation),External,,,,,,MAP-VN,,true
