transaction_key,item,transaction_type,quantity,transaction_date,unit,assigned_to,serial_numbers,description,remark,source_ref
STK-0C68BEF8E6,Ram 4Gb,IN,4,16/02/2024,pcs,Stock IT,,,,Asset management/Transititons/IT tool.xlsx#Infra Device (transactions)!row=2
STK-6BFD9B9078,Ram 4Gb,OUT,1,16/02/2024,pcs,linh.lengocmy,,upgrade linh.lengocmy's laptop,Broken: can't fix None-use: Don't use anymore and don't the status of device,Asset management/Transititons/IT tool.xlsx#Infra Device (transactions)!row=3
STK-CD7AC3D38A,Maken MK410,IN,8,22/02/2024,pcs,Stock IT,MK410221102420MK410220300197MK410211201000MK410211201512MK410220300423MK410221102371MK410221102347MK410220300326,,,Asset management/Transititons/IT tool.xlsx#Infra Device (transactions)!row=4
STK-6ECB182A61,Antech,IN,1,22/02/2024,pcs,Stock IT,DGAV141220180773B5AT100009,,,Asset management/Transititons/IT tool.xlsx#Infra Device (transactions)!row=5
STK-F50EC597E0,Poscom,IN,2,22/02/2024,pcs,Stock IT,2020092533,,,Asset management/Transititons/IT tool.xlsx#Infra Device (transactions)!row=6
STK-77230E06A8,KA410,IN,1,22/02/2024,pcs,Stock IT,20230526081,,,Asset management/Transititons/IT tool.xlsx#Infra Device (transactions)!row=7
STK-B2BBEB41F4,Cash drawer of mall,IN,1,22/02/2024,pcs,Stock IT,200414009618,Quỳnh AM đóng nhầm cash drawer của smart city,,Asset management/Transititons/IT tool.xlsx#Infra Device (transactions)!row=8
STK-E58A2A99EC,Epson L850,IN,1,22/02/2024,pcs,Stock IT,UTUY000488,Broken -Mr.Dat confirmed can't fix because don't have replacement components,,Asset management/Transititons/IT tool.xlsx#Infra Device (transactions)!row=9
STK-CED08CCFA8,HP Laserjet P2055D,IN,1,22/02/2024,pcs,Stock IT,CNCJY00421,Broken -Mr.Dat confirmed can't fix because don't have replacement components,,Asset management/Transititons/IT tool.xlsx#Infra Device (transactions)!row=10
STK-1FEE85A775,Epson TM-U220A,IN,3,22/02/2024,pcs,Stock IT,L98F275060L97F002416L9CF300124,"Lose power supply, usb cable - Indo not use this model anymore (Mr.Dat confirmed)",,Asset management/Transititons/IT tool.xlsx#Infra Device (transactions)!row=11
STK-128130574C,Canon L11121E,IN,1,22/02/2024,pcs,Stock IT,NMYA744682,Old,,Asset management/Transititons/IT tool.xlsx#Infra Device (transactions)!row=12
STK-8E57FD8CC9,Canon LBP 2900,IN,1,22/02/2024,pcs,Stock IT,NMYA783808,"New, lô hàng satatech",,Asset management/Transititons/IT tool.xlsx#Infra Device (transactions)!row=13
STK-37D29D5A9A,HP Laserjet pro M15w,IN,1,22/02/2024,pcs,Stock IT,VNC3K04690,Old,,Asset management/Transititons/IT tool.xlsx#Infra Device (transactions)!row=14
STK-64D9EA0015,HP Laserjet pro M15w,IN,1,22/02/2024,pcs,Stock IT,VNC3K04070,Old,,Asset management/Transititons/IT tool.xlsx#Infra Device (transactions)!row=15
STK-A92CA4A305,HP Laserjet pro M15w,IN,1,22/02/2024,pcs,Stock IT,VNC3K05078,Old,,Asset management/Transititons/IT tool.xlsx#Infra Device (transactions)!row=16
STK-EA915F3049,HP Laserjet pro M12w,IN,1,22/02/2024,pcs,Stock IT,VNCW613481,Old,,Asset management/Transititons/IT tool.xlsx#Infra Device (transactions)!row=17
STK-64529A7CCA,Antech,IN,1,22/02/2024,pcs,Stock IT,DGAV141220180609,Old,,Asset management/Transititons/IT tool.xlsx#Infra Device (transactions)!row=18
STK-B602C8D3A7,HP Pavilion 550-029I,IN,1,22/02/2024,pcs,Location: Pantry room,4CE5360DVB,Old,,Asset management/Transititons/IT tool.xlsx#Infra Device (transactions)!row=19
STK-D1306C850C,PC-none use,IN,4,22/02/2024,pcs,Location: Pantry room,,Don't know information - don't have any info on the case,,Asset management/Transititons/IT tool.xlsx#Infra Device (transactions)!row=20
STK-D83A7EC316,HDD 500Gb,IN,1,22/02/2024,pcs,Stock IT,W62LE31F,Old,,Asset management/Transititons/IT tool.xlsx#Infra Device (transactions)!row=21
STK-9F6489EDE2,HDD 500Gb,IN,1,22/02/2024,pcs,Stock IT,W62KW2KT,Old,,Asset management/Transititons/IT tool.xlsx#Infra Device (transactions)!row=22
STK-9E8D7D73D6,HDD 500Gb,IN,1,22/02/2024,pcs,Stock IT,W62L7N1A,Old,,Asset management/Transititons/IT tool.xlsx#Infra Device (transactions)!row=23
STK-E83A912677,HDD 500Gb,IN,1,22/02/2024,pcs,Stock IT,W62LFH4H,Old,,Asset management/Transititons/IT tool.xlsx#Infra Device (transactions)!row=24
STK-01BFA44996,HDD 500Gb,IN,1,22/02/2024,pcs,Stock IT,W62KWFS9,Old,,Asset management/Transititons/IT tool.xlsx#Infra Device (transactions)!row=25
STK-48B75790AD,HDD 500Gb,IN,1,22/02/2024,pcs,Stock IT,W62LFM8W,Old,,Asset management/Transititons/IT tool.xlsx#Infra Device (transactions)!row=26
STK-33EECC7F4A,HDD 500Gb,IN,1,22/02/2024,pcs,Stock IT,W62L7N7S,Old,,Asset management/Transititons/IT tool.xlsx#Infra Device (transactions)!row=27
STK-6C1E4A6CB3,HP ProDesk 400 G3 DM,IN,1,26/02/2024,pcs,ZK05-ZW05-ZV05,8CG7127F7Q,Bazzar,,Asset management/Transititons/IT tool.xlsx#Infra Device (transactions)!row=28
STK-095E111B3C,HP ProDesk 400 G3 DM,IN,1,26/02/2024,pcs,ZV01-H103-H104,8CG8105MSK,Bazzar,,Asset management/Transititons/IT tool.xlsx#Infra Device (transactions)!row=29
STK-697D3742DF,HP ProDesk 400 G3 DM,IN,1,26/02/2024,pcs,H101-H102,8CG75234Q2,Bazzar,,Asset management/Transititons/IT tool.xlsx#Infra Device (transactions)!row=30
STK-CDB1F8D7EC,HP 280 G3 MT,IN,1,26/02/2024,pcs,None-info,4CE7385WT0,none-info,,Asset management/Transititons/IT tool.xlsx#Infra Device (transactions)!row=31
STK-758B4808AD,HP 190V,IN,1,26/02/2024,pcs,ZK05-ZW05-ZV05-ZV01-H103-H104-H101-H102,1CR8420G66,,,Asset management/Transititons/IT tool.xlsx#Infra Device (transactions)!row=32
STK-E27B753C87,HP 190V,IN,1,26/02/2024,pcs,VN17,1CR82307D4,,,Asset management/Transititons/IT tool.xlsx#Infra Device (transactions)!row=33
STK-CB66AB3858,HP 190V,IN,1,26/02/2024,pcs,VF02,1CR84126GF,,,Asset management/Transititons/IT tool.xlsx#Infra Device (transactions)!row=34
STK-44A0C44BBF,HP 194V,IN,1,26/02/2024,pcs,,3CQ6361YDZ,IT-BACKUP,,Asset management/Transititons/IT tool.xlsx#Infra Device (transactions)!row=35
STK-17C29F8145,HP 190V,IN,1,26/02/2024,pcs,PO01,1CR82307CY,Mất đế,,Asset management/Transititons/IT tool.xlsx#Infra Device (transactions)!row=36
STK-D004F79CE5,HP 190V,IN,1,26/02/2024,pcs,PO01,1CR82307CJ,Mất đế,,Asset management/Transititons/IT tool.xlsx#Infra Device (transactions)!row=37
STK-554160888A,AOC 1619Sw,IN,1,26/02/2024,pcs,,BMNB3JA000570,Old,,Asset management/Transititons/IT tool.xlsx#Infra Device (transactions)!row=38
STK-C864C011A4,AOC 931Swl,IN,1,26/02/2024,pcs,,CLCBCHA033328,Old,,Asset management/Transititons/IT tool.xlsx#Infra Device (transactions)!row=39
STK-67F35825BC,Samsung B1930N,IN,1,26/02/2024,pcs,,1458HYTZ912979F,Old,,Asset management/Transititons/IT tool.xlsx#Infra Device (transactions)!row=40
STK-44A9EBD0BE,Acer P196HQL,IN,1,26/02/2024,pcs,,MMLNNSS002238003D34301,Old,,Asset management/Transititons/IT tool.xlsx#Infra Device (transactions)!row=41
STK-C3BC7158EA,AOC 931Swl,IN,1,26/02/2024,pcs,,CLCBAHA018980,Old,,Asset management/Transititons/IT tool.xlsx#Infra Device (transactions)!row=42
STK-485D74527E,D-LINK DIR-619L,IN,1,26/02/2024,pcs,,RZPK2G2000820,,,Asset management/Transititons/IT tool.xlsx#Infra Device (transactions)!row=43
STK-365FD1AA60,Lion (3 Port),IN,1,26/02/2024,pcs,,,,,Asset management/Transititons/IT tool.xlsx#Infra Device (transactions)!row=44
STK-C7F9EE3830,Power socket,IN,2,26/02/2024,pcs,,,,,Asset management/Transititons/IT tool.xlsx#Infra Device (transactions)!row=45
STK-AF1C23B774,Cable extend usb,IN,1,26/02/2024,pcs,,,IT Tool,,Asset management/Transititons/IT tool.xlsx#Infra Device (transactions)!row=46
STK-F9A2CE4E37,Comscope Cat5e,IN,2,26/02/2024,Box,,,,,Asset management/Transititons/IT tool.xlsx#Infra Device (transactions)!row=47
STK-1B5BBC129A,Keyboard,IN,17,26/02/2024,Pcs,,,,,Asset management/Transititons/IT tool.xlsx#Infra Device (transactions)!row=48
STK-74E5E050D8,Mouse,IN,16,26/02/2024,Pcs,,,,,Asset management/Transititons/IT tool.xlsx#Infra Device (transactions)!row=49
STK-F210D7DAB6,Aruba APIN0303,IN,1,26/02/2024,Pcs,,CNNZK9T2C8,FPT tặng khi kéo line internet dành cho mạng wifi guest,,Asset management/Transititons/IT tool.xlsx#Infra Device (transactions)!row=50
STK-9228A36709,Ruckus R720,IN,1,26/02/2024,Pcs,,312172007180,Set up cho office cũ,,Asset management/Transititons/IT tool.xlsx#Infra Device (transactions)!row=51
STK-EFA4F6A2C2,Ruckus R720,IN,1,26/02/2024,Pcs,,361803002766,Set up cho office cũ,,Asset management/Transititons/IT tool.xlsx#Infra Device (transactions)!row=52
STK-C13D7CF5F8,Avaya,IN,3,26/02/2024,Pcs,,19WZ29300DJW19WZ29300DHK19WZ29300D37,,,Asset management/Transititons/IT tool.xlsx#Infra Device (transactions)!row=53
STK-6AFE9D596C,HDMI to HDMI (3M),IN,1,26/02/2024,Pcs,,,IT Tool,,Asset management/Transititons/IT tool.xlsx#Infra Device (transactions)!row=54
STK-9A66A344FF,TPink TL-WN725N,IN,1,26/02/2024,Pcs,,222B4M9005853,IT Tool,,Asset management/Transititons/IT tool.xlsx#Infra Device (transactions)!row=55
STK-9C37D0DB0B,Mercusys,IN,1,26/02/2024,Pcs,,22253D9009592,IT Tool,,Asset management/Transititons/IT tool.xlsx#Infra Device (transactions)!row=56
STK-F7F4BAFD1B,Mercusys,IN,1,26/02/2024,Pcs,,22253D8008268,IT Tool,,Asset management/Transititons/IT tool.xlsx#Infra Device (transactions)!row=57
STK-870E23CBA4,Mercusys,IN,1,26/02/2024,Pcs,,22253D9009871,IT Tool,,Asset management/Transititons/IT tool.xlsx#Infra Device (transactions)!row=58
STK-0C87485D9D,Ugreen 4 port,IN,1,26/02/2024,Pcs,,SN2100201238804,IT Tool,,Asset management/Transititons/IT tool.xlsx#Infra Device (transactions)!row=59
STK-0E02E32AB0,VGA to HDMI,IN,1,26/02/2024,Pcs,,,IT Tool,,Asset management/Transititons/IT tool.xlsx#Infra Device (transactions)!row=60
STK-85980347C0,HDMI to HDMI (2M),IN,1,26/02/2024,Pcs,,,IT Tool,,Asset management/Transititons/IT tool.xlsx#Infra Device (transactions)!row=61
STK-7679BD9417,HDMI to HDMI (1M) - Baseus,IN,1,26/02/2024,Pcs,,,IT Tool,,Asset management/Transititons/IT tool.xlsx#Infra Device (transactions)!row=62
STK-7FA0F13D2F,Lexar-32Gb,IN,3,26/02/2024,Pcs,,,IT Tool,,Asset management/Transititons/IT tool.xlsx#Infra Device (transactions)!row=63
STK-A6D638B7DE,Mercusys,IN,1,26/02/2024,Pcs,,22172W5002268,IT Tool,,Asset management/Transititons/IT tool.xlsx#Infra Device (transactions)!row=64
STK-3A2AEF53FB,Usb to Lan - Orico,IN,1,26/02/2024,Pcs,,,IT Tool,,Asset management/Transititons/IT tool.xlsx#Infra Device (transactions)!row=65
STK-142AE4E8E1,Hub Usb Orico 4 Port,IN,1,26/02/2024,Pcs,,,IT Tool,,Asset management/Transititons/IT tool.xlsx#Infra Device (transactions)!row=66
STK-8CD29C4CF0,HDMI to HDMI - Unitek,IN,1,26/02/2024,Pcs,,,IT Tool,,Asset management/Transititons/IT tool.xlsx#Infra Device (transactions)!row=67
STK-967781FC54,Usb to Lan - Ugreen,IN,1,26/02/2024,Pcs,,,IT Tool,,Asset management/Transititons/IT tool.xlsx#Infra Device (transactions)!row=68
STK-D2CAC68BE7,Display port to Display Port,IN,1,26/02/2024,Pcs,,,IT Tool,,Asset management/Transititons/IT tool.xlsx#Infra Device (transactions)!row=69
STK-C4D6982FB3,HDMI to HDMI - Unitek,IN,1,26/02/2024,Pcs,,,IT Tool,,Asset management/Transititons/IT tool.xlsx#Infra Device (transactions)!row=70
STK-F069DAEE42,Dlink - DSL 2640B,IN,1,26/02/2024,Pcs,,,IT Tool,,Asset management/Transititons/IT tool.xlsx#Infra Device (transactions)!row=71
STK-6198D23A04,Usb to Lan - Baseus,IN,1,26/02/2024,Pcs,,,IT Tool,,Asset management/Transititons/IT tool.xlsx#Infra Device (transactions)!row=72
STK-BC10514EA2,Hub Usb Unitek - 4 Port,IN,4,26/02/2024,Pcs,,,IT Tool,,Asset management/Transititons/IT tool.xlsx#Infra Device (transactions)!row=73
STK-DDE5A6EC58,Unitek - HDMI to VGA,IN,1,26/02/2024,Pcs,,,IT Tool,,Asset management/Transititons/IT tool.xlsx#Infra Device (transactions)!row=74
STK-27F3935687,Epson Usb wifi,IN,1,27/02/2024,Pcs,,,IT Tool,,Asset management/Transititons/IT tool.xlsx#Infra Device (transactions)!row=75
STK-EACFEABE80,Usb To Lan - Asus,IN,1,27/02/2024,Pcs,,,IT Tool,,Asset management/Transititons/IT tool.xlsx#Infra Device (transactions)!row=76
STK-822A696466,Epson TM-82II,IN,1,27/02/2024,Pcs,,TCEY002724,Use for ZV08,,Asset management/Transititons/IT tool.xlsx#Infra Device (transactions)!row=77
STK-C388958B56,Epson TM-82II,IN,1,27/02/2024,Pcs,,TCEY004688,IT Backup,,Asset management/Transititons/IT tool.xlsx#Infra Device (transactions)!row=78
STK-4CA46ED1D1,Epson TM-82II,IN,1,27/02/2024,Pcs,,TCCY011123,IT Backup,,Asset management/Transititons/IT tool.xlsx#Infra Device (transactions)!row=79
STK-242B8361FC,Epson TM-82II,IN,1,27/02/2024,Pcs,,TCCY011122,IT Backup,,Asset management/Transititons/IT tool.xlsx#Infra Device (transactions)!row=80
STK-A982EF9F9C,Laptop Thinkpad X280,IN,1,27/02/2024,Pcs,,PC0VT5RC,IT Backup,,Asset management/Transititons/IT tool.xlsx#Infra Device (transactions)!row=81
STK-79DD583326,Laptop Dell Latitude 3520,IN,1,27/02/2024,Pcs,,5R4JGL3,IT Backup,,Asset management/Transititons/IT tool.xlsx#Infra Device (transactions)!row=82
STK-C8AF369B38,Laptop Dell Latitude 3520,IN,1,27/02/2024,Pcs,,DP8VKG3,IT Backup,,Asset management/Transititons/IT tool.xlsx#Infra Device (transactions)!row=83
STK-30CDA3BCBE,Laptop Dell Latitude 3520,IN,1,27/02/2024,Pcs,,6S4JGL3,IT Backup,,Asset management/Transititons/IT tool.xlsx#Infra Device (transactions)!row=84
STK-31D7BC1434,Laptop Dell Latitude 3520,IN,1,27/02/2024,Pcs,,4R4JGL3,"Laptop trước là của Phan Bảo Hoàng làm rớt bể không xài được nữa, không có nguồn, mất 1 ram. Anh Đạt nói lúc đó chưa có quy trình bảo hành hay đền gì hết chỉ cấp máy mới cho Hoang nên cần phải check lại với team HR.",,Asset management/Transititons/IT tool.xlsx#Infra Device (transactions)!row=85
STK-46BCF38467,Laptop Dell Latitude 5430,IN,1,27/02/2024,Pcs,,4084RV3,IT Backup,,Asset management/Transititons/IT tool.xlsx#Infra Device (transactions)!row=86
STK-B2BAF7568F,Laptop Dell Latitude 5430,IN,1,27/02/2024,Pcs,,F083SQ3,Maintanance,,Asset management/Transititons/IT tool.xlsx#Infra Device (transactions)!row=87
STK-7BB5BCDD28,Laptop HP 14s-cf2xxx,IN,1,27/02/2024,Pcs,,5CG11088PT,IT Backup,,Asset management/Transititons/IT tool.xlsx#Infra Device (transactions)!row=88
STK-A2A36F9F8C,HP 4-1011TU,IN,1,27/02/2024,Pcs,,CND218PWRZ,Máy cũ cấp cho anh Thắng COE từ rất lâu,,Asset management/Transititons/IT tool.xlsx#Infra Device (transactions)!row=89
STK-0510B6AD49,HP Elitebook 840 G4,IN,1,27/02/2024,Pcs,,CG7325LVQ,không biết mãy này trước của ai,,Asset management/Transititons/IT tool.xlsx#Infra Device (transactions)!row=90
STK-32210868F8,HP Probook 440 G2,IN,1,27/02/2024,Pcs,,,,,Asset management/Transititons/IT tool.xlsx#Infra Device (transactions)!row=91
STK-42B28CC862,Dell Vostro 14-5480,IN,1,27/02/2024,Pcs,,,,,Asset management/Transititons/IT tool.xlsx#Infra Device (transactions)!row=92
STK-1CFF069C89,Laptop Dell Latitude 5430,IN,1,27/02/2024,Pcs,minh.lengocbao,GB23SQ3,Maintanance,,Asset management/Transititons/IT tool.xlsx#Infra Device (transactions)!row=93
STK-39BBCA8BCA,Laptop Dell Latitude 3520,IN,1,29/02/2024,pcs,,1P8VKG3,Resigned-tram.phanthibao (MKT,,Asset management/Transititons/IT tool.xlsx#Infra Device (transactions)!row=94
STK-EB069484BB,Brother Label,IN,5,29/02/2024,pcs,,,,,Asset management/Transititons/IT tool.xlsx#Infra Device (transactions)!row=95
STK-88E69D22E8,Laptop Dell Latitude 3520,IN,1,29/02/2024,pcs,,,IT backup-Lô hàng Cambodia,,Asset management/Transititons/IT tool.xlsx#Infra Device (transactions)!row=96
STK-6877CF0374,Laptop Dell Latitude 3520,IN,1,29/02/2024,pcs,,6XSSKS3,,,Asset management/Transititons/IT tool.xlsx#Infra Device (transactions)!row=97
STK-22DE49A6C4,Ổ SSD 256 Gb,IN,1,29/02/2024,pcs,,2109CY452920,Ổ cứng cũ của anh Sơn PD,,Asset management/Transititons/IT tool.xlsx#Infra Device (transactions)!row=98
STK-4205F71706,Ổ HDD,IN,1,29/02/2024,pcs,,,Bad,,Asset management/Transititons/IT tool.xlsx#Infra Device (transactions)!row=99
STK-B0ABC01725,Ổ HDD,IN,1,29/02/2024,pcs,,,POS PO01 - old,,Asset management/Transititons/IT tool.xlsx#Infra Device (transactions)!row=100
STK-29AA7E379B,Ổ HDD,IN,1,29/02/2024,pcs,,,Server PO01 -old,,Asset management/Transititons/IT tool.xlsx#Infra Device (transactions)!row=101
STK-4F4B282A3F,Ổ HDD,IN,1,29/02/2024,pcs,,,Server PO02-old,,Asset management/Transititons/IT tool.xlsx#Infra Device (transactions)!row=102
STK-8A77B2CD97,Ổ SSD 500 Gb,IN,1,29/02/2024,pcs,,S7BWNJ0W740274R,Samsung Evo-new (chuẩn bị cho máy VC03 cũ),,Asset management/Transititons/IT tool.xlsx#Infra Device (transactions)!row=103
STK-F9C6EAA687,Ổ SSD 500 Gb,IN,1,29/02/2024,pcs,,S7BWNJ0W745997E,Samsung Evo-new (chuẩn bị cho máy VF02 cũ),,Asset management/Transititons/IT tool.xlsx#Infra Device (transactions)!row=104
STK-A87D88DF54,Ổ SSD 500 Gb,OUT,1,29/02/2024,pcs,,S7BWNJ0W740274R,Samsung Evo-new (chuẩn bị cho máy VC03 cũ),,Asset management/Transititons/IT tool.xlsx#Infra Device (transactions)!row=105
STK-F0B5E3A811,Ổ SSD 500 Gb,OUT,1,29/02/2024,pcs,,S7BWNJ0W745997E,Samsung Evo-new (chuẩn bị cho máy VF02 cũ),,Asset management/Transititons/IT tool.xlsx#Infra Device (transactions)!row=106
STK-2A8B91B404,Ổ HDD,IN,1,29/02/2024,pcs,,W62L7N1A,PO02-Pos1,,Asset management/Transititons/IT tool.xlsx#Infra Device (transactions)!row=107
STK-A8B9976791,Ổ HDD,IN,1,29/02/2024,pcs,,W62LE31F,Admin-PO01,,Asset management/Transititons/IT tool.xlsx#Infra Device (transactions)!row=108
STK-1437D9FEF3,Ổ HDD,IN,1,29/02/2024,pcs,,W62KW2KT,POS02-PO01,,Asset management/Transititons/IT tool.xlsx#Infra Device (transactions)!row=109
STK-B28AD98A9E,Ổ HDD,IN,1,29/02/2024,pcs,,W62LFM8W,POS02-PO02,,Asset management/Transititons/IT tool.xlsx#Infra Device (transactions)!row=110
STK-50BFF36899,Avaya,IN,4,29/02/2024,pcs,,,Old,,Asset management/Transititons/IT tool.xlsx#Infra Device (transactions)!row=111
STK-242DC82BAE,Play MC500,IN,1,29/02/2024,pcs,,,Old,,Asset management/Transititons/IT tool.xlsx#Infra Device (transactions)!row=112
STK-2701DC07EB,TP-Link TL-SG116,IN,1,29/02/2024,pcs,,22064V6001872,IT Backup,,Asset management/Transititons/IT tool.xlsx#Infra Device (transactions)!row=113
STK-9F253B4400,D-Link DES-1016D,IN,1,29/02/2024,pcs,,F3065C9005771,IT Backup,,Asset management/Transititons/IT tool.xlsx#Infra Device (transactions)!row=114
STK-55E5728D57,D-Link DES-1016D,IN,1,29/02/2024,pcs,,QXHR1I4000091,IT Backup,,Asset management/Transititons/IT tool.xlsx#Infra Device (transactions)!row=115
STK-832D3A3436,D-Link DES-1016D,IN,1,29/02/2024,pcs,,S31U4I3002273,IT Backup,,Asset management/Transititons/IT tool.xlsx#Infra Device (transactions)!row=116
STK-A0BA8789F9,D-Link DES-1026G,IN,1,29/02/2024,pcs,,F38I5AB000135,IT Backup,,Asset management/Transititons/IT tool.xlsx#Infra Device (transactions)!row=117
STK-6BDABDBE05,Aruba HPE J9772A,IN,1,29/02/2024,pcs,,CN7AFP3302,IT Backup,,Asset management/Transititons/IT tool.xlsx#Infra Device (transactions)!row=118
STK-1CD33AFFBC,Draytek Vigor 300B,IN,1,29/02/2024,pcs,,188003671910,IT Backup,,Asset management/Transititons/IT tool.xlsx#Infra Device (transactions)!row=119
STK-FBC6788DE6,HP 190V,IN,1,29/02/2024,pcs,,1CR8420G4K,Cần sửa chữa,,Asset management/Transititons/IT tool.xlsx#Infra Device (transactions)!row=120
STK-F85693E6AF,HP 190V,IN,1,29/02/2024,pcs,,1CR8420G4Y,Cần sửa chữa,,Asset management/Transititons/IT tool.xlsx#Infra Device (transactions)!row=121
STK-9840D7A7B9,Lenovo tab M8,IN,1,2024-04-03 00:00:00,pcs,,HA1JYB4Z,IT backup,,Asset management/Transititons/IT tool.xlsx#Infra Device (transactions)!row=122
STK-EAAE236CEE,Lenovo tab M8,IN,1,2024-04-03 00:00:00,pcs,,HA1JZLX1,IT backup,,Asset management/Transititons/IT tool.xlsx#Infra Device (transactions)!row=123
STK-EC8807858D,Lenovo tab M8,IN,1,2024-04-03 00:00:00,pcs,,HA1JZCBD,IT backup,,Asset management/Transititons/IT tool.xlsx#Infra Device (transactions)!row=124
STK-4D8721C118,Lenovo tab M8,IN,1,2024-04-03 00:00:00,pcs,,HA1JZYJG,IT backup,,Asset management/Transititons/IT tool.xlsx#Infra Device (transactions)!row=125
STK-AE65D5B17D,Lenovo thunderbox 3 dock,IN,1,2024-04-03 00:00:00,pcs,,1S40ACZBK0AQ29,IT backup-Anh Đạt đang kím lại adapter,,Asset management/Transititons/IT tool.xlsx#Infra Device (transactions)!row=126
STK-651E4186A4,Lenovo thunderbox 3 dock,IN,1,2024-04-03 00:00:00,pcs,,HIDEN,IT backup,,Asset management/Transititons/IT tool.xlsx#Infra Device (transactions)!row=127
STK-6C77ABCB88,HDMI Switch,IN,1,2024-04-03 00:00:00,pcs,,HDMI0900058,IT backup,,Asset management/Transititons/IT tool.xlsx#Infra Device (transactions)!row=128
STK-D3E1BB56CB,KVM Switch,IN,1,2024-04-03 00:00:00,pcs,,F3I3-047-0524,IT backup,,Asset management/Transititons/IT tool.xlsx#Infra Device (transactions)!row=129
STK-1A45B2844B,Asus Dvd Record,IN,1,2024-04-03 00:00:00,pcs,,88D0BF873866,Nên thanh lý,,Asset management/Transititons/IT tool.xlsx#Infra Device (transactions)!row=130
STK-CC522DC6D5,Kensington-Combination Lock,IN,7,2024-04-03 00:00:00,pcs,,,IT Backup-Khóa laptop,,Asset management/Transititons/IT tool.xlsx#Infra Device (transactions)!row=131
STK-9533A5333E,Fortigate-80E,IN,1,2024-04-03 00:00:00,pcs,,FGT80ETK18006242,IT Backup,,Asset management/Transititons/IT tool.xlsx#Infra Device (transactions)!row=132
STK-B079FF2A43,Fortigate-60E,IN,1,2024-04-03 00:00:00,pcs,,FGT60ETK1809A9MK,IT Backup,,Asset management/Transititons/IT tool.xlsx#Infra Device (transactions)!row=133
STK-C2D81D7AB4,Fortigate-60E,IN,1,2024-04-03 00:00:00,pcs,,FGT60ETK18099JQS,IT Backup,,Asset management/Transititons/IT tool.xlsx#Infra Device (transactions)!row=134
STK-917EA8193C,Fortigate-60E,IN,1,2024-04-03 00:00:00,pcs,,FGT60ETK18050634,IT Backup,,Asset management/Transititons/IT tool.xlsx#Infra Device (transactions)!row=135
STK-751629C9BB,Finger printer,IN,1,2024-04-03 00:00:00,pcs,,6536180960135,IT Backup,,Asset management/Transititons/IT tool.xlsx#Infra Device (transactions)!row=136
STK-B0049E9963,Finger printer,IN,1,2024-04-03 00:00:00,pcs,,6536180960159,IT Backup,,Asset management/Transititons/IT tool.xlsx#Infra Device (transactions)!row=137
STK-25538C6AAE,Finger printer,IN,1,2024-04-03 00:00:00,pcs,,6536180960060,IT Backup,,Asset management/Transititons/IT tool.xlsx#Infra Device (transactions)!row=138
STK-B1244FE275,Pole Display LD220-HP,IN,1,2024-04-03 00:00:00,pcs,,2TD819AAEJ,IT Backup,,Asset management/Transititons/IT tool.xlsx#Infra Device (transactions)!row=139
STK-B40F9D2EC6,Pole Display LD220-HP,IN,1,2024-04-03 00:00:00,pcs,,2TD843AAAT,IT Backup,,Asset management/Transititons/IT tool.xlsx#Infra Device (transactions)!row=140
STK-CDD19EFC91,Pole Display LD220-HP,IN,1,2024-04-03 00:00:00,pcs,,2T819AAED,IT Backup,,Asset management/Transititons/IT tool.xlsx#Infra Device (transactions)!row=141
STK-6AF3B8FBA7,Pole Display VFD,IN,1,2024-04-03 00:00:00,pcs,,211130000034,IT Backup,,Asset management/Transititons/IT tool.xlsx#Infra Device (transactions)!row=142
STK-89AE536189,Pole Display VFD,IN,1,2024-04-03 00:00:00,pcs,,211130000024,IT Backup,,Asset management/Transititons/IT tool.xlsx#Infra Device (transactions)!row=143
STK-9D4637A8D9,Pole Display LD220-HP,OUT,1,2024-04-03 00:00:00,pcs,Anh Hiếu,2TD819AAEJ,Anh Hiếu mượn làm script,,Asset management/Transititons/IT tool.xlsx#Infra Device (transactions)!row=144
STK-A4D865B7AA,Grandstream GAC2500,IN,1,2024-04-03 00:00:00,pcs,,20NFCHJG4090D7F4,IT Backup,,Asset management/Transititons/IT tool.xlsx#Infra Device (transactions)!row=145
STK-8460B19B3D,Samsung S22E310HY,IN,1,2024-05-03 00:00:00,pcs,,ZZENH4LG900983K,IT backup-Không tìm thấy dây nguồn,,Asset management/Transititons/IT tool.xlsx#Infra Device (transactions)!row=146
STK-1CB6B9D15B,D-Link DES-1016D,IN,1,2024-05-03 00:00:00,pcs,,F30637A004130,IT Backup,,Asset management/Transititons/IT tool.xlsx#Infra Device (transactions)!row=147
STK-ABD6058BAF,HDMI to HDMI (3M),IN,1,2024-05-03 00:00:00,pcs,,,IT Backup,,Asset management/Transititons/IT tool.xlsx#Infra Device (transactions)!row=148
STK-B6703FE580,Datalogic QW2100,IN,1,2024-05-03 00:00:00,pcs,,G21E85959,IT Backup,,Asset management/Transititons/IT tool.xlsx#Infra Device (transactions)!row=149
STK-21B44B06F6,Datalogic QW2100,IN,1,2024-05-03 00:00:00,pcs,,G17MA2903,IT Backup,,Asset management/Transititons/IT tool.xlsx#Infra Device (transactions)!row=150
STK-1D53EE01E1,Datalogic QW2100,IN,1,2024-05-03 00:00:00,pcs,,UN-KNOW,IT Backup,,Asset management/Transititons/IT tool.xlsx#Infra Device (transactions)!row=151
STK-F82516EE9A,Datalogic QW2100,IN,1,2024-05-03 00:00:00,pcs,,G21M82786,IT Backup,,Asset management/Transititons/IT tool.xlsx#Infra Device (transactions)!row=152
STK-7B4C0A49F1,Datalogic QW2100,IN,1,2024-05-03 00:00:00,pcs,,,Bị hư,,Asset management/Transititons/IT tool.xlsx#Infra Device (transactions)!row=153
STK-961CE5950D,Epson EB-X31,IN,1,2024-05-03 00:00:00,pcs,,WEAK5900199,Máy chiếu-Error (Need to check),,Asset management/Transititons/IT tool.xlsx#Infra Device (transactions)!row=154
STK-E7051F5D11,KVM Switch,IN,1,2024-05-03 00:00:00,pcs,,C1Z3I5-028-0082,4 Ports,,Asset management/Transititons/IT tool.xlsx#Infra Device (transactions)!row=155
STK-02AA0F8E53,HP-PC Kit,IN,3,2024-05-03 00:00:00,pcs,,,IT Backup,,Asset management/Transititons/IT tool.xlsx#Infra Device (transactions)!row=156
STK-28183AAB4D,Vesa-PC Kit,IN,1,2024-05-03 00:00:00,pcs,,,IT Backup,,Asset management/Transititons/IT tool.xlsx#Infra Device (transactions)!row=157
STK-97DDB31A19,Postek printer,IN,1,2024-05-03 00:00:00,pcs,,I1623H0001,O2O,,Asset management/Transititons/IT tool.xlsx#Infra Device (transactions)!row=158
STK-5017073275,Postek printer,IN,1,2024-05-03 00:00:00,pcs,,I1623H0004,O2O,,Asset management/Transititons/IT tool.xlsx#Infra Device (transactions)!row=159
STK-9D703DF8C5,Postek printer,IN,1,2024-05-03 00:00:00,pcs,,I1623H0005,O2O,,Asset management/Transititons/IT tool.xlsx#Infra Device (transactions)!row=160
STK-3CF2222BF2,Postek printer,IN,1,2024-05-03 00:00:00,pcs,,I1622C0001,O2O,,Asset management/Transititons/IT tool.xlsx#Infra Device (transactions)!row=161
STK-D50C7070D0,Star-MCP31L BK EU,IN,1,2024-05-03 00:00:00,pcs,,2580022120601390,Radiant giao cho FL,,Asset management/Transititons/IT tool.xlsx#Infra Device (transactions)!row=162
STK-EBB9BDF6B8,Star-MCP31L BK EU,IN,1,2024-05-03 00:00:00,pcs,,2580022120601390,Radiant giao cho FL,,Asset management/Transititons/IT tool.xlsx#Infra Device (transactions)!row=163
STK-373C564F0E,Star-MCP31L BK EU,IN,1,2024-05-03 00:00:00,pcs,,2580022120601400,Radiant giao cho FL,,Asset management/Transititons/IT tool.xlsx#Infra Device (transactions)!row=164
STK-7D551B4B87,Star-SM-L200-UB40,IN,1,2024-05-03 00:00:00,pcs,,2530022102301140,Radiant giao cho FL,,Asset management/Transititons/IT tool.xlsx#Infra Device (transactions)!row=165
STK-20AD24E360,Star-SM-L200-UB40,IN,1,2024-05-03 00:00:00,pcs,,2530022102301150,Radiant giao cho FL,,Asset management/Transititons/IT tool.xlsx#Infra Device (transactions)!row=166
STK-43E5F6C990,Star-SM-T300I2-DB50,IN,1,2024-05-03 00:00:00,pcs,,2560023022000020,Radiant giao cho FL,,Asset management/Transititons/IT tool.xlsx#Infra Device (transactions)!row=167
STK-74072D5702,Star-SM-T300I2-DB50,IN,1,2024-05-03 00:00:00,pcs,,2560023022000020,Radiant giao cho FL,,Asset management/Transititons/IT tool.xlsx#Infra Device (transactions)!row=168
STK-85E7C41A82,Star-SM-T300I2-DB50,IN,1,2024-05-03 00:00:00,pcs,,2560023022000020,Radiant giao cho FL,,Asset management/Transititons/IT tool.xlsx#Infra Device (transactions)!row=169
STK-894FB4E80E,HP 190V,IN,1,2024-06-03 00:00:00,pcs,,3CQ633116Z,,,Asset management/Transititons/IT tool.xlsx#Infra Device (transactions)!row=170
STK-9E1AC8C80E,Aoc E960S,IN,1,2024-06-03 00:00:00,pcs,,AMWD19A002744,,,Asset management/Transititons/IT tool.xlsx#Infra Device (transactions)!row=171
STK-5851C58C83,LG L177WSB,IN,1,2024-06-03 00:00:00,pcs,,,,,Asset management/Transititons/IT tool.xlsx#Infra Device (transactions)!row=172
STK-AC0E79D95C,PDT-Symbol MC32N0,IN,1,2024-06-03 00:00:00,pcs,,18189523022375,COE dùng để scan hàng,,Asset management/Transititons/IT tool.xlsx#Infra Device (transactions)!row=173
STK-A3371B92CA,PDT-Symbol MC32N0,IN,1,2024-06-03 00:00:00,pcs,,18189523022450,COE dùng để scan hàng,,Asset management/Transititons/IT tool.xlsx#Infra Device (transactions)!row=174
STK-92DE1D0DCA,PDT-Symbol MC32N0,IN,1,2024-06-03 00:00:00,pcs,,17335523023166,COE dùng để scan hàng,,Asset management/Transititons/IT tool.xlsx#Infra Device (transactions)!row=175
STK-4B61B60CDD,HP Engage Go 10 Mobile System,IN,1,2024-07-03 00:00:00,pcs,,5CG3350NKD,Lô hàng FPT cho FL,,Asset management/Transititons/IT tool.xlsx#Infra Device (transactions)!row=176
STK-DCEB12F352,HP Engage Go 10 Mobile System,IN,1,2024-07-03 00:00:00,pcs,,5CG3350NKC,Lô hàng FPT cho FL,,Asset management/Transititons/IT tool.xlsx#Infra Device (transactions)!row=177
STK-FEED4DAB4C,HP Engage Go 10 Mobile System,IN,1,2024-07-03 00:00:00,pcs,,5CG3350NKB,Lô hàng FPT cho FL,,Asset management/Transititons/IT tool.xlsx#Infra Device (transactions)!row=178
STK-2B8EFDEE78,HP Engage 2 x 20 Pole Display,IN,1,2024-07-03 00:00:00,pcs,,2TD311NAFQ,Lô hàng FPT cho FL,,Asset management/Transititons/IT tool.xlsx#Infra Device (transactions)!row=179
STK-C3C8462C67,HP Engage 2 x 20 Pole Display,IN,1,2024-07-03 00:00:00,pcs,,2TD311NAFR,Lô hàng FPT cho FL,,Asset management/Transititons/IT tool.xlsx#Infra Device (transactions)!row=180
STK-3107DC59D7,HP Engage 2 x 20 Pole Display,IN,1,2024-07-03 00:00:00,pcs,,2TD311NAFS,Lô hàng FPT cho FL,,Asset management/Transititons/IT tool.xlsx#Infra Device (transactions)!row=181
STK-F0C96FEEBB,Tivi Samsung,IN,1,2024-07-03 00:00:00,pcs,,12763YHZ303249K,Tivi cũ của chi Anna nhân sự gửi từ rất lâu,,Asset management/Transititons/IT tool.xlsx#Infra Device (transactions)!row=182
STK-8D6716B258,Tivi Sam 2,IN,1,2024-07-03 00:00:00,pcs,,0732DA0011420,Trước dùng cho phòng họp lớn-Sau khi kiểm kê cất lại kho HR,,Asset management/Transititons/IT tool.xlsx#Infra Device (transactions)!row=183
STK-19352594FE,Lenovo Thinkpad E490,IN,1,2024-07-03 00:00:00,pcs,,PF1JT4Q6,IT Backup-Need repair,,Asset management/Transititons/IT tool.xlsx#Infra Device (transactions)!row=184
STK-2091782076,Power socket,IN,4,2024-07-03 00:00:00,pcs,,,Power socket for Server,,Asset management/Transititons/IT tool.xlsx#Infra Device (transactions)!row=185
STK-F51BAE7F1B,Patch panel,IN,1,2024-07-03 00:00:00,pcs,,,IT Backup,,Asset management/Transititons/IT tool.xlsx#Infra Device (transactions)!row=186
STK-D347348319,Zebra-Dock PDT,IN,1,2024-07-03 00:00:00,pcs,,S23069523701496,IT Backup-dùng để giao bổ sung cho FL West-Lake,,Asset management/Transititons/IT tool.xlsx#Infra Device (transactions)!row=187
STK-5D8244CCD8,Zebra-Dock PDT,IN,1,2024-07-03 00:00:00,pcs,,S23069523701507,IT Backup-dùng để giao bổ sung cho FL West-Lake,,Asset management/Transititons/IT tool.xlsx#Infra Device (transactions)!row=188
STK-DD0A940127,Zebra-Dock PDT,IN,1,2024-07-03 00:00:00,pcs,,S23069523701506,IT Backup-dùng để giao bổ sung cho FL West-Lake,,Asset management/Transititons/IT tool.xlsx#Infra Device (transactions)!row=189
STK-320928078B,Zebra-Dock PDT,IN,1,2024-07-03 00:00:00,pcs,,S23069523701510,IT Backup-dùng để giao bổ sung cho FL West-Lake,,Asset management/Transititons/IT tool.xlsx#Infra Device (transactions)!row=190
STK-A9F7089178,HP ProDesk 400 G6 DM,IN,1,2024-07-03 00:00:00,pcs,,8CC2231D5C,IT Backup-prepare for new stores (Lo hang Cambodia),,Asset management/Transititons/IT tool.xlsx#Infra Device (transactions)!row=191
STK-F81CA8DC72,Kensington-Combination Lock,IN,1,2024-07-03 00:00:00,pcs,,LU-198,IT Backup-prepare for new stores (Lo hang Cambodia),,Asset management/Transititons/IT tool.xlsx#Infra Device (transactions)!row=192
STK-BC24F11FD4,Datalogic QW2100,IN,1,2024-07-03 00:00:00,pcs,,G21NG2046,IT Backup-prepare for new stores (Lo hang Cambodia),,Asset management/Transititons/IT tool.xlsx#Infra Device (transactions)!row=193
STK-639C690A4F,HP-P204V,IN,1,2024-07-03 00:00:00,pcs,,3CQ3240J7T,IT Backup-prepare for new stores (Lo hang Cambodia),,Asset management/Transititons/IT tool.xlsx#Infra Device (transactions)!row=194
STK-59F27D0007,Epson TM-82III,IN,1,2024-07-03 00:00:00,pcs,,X7BA014973,IT Backup-prepare for new stores (Lo hang Cambodia),,Asset management/Transititons/IT tool.xlsx#Infra Device (transactions)!row=195
STK-CE4E99AF06,HP Laser 107A,IN,1,2024-07-03 00:00:00,pcs,,CNB2Q9TRM8,IT Backup-prepare for new stores (Lo hang Cambodia),,Asset management/Transititons/IT tool.xlsx#Infra Device (transactions)!row=196
STK-D6D140FAB1,Cisco CBS110-16T-EU,IN,1,2024-07-03 00:00:00,pcs,,PSZ27181AHK,IT Backup-prepare for new stores (Lo hang Cambodia),,Asset management/Transititons/IT tool.xlsx#Infra Device (transactions)!row=197
STK-0D2E90720B,Unifi-UAP-nanoHD,IN,1,2024-07-03 00:00:00,pcs,,AC8BA95436A9,IT Backup-prepare for new stores (Lo hang Cambodia),,Asset management/Transititons/IT tool.xlsx#Infra Device (transactions)!row=198
STK-5D9E53ABB5,Zebra TC26BK,IN,1,2024-07-03 00:00:00,pcs,,S23118523021439,IT Backup-prepare for new stores (Lo hang Cambodia),,Asset management/Transititons/IT tool.xlsx#Infra Device (transactions)!row=199
STK-FA5094D5BF,Hub Usb Orico 4 Port,IN,1,2024-07-03 00:00:00,pcs,,RC230218178037,IT Backup-prepare for new stores (Lo hang Cambodia),,Asset management/Transititons/IT tool.xlsx#Infra Device (transactions)!row=200
STK-BB9547AB36,Maken MK410,IN,1,2024-07-03 00:00:00,pcs,,MK410221102176,IT Backup-prepare for new stores (Lo hang Cambodia),,Asset management/Transititons/IT tool.xlsx#Infra Device (transactions)!row=201
STK-9E90C23119,Pole Display VFD,IN,1,2024-07-03 00:00:00,pcs,,D190928010054,IT Backup-prepare for new stores (Lo hang Cambodia),,Asset management/Transititons/IT tool.xlsx#Infra Device (transactions)!row=202
STK-6F8CF1C8D9,UBS APC BVX1200LI-MS,IN,1,2024-07-03 00:00:00,pcs,,9B2229A23670,IT Backup-prepare for new stores (Lo hang Cambodia),,Asset management/Transititons/IT tool.xlsx#Infra Device (transactions)!row=203
STK-1D1B8AB39C,HP ProDesk 400 G6 DM,IN,1,2024-07-03 00:00:00,pcs,,8CC3161T0J,IT Backup-prepare for new stores (Lo hang Cambodia),,Asset management/Transititons/IT tool.xlsx#Infra Device (transactions)!row=204
STK-4670E190DA,HP-P204V,IN,1,2024-07-03 00:00:00,pcs,,3CQ3240J5T,IT Backup-prepare for new stores (Lo hang Cambodia),,Asset management/Transititons/IT tool.xlsx#Infra Device (transactions)!row=205
STK-C59F4C5B2F,Pole Display VFD,IN,1,2024-07-03 00:00:00,pcs,,D190928010055,IT Backup-prepare for new stores (Lo hang Cambodia),,Asset management/Transititons/IT tool.xlsx#Infra Device (transactions)!row=206
STK-9A7FE6D1B5,Unifi-UAP-nanoHD,IN,1,2024-07-03 00:00:00,pcs,,AC8BA9548380,IT Backup-prepare for new stores (Lo hang Cambodia),,Asset management/Transititons/IT tool.xlsx#Infra Device (transactions)!row=207
STK-60443DF9D7,HP Laser 107A,IN,1,2024-07-03 00:00:00,pcs,,CNB3Q9MLY6,IT Backup-prepare for new stores (Lo hang Cambodia),,Asset management/Transititons/IT tool.xlsx#Infra Device (transactions)!row=208
STK-B67C523630,,IN,1,2024-07-03 00:00:00,pcs,,,IT-Backup,,Asset management/Transititons/IT tool.xlsx#Infra Device (transactions)!row=209
STK-A6A8A3D20E,Hub Usb Orico 4 Port,IN,1,2024-07-03 00:00:00,pcs,,124RE-2YCYRW,IT Backup-prepare for new stores (Lo hang Cambodia),,Asset management/Transititons/IT tool.xlsx#Infra Device (transactions)!row=210
STK-957C8534CA,Cisco CBS110-16T-EU,IN,1,2024-07-03 00:00:00,pcs,,6CD6E3AD0A82,IT Backup-prepare for new stores (Lo hang Cambodia),,Asset management/Transititons/IT tool.xlsx#Infra Device (transactions)!row=211
STK-6D517FCAD0,Zebra TC26BK,IN,1,2024-07-03 00:00:00,pcs,,S23118523021190,IT Backup-prepare for new stores (Lo hang Cambodia),,Asset management/Transititons/IT tool.xlsx#Infra Device (transactions)!row=212
STK-C7892354B9,Maken MK410,IN,1,2024-07-03 00:00:00,pcs,,MK410221102399,IT Backup-prepare for new stores (Lo hang Cambodia),,Asset management/Transititons/IT tool.xlsx#Infra Device (transactions)!row=213
STK-1367EEE6BA,Datalogic QW2100,IN,1,2024-07-03 00:00:00,pcs,,G21NE8123,IT Backup-prepare for new stores (Lo hang Cambodia),,Asset management/Transititons/IT tool.xlsx#Infra Device (transactions)!row=214
STK-80466E2F0F,Kensington-Combination Lock,IN,2,2024-07-03 00:00:00,pcs,,,IT Backup-prepare for new stores (Lo hang Cambodia),,Asset management/Transititons/IT tool.xlsx#Infra Device (transactions)!row=215
STK-284468F2B8,Finger printer,IN,1,2024-07-03 00:00:00,pcs,,6536180960020,IT-Backup,,Asset management/Transititons/IT tool.xlsx#Infra Device (transactions)!row=216
STK-0FBB7CD06B,Samsung S6 Lite,IN,1,2024-07-03 00:00:00,pcs,,352294624027473,O2O tính set up cho VN13,,Asset management/Transititons/IT tool.xlsx#Infra Device (transactions)!row=217
STK-B0D748FF04,Lenovo tab M8,IN,1,2024-07-03 00:00:00,pcs,,,,,Asset management/Transititons/IT tool.xlsx#Infra Device (transactions)!row=218
STK-16DF3743EB,Lenovo tab M8,OUT,1,2024-07-03 00:00:00,pcs,Quan IT,,,,Asset management/Transititons/IT tool.xlsx#Infra Device (transactions)!row=219
STK-C0E9789F36,UPS SMC 1500,IN,1,2024-07-03 00:00:00,pcs,,,IT-Backup,,Asset management/Transititons/IT tool.xlsx#Infra Device (transactions)!row=220
STK-A42C5FD63E,UPS SMC 1500,IN,1,2024-07-03 00:00:00,pcs,,,IT-Backup,,Asset management/Transititons/IT tool.xlsx#Infra Device (transactions)!row=221
STK-88A27AEE7A,UPS SMC 1500,IN,1,2024-07-03 00:00:00,pcs,,,IT-Backup,,Asset management/Transititons/IT tool.xlsx#Infra Device (transactions)!row=222
STK-69BA19896B,PDT-Symbol MC32N0,OUT,3,2024-08-03 00:00:00,pcs,,181895E13181895E13173355E13,Cấp cho anh Thắng COE,,Asset management/Transititons/IT tool.xlsx#Infra Device (transactions)!row=223
STK-3D040B761E,HP ProDesk 400 G3 DM,IN,1,2024-11-03 00:00:00,pcs,,8CG8105N1T,IT Backup,,Asset management/Transititons/IT tool.xlsx#Infra Device (transactions)!row=224
STK-3AAE4E4E01,HP ProDesk 400 G3 DM,IN,1,2024-11-03 00:00:00,pcs,,8CG8052W2H,IT Backup,,Asset management/Transititons/IT tool.xlsx#Infra Device (transactions)!row=225
STK-752C070B67,Mouse,OUT,3,2024-11-03 00:00:00,pcs,Minh E-Com Nam SCM Thy Acc,,,,Asset management/Transititons/IT tool.xlsx#Infra Device (transactions)!row=226
STK-AFF0A4E348,HP ProDesk 400 G3 DM,IN,1,2024-11-03 00:00:00,pcs,,8CG8105MSQ,IT Backup,,Asset management/Transititons/IT tool.xlsx#Infra Device (transactions)!row=227
STK-49E5510A0A,HP ProDesk 400 G3 DM,IN,1,2024-11-03 00:00:00,pcs,,8CG75234Q1,IT Backup-SSD 500Gb + ram 8Gb,,Asset management/Transititons/IT tool.xlsx#Infra Device (transactions)!row=228
STK-9886416350,HP ProDesk 400 G3 DM,IN,1,2024-11-03 00:00:00,pcs,,8CG8052XG7,IT Backup - Đang sử dụng VE01,,Asset management/Transititons/IT tool.xlsx#Infra Device (transactions)!row=229
STK-CFC7B95ECB,HP ProDesk 400 G3 DM,IN,1,2024-11-03 00:00:00,pcs,,8CG75234QP,IT Backup-SSD 500Gb + ram 12Gb,,Asset management/Transititons/IT tool.xlsx#Infra Device (transactions)!row=230
STK-7085D869BC,HP ProDesk 400 G3 DM,IN,1,2024-11-03 00:00:00,pcs,,8CG75206VW,IT Backup-HDD + 8Gb,,Asset management/Transititons/IT tool.xlsx#Infra Device (transactions)!row=231
STK-4FAA731C99,Barcode Printer-Zebra S4m,IN,1,2024-11-03 00:00:00,pcs,,,None-use,,Asset management/Transititons/IT tool.xlsx#Infra Device (transactions)!row=232
STK-BA14C86899,Epson TM-82III,IN,1,2024-11-03 00:00:00,pcs,,X7BA014971,IT-Backup,,Asset management/Transititons/IT tool.xlsx#Infra Device (transactions)!row=233
STK-461F27D150,Mouse,IN,1,2024-11-03 00:00:00,pcs,,,Anh Nam Log trả,,Asset management/Transititons/IT tool.xlsx#Infra Device (transactions)!row=234
STK-7BB5347C97,Samsung portable SSD 500Gb,IN,1,2024-12-03 00:00:00,pcs,,S5TNNJ0RC00202P,Ổ cứng rời-IT Backup,,Asset management/Transititons/IT tool.xlsx#Infra Device (transactions)!row=235
STK-1C1D298DC4,2.5 Inch Hard Drive Enclosure,IN,1,2024-12-03 00:00:00,pcs,,,Box đọc ổ cứng-It Backup,,Asset management/Transititons/IT tool.xlsx#Infra Device (transactions)!row=236
STK-33D0C3948B,Logitech-Wireless mouse,IN,1,2024-12-03 00:00:00,pcs,,2202LZXJ36J8,IT-Backup,,Asset management/Transititons/IT tool.xlsx#Infra Device (transactions)!row=237
STK-3A6337C38C,Logitech-Wireless mouse,OUT,1,2024-12-03 00:00:00,pcs,Tú Trinh (Acc),2202LZXJ36J8,IT-Backup,,Asset management/Transititons/IT tool.xlsx#Infra Device (transactions)!row=238
STK-48F9E06E01,Mouse,IN,1,2024-12-03 00:00:00,pcs,,,,,Asset management/Transititons/IT tool.xlsx#Infra Device (transactions)!row=239
STK-0BDA0F3DCF,Mouse,IN,2,2024-12-03 00:00:00,pcs,,,Thy (Acc) & Minh (Ecom) trả,,Asset management/Transititons/IT tool.xlsx#Infra Device (transactions)!row=240
STK-1E77A3E76F,HP 194V,IN,1,2024-12-03 00:00:00,pcs,,3CQ7490XG4,IT-Backup,,Asset management/Transititons/IT tool.xlsx#Infra Device (transactions)!row=241
STK-333EB6D6EA,Canon LBP 2900,IN,1,2024-12-03 00:00:00,pcs,,NMYA585779,IT-Backup,,Asset management/Transititons/IT tool.xlsx#Infra Device (transactions)!row=242
STK-F7ABB5B01F,Keyboard,IN,1,2024-12-03 00:00:00,pcs,,,IT-Backup,,Asset management/Transititons/IT tool.xlsx#Infra Device (transactions)!row=243
STK-986DC11517,Mouse,IN,1,2024-12-03 00:00:00,pcs,,,IT-Backup,,Asset management/Transititons/IT tool.xlsx#Infra Device (transactions)!row=244
STK-6822B3813C,HP-Display port to VGA,IN,2,2024-12-03 00:00:00,pcs,,3380795,IT-Backup,,Asset management/Transititons/IT tool.xlsx#Infra Device (transactions)!row=245
STK-0FA3E78EC6,Datalogic QW2100,IN,1,2024-12-03 00:00:00,pcs,,G20L70055,IT-Backup,,Asset management/Transititons/IT tool.xlsx#Infra Device (transactions)!row=246
STK-93CE0D32A8,OptiPlex 3090 Micro,IN,1,2024-12-03 00:00:00,pcs,,DHC4LQ3,IT-Backup,,Asset management/Transititons/IT tool.xlsx#Infra Device (transactions)!row=247
STK-CFF6F91639,Epson TM-82III,IN,1,2024-12-03 00:00:00,pcs,,X7B9022730,IT-Backup,,Asset management/Transititons/IT tool.xlsx#Infra Device (transactions)!row=248
STK-C4EFFEDFA9,HDMI to HDMI - Unitek,OUT,1,13/3/2024,pcs,Chị Uyên,,Thay cho chị Uyên,,Asset management/Transititons/IT tool.xlsx#Infra Device (transactions)!row=249
STK-A717C87B5F,Unitek - HDMI to VGA,IN,1,13/3/2024,pcs,,,,,Asset management/Transititons/IT tool.xlsx#Infra Device (transactions)!row=250
STK-9CC19B7016,Mouse,OUT,1,13/3/2024,pcs,Thy,,,,Asset management/Transititons/IT tool.xlsx#Infra Device (transactions)!row=251
STK-27C9D14DE3,Poscom,IN,1,13/3/2024,pcs,,B5AT100015,,,Asset management/Transititons/IT tool.xlsx#Infra Device (transactions)!row=252
STK-F0211A1C65,Datalogic QW2100,IN,1,13/3/2024,pcs,,G21M82792,IT-Backup,,Asset management/Transititons/IT tool.xlsx#Infra Device (transactions)!row=253
STK-CAB1EC7489,HP Laser NEVERSTOP 1000W,IN,1,13/3/2024,pcs,,CNBRP8297B,IT-Backup,,Asset management/Transititons/IT tool.xlsx#Infra Device (transactions)!row=254
STK-6A83AEEF4C,Pole Display VFD,IN,1,13/3/2024,pcs,,211130000039,IT-Backup,,Asset management/Transititons/IT tool.xlsx#Infra Device (transactions)!row=255
STK-3FCBF906C4,Epson TM-82III,IN,1,13/3/2024,pcs,,X7BA002787,IT-Backup,,Asset management/Transititons/IT tool.xlsx#Infra Device (transactions)!row=256
STK-3A0968B92D,Keyboard,IN,1,13/3/2024,pcs,,,IT-Backup,,Asset management/Transititons/IT tool.xlsx#Infra Device (transactions)!row=257
STK-1B6A571BAD,Mouse,IN,1,13/3/2024,pcs,,,IT-Backup,,Asset management/Transititons/IT tool.xlsx#Infra Device (transactions)!row=258
STK-0F72B3E1DF,HP ProDesk 400 G3 DM,IN,1,13/3/2024,pcs,,8CG8052W2J,IT-Backup,,Asset management/Transititons/IT tool.xlsx#Infra Device (transactions)!row=259
STK-0F9AC8A19B,HP 190V,IN,1,13/3/2024,pcs,,1CR8371GSK,IT-Backup,,Asset management/Transititons/IT tool.xlsx#Infra Device (transactions)!row=260
STK-E7F879CE15,Poscom,IN,1,13/3/2024,pcs,,20201130017,IT-Backup,,Asset management/Transititons/IT tool.xlsx#Infra Device (transactions)!row=261
STK-B78C40260A,Laptop Dell Latitude 5430,OUT,1,27/02/2024,Pcs,Chị Uyên,4084RV3,Cấp tạm cho chị Uyên,,Asset management/Transititons/IT tool.xlsx#Infra Device (transactions)!row=262
STK-681FD95825,HP ProDesk 400 G3 DM,OUT,1,21/03/2024,pcs,Intern Accounting,8CG75234Q1,,,Asset management/Transititons/IT tool.xlsx#Infra Device (transactions)!row=263
STK-B7CCDC70C3,Mouse,OUT,1,21/03/2024,pcs,Intern Accounting,,,,Asset management/Transititons/IT tool.xlsx#Infra Device (transactions)!row=264
STK-976456537D,Keyboard,OUT,1,21/03/2024,pcs,Intern Accounting,,,,Asset management/Transititons/IT tool.xlsx#Infra Device (transactions)!row=265
STK-08601DB7BF,Unitek - HDMI to VGA,IN,1,21/03/2024,pcs,,,,,Asset management/Transititons/IT tool.xlsx#Infra Device (transactions)!row=266
STK-5611CDE401,Ram 4Gb,OUT,1,21/03/2024,pcs,linh.thainhat,,Upgragde for linh.thainhat's Laptop,,Asset management/Transititons/IT tool.xlsx#Infra Device (transactions)!row=267
STK-752FC38EBF,Laptop Dell Latitude 3520,OUT,1,25/03/2024,pcs,Tạ Quỳnh Trang (Coe),DP8VKG3,AMMAVNCEC000022,,Asset management/Transititons/IT tool.xlsx#Infra Device (transactions)!row=268
STK-122E1B155E,Laptop Thinkpad X280,IN,1,25/03/2024,pcs,,PC0VSNXT,22VN00110047 (IT Backup),,Asset management/Transititons/IT tool.xlsx#Infra Device (transactions)!row=269
STK-ADCDB3B243,Mouse,IN,1,25/03/2024,pcs,,,,,Asset management/Transititons/IT tool.xlsx#Infra Device (transactions)!row=270
STK-9D0A77CB5F,Pole Display VFD,IN,1,25/03/2024,pcs,,211130000049,,,Asset management/Transititons/IT tool.xlsx#Infra Device (transactions)!row=271
STK-90F05DEBAB,Hub Usb Unitek - 4 Port,IN,1,25/03/2024,pcs,,,,,Asset management/Transititons/IT tool.xlsx#Infra Device (transactions)!row=272
STK-960ECBAA0B,Datalogic QW2100,IN,1,25/03/2024,pcs,,G21EB1582,,,Asset management/Transititons/IT tool.xlsx#Infra Device (transactions)!row=273
STK-384A2BA455,XPrinter XP-K300L,IN,1,25/03/2024,pcs,,XPK300L-BM2105270026,,,Asset management/Transititons/IT tool.xlsx#Infra Device (transactions)!row=274
STK-953C2C4A91,Usb to Lan - Ugreen,IN,1,25/03/2024,pcs,,,,,Asset management/Transititons/IT tool.xlsx#Infra Device (transactions)!row=275
STK-39DCC47528,Cash Drawer-Maxcode,IN,1,25/03/2024,pcs,,M3302021060049,,,Asset management/Transititons/IT tool.xlsx#Infra Device (transactions)!row=276
STK-339FC01939,Maken MK410,OUT,1,25/03/2024,pcs,VN15,MK410221102420,Preparing for Converse Vincom Thao Dien,,Asset management/Transititons/IT tool.xlsx#Infra Device (transactions)!row=277
STK-90EBEEEF72,D-Link DES-1016D,OUT,1,25/03/2024,pcs,VN15,F30637A004130,Preparing for Converse Vincom Thao Dien,,Asset management/Transititons/IT tool.xlsx#Infra Device (transactions)!row=278
STK-E24A1FBAE1,Pole Display LD220-HP,OUT,1,25/03/2024,pcs,VN15,2TD843AAAT,Preparing for Converse Vincom Thao Dien,,Asset management/Transititons/IT tool.xlsx#Infra Device (transactions)!row=279
STK-3DD6283731,Hub Usb Unitek - 4 Port,OUT,1,25/03/2024,pcs,VN15,,Preparing for Converse Vincom Thao Dien,,Asset management/Transititons/IT tool.xlsx#Infra Device (transactions)!row=280
STK-29C304AB64,Datalogic QW2100,OUT,1,25/03/2024,pcs,VN15,G21EB1582,Preparing for Converse Vincom Thao Dien,,Asset management/Transititons/IT tool.xlsx#Infra Device (transactions)!row=281
STK-AB3BB93FEF,Epson TM-82III,OUT,1,25/03/2024,pcs,VN15,X7B9022730,Preparing for Converse Vincom Thao Dien,,Asset management/Transititons/IT tool.xlsx#Infra Device (transactions)!row=282
STK-D160AA6836,Canon LBP 2900,OUT,1,25/03/2024,pcs,VN15,NMYA744682,Preparing for Converse Vincom Thao Dien,,Asset management/Transititons/IT tool.xlsx#Infra Device (transactions)!row=283
STK-DFB8F2EDE6,Laptop Dell Latitude 3520,IN,1,2024-03-04 00:00:00,pcs,,6R4JGL3,Phong trả máy,,Asset management/Transititons/IT tool.xlsx#Infra Device (transactions)!row=284
STK-2D9D072B7D,Laptop Dell Latitude 3520,IN,1,2024-08-04 00:00:00,pcs,,6SYF7S3,Trần Thị Toàn Mỹ resigned,,Asset management/Transititons/IT tool.xlsx#Infra Device (transactions)!row=285
STK-EFB35FD2BF,Brother Label,OUT,1,2024-08-04 00:00:00,pcs,,,,,Asset management/Transititons/IT tool.xlsx#Infra Device (transactions)!row=286
STK-AB225A549B,HP Probook 440 G9,IN,1,2024-08-04 00:00:00,pcs,,5CD236BCT6,ZV10 trả về,,Asset management/Transititons/IT tool.xlsx#Infra Device (transactions)!row=287
STK-0D4616EE5E,Power socket,IN,1,2024-08-04 00:00:00,pcs,,,"ZV10 trả về, bỏ chung balo với laptop zv10",,Asset management/Transititons/IT tool.xlsx#Infra Device (transactions)!row=288
STK-698FDBE584,Datalogic QW2100,IN,1,2024-08-04 00:00:00,pcs,,,"ZV10 trả về, bỏ chung balo với laptop zv10",,Asset management/Transititons/IT tool.xlsx#Infra Device (transactions)!row=289
STK-A1A8EB7FAE,Epson TM-82III,IN,1,2024-08-04 00:00:00,pcs,,X7B9022774,ZV10 trả về,,Asset management/Transititons/IT tool.xlsx#Infra Device (transactions)!row=290
STK-B81A591B0C,Mouse,IN,1,2024-08-04 00:00:00,pcs,,,,,Asset management/Transititons/IT tool.xlsx#Infra Device (transactions)!row=291
STK-F27C722EC2,Unitek - HDMI to VGA,OUT,1,2024-08-04 00:00:00,pcs,Sơn PD,,,,Asset management/Transititons/IT tool.xlsx#Infra Device (transactions)!row=292
STK-BA4EE8810D,Maken MK410,IN,1,2024-10-04 00:00:00,pcs,,MK410211201036,VI06 đóng store,,Asset management/Transititons/IT tool.xlsx#Infra Device (transactions)!row=293
STK-272D7B867C,Epson TM-82III,IN,1,2024-10-04 00:00:00,pcs,,X7BA007402,VI06 đóng store,,Asset management/Transititons/IT tool.xlsx#Infra Device (transactions)!row=294
STK-ED71DD9FC2,Mouse,IN,1,2024-10-04 00:00:00,pcs,,,VI06 đóng store,,Asset management/Transititons/IT tool.xlsx#Infra Device (transactions)!row=295
STK-0A21A194EE,Datalogic QW2100,IN,1,2024-10-04 00:00:00,pcs,,G22EB4216,VI06 đóng store,,Asset management/Transititons/IT tool.xlsx#Infra Device (transactions)!row=296
STK-5541DACFEE,Pole Display VFD,IN,1,2024-10-04 00:00:00,pcs,,,VI06 đóng store,,Asset management/Transititons/IT tool.xlsx#Infra Device (transactions)!row=297
STK-E909F872F7,HP Probook 440 G9,IN,1,2024-10-04 00:00:00,pcs,,5CD2409YYT,VI06 đóng store,,Asset management/Transititons/IT tool.xlsx#Infra Device (transactions)!row=298
STK-382E8BAEAA,Usb to Lan - Orico,IN,1,2024-10-04 00:00:00,pcs,,,VI06 đóng store,,Asset management/Transititons/IT tool.xlsx#Infra Device (transactions)!row=299
STK-D1B8D49B14,Keyboard,OUT,1,2024-10-04 00:00:00,pcs,Linh MD,,,,Asset management/Transititons/IT tool.xlsx#Infra Device (transactions)!row=300
STK-7B64145F59,Laptop Dell Latitude 5430,IN,1,19/04/2024,pcs,,5CD73626Y5,,,Asset management/Transititons/IT tool.xlsx#Infra Device (transactions)!row=301
STK-759510D2B4,Laptop Dell Latitude 3520,IN,1,19/04/2024,pcs,,B65JGL3,,,Asset management/Transititons/IT tool.xlsx#Infra Device (transactions)!row=302
STK-3C3C8742C3,Maken MK410,IN,1,24/04/2024,pcs,,MK410221102420,,,Asset management/Transititons/IT tool.xlsx#Infra Device (transactions)!row=303
STK-4A44EAF14C,D-Link DES-1016D,IN,1,24/04/2024,pcs,,F30637A004130,,,Asset management/Transititons/IT tool.xlsx#Infra Device (transactions)!row=304
STK-C8AD75F515,Pole Display LD220-HP,IN,1,24/04/2024,pcs,,2TD843AAAT,,,Asset management/Transititons/IT tool.xlsx#Infra Device (transactions)!row=305
STK-11D800CA52,Hub Usb Unitek - 4 Port,IN,1,24/04/2024,pcs,,,,,Asset management/Transititons/IT tool.xlsx#Infra Device (transactions)!row=306
STK-FE6E1758A5,Datalogic QW2100,IN,1,24/04/2024,pcs,,G21EB1582,,,Asset management/Transititons/IT tool.xlsx#Infra Device (transactions)!row=307
STK-1CE128BEBD,Epson TM-82III,IN,1,24/04/2024,pcs,,X7B9022730,,,Asset management/Transititons/IT tool.xlsx#Infra Device (transactions)!row=308
STK-C9E293482C,Canon LBP 2900,IN,1,24/04/2024,pcs,,NMYA744682,,,Asset management/Transititons/IT tool.xlsx#Infra Device (transactions)!row=309
STK-5E6586C8FE,Modem 4G TP-Link M7350,IN,1,24/04/2024,pcs,,2223200001560,,,Asset management/Transititons/IT tool.xlsx#Infra Device (transactions)!row=310
STK-92BBAC85F9,Laptop Dell Latitude 3520,OUT,1,29/02/2024,pcs,ZV13,6XSSKS3,,,Asset management/Transititons/IT tool.xlsx#Infra Device (transactions)!row=311
STK-EB169B4B0F,Maken MK410,OUT,1,24/04/2024,pcs,ZV13,MK410221102420,,,Asset management/Transititons/IT tool.xlsx#Infra Device (transactions)!row=312
STK-38DD01CF7B,Datalogic QW2100,OUT,1,24/04/2024,pcs,ZV13,G21EB1582,,,Asset management/Transititons/IT tool.xlsx#Infra Device (transactions)!row=313
STK-6DB517E512,Hub Usb Unitek - 4 Port,OUT,1,24/04/2024,pcs,ZV13,,,,Asset management/Transititons/IT tool.xlsx#Infra Device (transactions)!row=314
STK-A84AA31DCA,Epson TM-82III,OUT,1,24/04/2024,pcs,ZV13,X7B9022730,,,Asset management/Transititons/IT tool.xlsx#Infra Device (transactions)!row=315
STK-CF5093078C,Modem 4G TP-Link M7350,OUT,1,24/04/2024,pcs,ZV13,2223200001560,,,Asset management/Transititons/IT tool.xlsx#Infra Device (transactions)!row=316
STK-8186E05626,Mouse,OUT,1,24/04/2024,pcs,ZV13,,,,Asset management/Transititons/IT tool.xlsx#Infra Device (transactions)!row=317
STK-1A3C08AF55,Unitek - HDMI to VGA,OUT,1,2024-02-05 00:00:00,pcs,Minh ecom,,,,Asset management/Transititons/IT tool.xlsx#Infra Device (transactions)!row=318
STK-CB79F8E6A8,Aoc E960S,IN,1,2024-02-05 00:00:00,pcs,,,,,Asset management/Transititons/IT tool.xlsx#Infra Device (transactions)!row=319
STK-707473CFE8,Ram 4Gb,OUT,1,2024-02-05 00:00:00,pcs,Thanh MD,,,,Asset management/Transititons/IT tool.xlsx#Infra Device (transactions)!row=320
STK-42A585D194,Nec Model NP210,IN,1,2024-02-05 00:00:00,pcs,,,Old projector,,Asset management/Transititons/IT tool.xlsx#Infra Device (transactions)!row=321
STK-AC808F861C,HP 194V,IN,1,2024-12-03 00:00:00,pcs,Huan,3CQ7490XG4,IT-Backup,,Asset management/Transititons/IT tool.xlsx#Infra Device (transactions)!row=322
STK-09A32DA1BC,Laptop Dell Latitude 3520,IN,1,2024-10-05 00:00:00,pcs,,71GCGG3,Nguyễn Hoàng Loan resigned,,Asset management/Transititons/IT tool.xlsx#Infra Device (transactions)!row=323
STK-56F3BDFF81,Laptop Dell Latitude 3520,IN,1,2024-10-05 00:00:00,pcs,,HGBJGL3,linh.thainhat resigned,,Asset management/Transititons/IT tool.xlsx#Infra Device (transactions)!row=324
STK-51D6E5B849,Lexar-32Gb,OUT,1,2024-10-05 00:00:00,pcs,,,handover for Ms.Maya,,Asset management/Transititons/IT tool.xlsx#Infra Device (transactions)!row=325
STK-403342FA1F,SIM 4G Viettel,IN,2,22/05/2024,pcs,,89840480009155545778984048000915554707,"For O2O - NB Nguyễn Trãi (VA11) & NB Vincom Thảo Điền (VA05) 150GB/month (5GB/day), 12 month duration, only for 4G Data",,Asset management/Transititons/IT tool.xlsx#Infra Device (transactions)!row=326
STK-59CF5471C5,SIM 4G Viettel,OUT,1,23/05/2024,pcs,VA05,8984048000915554577,,,Asset management/Transititons/IT tool.xlsx#Infra Device (transactions)!row=327
STK-D8B4D05D9F,Lenovo tab M8,OUT,1,23/05/2024,pcs,VA05,HA1JZCBD,IMEI: 862854053046774,,Asset management/Transititons/IT tool.xlsx#Infra Device (transactions)!row=328
STK-AA31A6A880,SIM 4G Viettel,OUT,1,23/05/2024,pcs,VA11,8984048000915554707,,,Asset management/Transititons/IT tool.xlsx#Infra Device (transactions)!row=329
STK-C4EEB268AF,Lenovo tab M8,OUT,1,23/05/2024,pcs,VA11,HA1JZYJG,IMEI: 862854053049877,,Asset management/Transititons/IT tool.xlsx#Infra Device (transactions)!row=330
STK-64CCE6E5C5,Mercusys,OUT,1,24/05/2024,pcs,VN05,22253D9009592,Send to VN05 for FG SDWAN project,,Asset management/Transititons/IT tool.xlsx#Infra Device (transactions)!row=331
STK-F6EF33BD4D,D-LINK DIR-619L,OUT,1,2024-10-06 00:00:00,pcs,VN10,RZPK2G2000820,Set up for VN10,,Asset management/Transititons/IT tool.xlsx#Infra Device (transactions)!row=332
STK-EDA1D40996,Mercusys,OUT,1,2024-10-06 00:00:00,pcs,VN10,,Set up for VN10,,Asset management/Transititons/IT tool.xlsx#Infra Device (transactions)!row=333
STK-7EE49056EB,Ugreen 4 port,OUT,1,13/06/2024,pcs,VN16,,Setup for VN16,,Asset management/Transititons/IT tool.xlsx#Infra Device (transactions)!row=334
STK-EAD436C8E9,Laptop Dell Latitude 3520,IN,1,13/06/2024,pcs,,BR9VKG3,Thu hồi từ chị Bình [Đổi máy],,Asset management/Transititons/IT tool.xlsx#Infra Device (transactions)!row=335
STK-0D42F20B93,Laptop Dell Latitude 3520,IN,1,13/06/2024,pcs,,5YSSKS3,Thu chị Nhung [Resigned],,Asset management/Transititons/IT tool.xlsx#Infra Device (transactions)!row=336
STK-11E6D9DC08,Laptop Dell Latitude 5430,IN,1,13/06/2024,pcs,,B8972T3,Thu chị Tuyết Retail Manager [Resigned],,Asset management/Transititons/IT tool.xlsx#Infra Device (transactions)!row=337
STK-F4762D17E0,Postek printer,OUT,2,13/06/2024,pcs,,,"For O2O - NB Nguyễn Trãi (VA11) & NB Vincom Thảo Điền (VA05) 150GB/month (5GB/day), 12 month duration, only for 4G Data",,Asset management/Transititons/IT tool.xlsx#Infra Device (transactions)!row=338
STK-828F8477E0,HP-Display port to VGA,IN,2,20/06/2024,pcs,,,,,Asset management/Transititons/IT tool.xlsx#Infra Device (transactions)!row=339
STK-D3CB532201,OptiPlex 3090 Micro,IN,1,20/06/2024,pcs,,CHC4LQ3,Intern mkt resigned,,Asset management/Transititons/IT tool.xlsx#Infra Device (transactions)!row=340
STK-6C8D9C9563,HP 19,IN,1,20/06/2024,pcs,,3CQ1470DS3,Intern mkt resigned,,Asset management/Transititons/IT tool.xlsx#Infra Device (transactions)!row=341
STK-F0D0F43058,Epson TM-82III,OUT,1,24/06/2024,pcs,VE12,X7B9022774,Swap for VE12,,Asset management/Transititons/IT tool.xlsx#Infra Device (transactions)!row=342
STK-3C3217B028,SIM 4G Viettel,IN,1,24/06/2024,pcs,,1699950701,Sóng nam giao,,Asset management/Transititons/IT tool.xlsx#Infra Device (transactions)!row=343
STK-35AE1C066A,Postek printer,IN,1,2024-02-07 00:00:00,pcs,,I1624C0017,Sóng nam giao,,Asset management/Transititons/IT tool.xlsx#Infra Device (transactions)!row=344
STK-321B8D1A23,Postek printer,IN,1,2024-02-07 00:00:00,pcs,,I1624C0018,Sóng nam giao,,Asset management/Transititons/IT tool.xlsx#Infra Device (transactions)!row=345
STK-8295A99F09,Postek printer,OUT,2,24/06/2024,pcs,,,Sóng nam giao,,Asset management/Transititons/IT tool.xlsx#Infra Device (transactions)!row=346
STK-CD45323FD1,Lenovo tab M8,OUT,2,24/06/2024,pcs,,,,,Asset management/Transititons/IT tool.xlsx#Infra Device (transactions)!row=347
STK-F7A19C4F00,Maken MK410,IN,1,25/03/2024,pcs,VN15,MK410221102420,Preparing for Converse Vincom Thao Dien,,Asset management/Transititons/IT tool.xlsx#Infra Device (transactions)!row=348
STK-0C22A2243C,D-Link DES-1016D,IN,1,25/03/2024,pcs,VN15,F30637A004130,Preparing for Converse Vincom Thao Dien,,Asset management/Transititons/IT tool.xlsx#Infra Device (transactions)!row=349
STK-97E0C36375,Pole Display LD220-HP,IN,1,25/03/2024,pcs,VN15,2TD843AAAT,Preparing for Converse Vincom Thao Dien,,Asset management/Transititons/IT tool.xlsx#Infra Device (transactions)!row=350
STK-A7BF498103,Hub Usb Unitek - 4 Port,IN,1,25/03/2024,pcs,VN15,,Preparing for Converse Vincom Thao Dien,,Asset management/Transititons/IT tool.xlsx#Infra Device (transactions)!row=351
STK-224239C798,Datalogic QW2100,IN,1,25/03/2024,pcs,VN15,G21EB1582,Preparing for Converse Vincom Thao Dien,,Asset management/Transititons/IT tool.xlsx#Infra Device (transactions)!row=352
STK-61429A66D4,Epson TM-82III,IN,1,25/03/2024,pcs,VN15,X7B9022730,Preparing for Converse Vincom Thao Dien,,Asset management/Transititons/IT tool.xlsx#Infra Device (transactions)!row=353
STK-D65C525E78,Canon LBP 2900,IN,1,25/03/2024,pcs,VN15,NMYA744682,Preparing for Converse Vincom Thao Dien,,Asset management/Transititons/IT tool.xlsx#Infra Device (transactions)!row=354
STK-04B9E204CD,Datalogic QW2100,OUT,1,2024-03-07 00:00:00,pcs,,G20L70055,VN03,,Asset management/Transititons/IT tool.xlsx#Infra Device (transactions)!row=355
STK-D5028BDD6B,Ổ SSD 500 Gb,IN,2,2024-04-07 00:00:00,pcs,,,Sóng Nam giao,,Asset management/Transititons/IT tool.xlsx#Infra Device (transactions)!row=356
STK-FA5427C38A,Ổ SSD 500 Gb,OUT,2,2024-04-07 00:00:00,pcs,,,Thay cho C.linh và P.Thạnh,,Asset management/Transititons/IT tool.xlsx#Infra Device (transactions)!row=357
STK-495DF9DE6A,Ổ SSD 256 Gb,IN,2,2024-04-07 00:00:00,pcs,,,Từ lap của C.linh và P.Thạnh,,Asset management/Transititons/IT tool.xlsx#Infra Device (transactions)!row=358
STK-31D5BB9323,Epson TM-82III,IN,1,24/06/2024,pcs,VE12,X7B9025195,thu hồi từ VE12,,Asset management/Transititons/IT tool.xlsx#Infra Device (transactions)!row=359
STK-49E0124387,Epson TM-82III,OUT,1,24/06/2024,pcs,VE12,X7B9022774,Chuyển cho VE12,,Asset management/Transititons/IT tool.xlsx#Infra Device (transactions)!row=360
STK-5EB73666AA,Canon LBP 2900,OUT,1,2024-09-07 00:00:00,pcs,VO02,NMYA783808,CHUYỂN CHO VO02,,Asset management/Transititons/IT tool.xlsx#Infra Device (transactions)!row=361
STK-EF41EB295C,HP Laserjet pro M15w,OUT,1,2024-09-07 00:00:00,pcs,VC04,VNC3K04070,CHUYỂN CHO VC04,,Asset management/Transititons/IT tool.xlsx#Infra Device (transactions)!row=362
STK-7CBFF2D80B,EchoLife EG8145V5,IN,1,2024-11-07 00:00:00,pcs,,48575443C27F06A5,VC05 closed,,Asset management/Transititons/IT tool.xlsx#Infra Device (transactions)!row=363
STK-F0350D52AC,Toto link,IN,1,2024-11-07 00:00:00,pcs,,A3002RU20C900798,VC05 closed,,Asset management/Transititons/IT tool.xlsx#Infra Device (transactions)!row=364
STK-59483D52E7,XPRINTER,IN,1,2024-11-07 00:00:00,pcs,,XPK300L-BM2105270036,VC05 closed,,Asset management/Transititons/IT tool.xlsx#Infra Device (transactions)!row=365
STK-2033E45E1F,Scanning gun,IN,1,2024-11-07 00:00:00,pcs,,G21EB1552,VC05 closed,,Asset management/Transititons/IT tool.xlsx#Infra Device (transactions)!row=366
STK-81632B551F,Mercusys,IN,1,2024-11-07 00:00:00,pcs,,22172W5002275,VC05 closed,,Asset management/Transititons/IT tool.xlsx#Infra Device (transactions)!row=367
STK-D966FE9C27,Cash drawer of mall,IN,1,2024-11-07 00:00:00,pcs,,M3302021060571,VC05 closed,,Asset management/Transititons/IT tool.xlsx#Infra Device (transactions)!row=368
STK-1A7E849FA7,hp laser neverstop 1000w,IN,1,2024-11-07 00:00:00,pcs,,CNBRP8339N,VC05 closed,,Asset management/Transititons/IT tool.xlsx#Infra Device (transactions)!row=369
STK-F207AF9A46,Pole Display VFD,IN,1,2024-11-07 00:00:00,pcs,,AQVFD220V,VC05 closed,,Asset management/Transititons/IT tool.xlsx#Infra Device (transactions)!row=370
STK-4BC55EDDF8,Laptop Dell Latitude 3520,OUT,1,15/07/2024,pcs,,BR9VKG3,Cấp tạm Lan Vy,,Asset management/Transititons/IT tool.xlsx#Infra Device (transactions)!row=371
STK-5EA80E4E31,Epson TM-82III,OUT,1,25/06/2024,pcs,ZV10,X7BA014971,,,Asset management/Transititons/IT tool.xlsx#Infra Device (transactions)!row=372
STK-EFB6EF768E,Datalogic QW2100,OUT,1,25/06/2024,pcs,ZV10,G22EB04216,,,Asset management/Transititons/IT tool.xlsx#Infra Device (transactions)!row=373
STK-DCA635D408,PROBOOK 440 G9,OUT,1,25/06/2024,pcs,ZV10,5CD236BCT6,"CORE I5-1235U, RAM : 16GB, SSD: 512 GB",,Asset management/Transititons/IT tool.xlsx#Infra Device (transactions)!row=374
STK-977B00172F,TP-Link MR6400,OUT,1,25/06/2024,pcs,ZV10,2234111003742,,,Asset management/Transititons/IT tool.xlsx#Infra Device (transactions)!row=375
STK-D5791919B6,Adapter HP 65W,OUT,1,25/06/2024,pcs,ZV10,,,,Asset management/Transititons/IT tool.xlsx#Infra Device (transactions)!row=376
STK-FAB7C762C7,VIETTEL 4G Sim,OUT,1,25/06/2024,pcs,ZV10,1699950701,,,Asset management/Transititons/IT tool.xlsx#Infra Device (transactions)!row=377
STK-DEC42FC577,Laptop Dell Latitude 3520,IN,1,25/06/2024,pcs,ZV13,6XSSKS3,ZV13 trả về,,Asset management/Transititons/IT tool.xlsx#Infra Device (transactions)!row=378
STK-E755723812,Datalogic QW2100,IN,1,25/06/2024,pcs,ZV13,QW2100,ZV13 trả về,,Asset management/Transititons/IT tool.xlsx#Infra Device (transactions)!row=379
STK-285FB6B242,Epson TM-82III,IN,1,25/06/2024,pcs,ZV13,X7B9022758,ZV13 trả về,,Asset management/Transititons/IT tool.xlsx#Infra Device (transactions)!row=380
STK-4235D1C2EB,Epson TM-82III,OUT,1,24/06/2024,pcs,VE12,X7B9022774,VE12,,Asset management/Transititons/IT tool.xlsx#Infra Device (transactions)!row=381
STK-86FE84D0E2,Epson TM-82III,IN,1,24/06/2024,pcs,VE12,,VE12 trả về,,Asset management/Transititons/IT tool.xlsx#Infra Device (transactions)!row=382
STK-5958ECDC97,Laptop Dell Latitude 3520,OUT,1,14/06/2024,pcs,ZV15,B65JGL3,Apdater 65W Hard disk: SSD 256Gb Ram: 8Gb CPU: 2200 MHz 11th Gen Intel Core i5-1135G7 @ 2.40GHz,,Asset management/Transititons/IT tool.xlsx#Infra Device (transactions)!row=383
STK-E453661581,Datalogic QW2100,OUT,1,14/06/2024,pcs,ZV15,G21M82792,,,Asset management/Transititons/IT tool.xlsx#Infra Device (transactions)!row=384
STK-D0E19CB92C,Epson TM II,OUT,1,14/06/2024,pcs,ZV15,TCEY004688,,,Asset management/Transititons/IT tool.xlsx#Infra Device (transactions)!row=385
STK-8202CECD44,Modem 4G TP-Link M7350,OUT,1,14/06/2024,pcs,ZV15,2223200001560,,,Asset management/Transititons/IT tool.xlsx#Infra Device (transactions)!row=386
STK-E319F5B3BB,mouse logitech,OUT,1,14/06/2024,pcs,ZV15,,,,Asset management/Transititons/IT tool.xlsx#Infra Device (transactions)!row=387
STK-313EDF8E16,Sim Mobi,OUT,1,14/06/2024,pcs,ZV15,8401230450061649,,,Asset management/Transititons/IT tool.xlsx#Infra Device (transactions)!row=388
STK-439CA33635,Aruba APIN0303,OUT,1,28/06/2024,pcs,ZV15,CNNZK9T3C8,,,Asset management/Transititons/IT tool.xlsx#Infra Device (transactions)!row=389
STK-89734E1CBD,Unifi Poe injector,OUT,1,28/06/2024,pcs,ZV15,GP-V480-032G,,,Asset management/Transititons/IT tool.xlsx#Infra Device (transactions)!row=390
STK-6624089F6E,Laptop Dell Latitude 5430,OUT,1,24/06/2024,pcs,,61N8RQ3,"Intel Core i5 1235U 3.20ghz, SSD: 500gb RAM : 16gb",,Asset management/Transititons/IT tool.xlsx#Infra Device (transactions)!row=391
STK-5005A1317D,Laptop DellLatitude 3520,OUT,1,2024-11-06 00:00:00,pcs,,BXSSKS3,3000 MHz 11th Gen Intel Core i3-1115G4,,Asset management/Transititons/IT tool.xlsx#Infra Device (transactions)!row=392
STK-0837B30F98,Laptop DellLatitude 3520,OUT,1,2024-11-06 00:00:00,pcs,,BR9VKG3,3000 MHz 11th Gen Intel Core i3-1115G4,,Asset management/Transititons/IT tool.xlsx#Infra Device (transactions)!row=393
STK-87307D609C,Dell Latitude 3520,OUT,1,2024-10-07 00:00:00,pcs,,6R4JGL3,"Ram 8GB, SSD256Gb, 1400 MHz 11th Gen Intel Core i5-1135G7",,Asset management/Transititons/IT tool.xlsx#Infra Device (transactions)!row=394
STK-3BFFF248ED,TP-Link MR6400,IN,1,2024-10-07 00:00:00,pcs,,223C9L2011651,,,Asset management/Transititons/IT tool.xlsx#Infra Device (transactions)!row=395
STK-4BCAAE7E6C,Canon lbp 2900,IN,1,19/07/2024,pcs,,NMYA467026,,,Asset management/Transititons/IT tool.xlsx#Infra Device (transactions)!row=396
STK-F47D49B63F,Datalogic QW2100,OUT,1,19/07/2024,pcs,,G2E85959,,,Asset management/Transititons/IT tool.xlsx#Infra Device (transactions)!row=397
STK-05E871833D,TP-Link MR6400,OUT,1,19/07/2024,pcs,,223C9L2011651,,,Asset management/Transititons/IT tool.xlsx#Infra Device (transactions)!row=398
STK-A27F3428C9,Epson TM-82III,OUT,1,19/07/2024,pcs,,X7BA002787,,,Asset management/Transititons/IT tool.xlsx#Infra Device (transactions)!row=399
STK-48B3CC2732,SIm Viettel 4g,OUT,1,19/07/2024,pcs,,8984048000927542644,,,Asset management/Transititons/IT tool.xlsx#Infra Device (transactions)!row=400
STK-3329D8302A,HP Probook G9,OUT,1,19/07/2024,pcs,,5CD2409YYT,,,Asset management/Transititons/IT tool.xlsx#Infra Device (transactions)!row=401
STK-57F69E0A14,TP-Link MR6400,IN,1,19/07/2024,pcs,,,Sóng Nam giao,,Asset management/Transititons/IT tool.xlsx#Infra Device (transactions)!row=402
STK-841A9CB907,HP Laser 107A,IN,1,22/07/2024,pcs,,CNB3R38327,,,Asset management/Transititons/IT tool.xlsx#Infra Device (transactions)!row=403
STK-9376A07AC2,Epson TM-82III,OUT,1,22/07/2024,pcs,,TCEY004688,,,Asset management/Transititons/IT tool.xlsx#Infra Device (transactions)!row=404
STK-EBDD6F199B,Dell Latitude 3520,OUT,1,22/07/2024,pcs,,B65JGL3,Adapter 22VN00000040,,Asset management/Transititons/IT tool.xlsx#Infra Device (transactions)!row=405
STK-20DD244447,Datalogic QW2100,OUT,1,22/07/2024,pcs,,G21E85723,,,Asset management/Transititons/IT tool.xlsx#Infra Device (transactions)!row=406
STK-59C2A7CF08,Modem 4G TP-Link M7350,OUT,1,22/07/2024,pcs,,2223200001560,,,Asset management/Transititons/IT tool.xlsx#Infra Device (transactions)!row=407
STK-2DAE0633DA,Sim Mobi 4g,OUT,1,22/07/2024,pcs,,84012304150061649,,,Asset management/Transititons/IT tool.xlsx#Infra Device (transactions)!row=408
STK-7ADA105D7E,Dell mouse MOFLUOA,OUT,1,22/07/2024,pcs,,,,,Asset management/Transititons/IT tool.xlsx#Infra Device (transactions)!row=409
STK-9142631BF4,Dell mouse MOFLUOA,IN,1,22/07/2024,pcs,,,,,Asset management/Transititons/IT tool.xlsx#Infra Device (transactions)!row=410
STK-2542E999B3,Laptop Dell Latitude 5430,OUT,1,23/07/2024,pcs,,4TS3SQ3,Cấp cho Huynh My Danh,,Asset management/Transititons/IT tool.xlsx#Infra Device (transactions)!row=411
STK-461FE7C506,Laptop Dell Latitude 5430,IN,1,22/07/2024,pcs,,42X2SQ3,Thu hồi do màn hình 0 hiển thị,,Asset management/Transititons/IT tool.xlsx#Infra Device (transactions)!row=412
STK-2134ED0A04,Ổ SSD 500 Gb,IN,2,25/07/2024,pcs,,,Sóng nam giao,,Asset management/Transititons/IT tool.xlsx#Infra Device (transactions)!row=413
STK-90CEBD9741,Ổ SSD 500 Gb,OUT,2,25/07/2024,pcs,,,Sóng nam giao,,Asset management/Transititons/IT tool.xlsx#Infra Device (transactions)!row=414
STK-B150731838,Logitech-Wireless mouse,IN,1,25/07/2024,pcs,,,Sóng nam giao,,Asset management/Transititons/IT tool.xlsx#Infra Device (transactions)!row=415
STK-D5E6BC06BA,Logitech-Wireless mouse,OUT,1,25/07/2024,pcs,,,,,Asset management/Transititons/IT tool.xlsx#Infra Device (transactions)!row=416
STK-5F8530C4FB,Dell Latitude 5430,IN,1,26/07/2024,pcs,,BJ972T3,A An Resigned,,Asset management/Transititons/IT tool.xlsx#Infra Device (transactions)!row=417
STK-AFF88AF22F,Mouse,IN,1,26/07/2024,pcs,,,,,Asset management/Transititons/IT tool.xlsx#Infra Device (transactions)!row=418
STK-A2D2505486,Laptop HP Pavilion 15-eg0xxx,IN,1,2024-01-08 00:00:00,pcs,Trang Khổng,5CD250F9ZW,Hư màn hình,,Asset management/Transititons/IT tool.xlsx#Infra Device (transactions)!row=419
STK-DB9CB0FFB7,Laptop Dell Latitude 5420,OUT,1,2024-01-08 00:00:00,pcs,Trang Khổng,5CD108K0PN,Cấp cho chị trang khổng,,Asset management/Transititons/IT tool.xlsx#Infra Device (transactions)!row=420
STK-63245BDF04,Laptop Dell Latitude 3520,OUT,1,2024-01-08 00:00:00,pcs,Nhung,B65JGL3,Cấp ZV13 Thăng long,,Asset management/Transititons/IT tool.xlsx#Infra Device (transactions)!row=421
STK-CE6296B7A3,Datalogic QW2100,OUT,1,2024-01-08 00:00:00,pcs,Nhung,G17MA2903,Cấp ZV13 Thăng long,,Asset management/Transititons/IT tool.xlsx#Infra Device (transactions)!row=422
STK-D95544153A,Epson TM-82III,OUT,1,2024-01-08 00:00:00,pcs,Nhung,X7BA007405,Cấp ZV13 Thăng long,,Asset management/Transititons/IT tool.xlsx#Infra Device (transactions)!row=423
STK-B72CEF881F,Sim 4g,IN,2,2024-01-08 00:00:00,pcs,,89840480009343020508984048000934755086,Sóng nam giao,,Asset management/Transititons/IT tool.xlsx#Infra Device (transactions)!row=424
STK-4720EA4C12,HP 190V,IN,1,2024-05-08 00:00:00,pcs,VI05&VR05,3CQ54013F6,Nhập về từ VI05&VR05,,Asset management/Transititons/IT tool.xlsx#Infra Device (transactions)!row=425
STK-3AE16A23A0,HP 190V,IN,1,2024-05-08 00:00:00,pcs,VE04,1CR8420HDS,Nhập về từ VE04,,Asset management/Transititons/IT tool.xlsx#Infra Device (transactions)!row=426
STK-4E30C0963F,HP 190V,IN,1,2024-05-08 00:00:00,pcs,VC08,1CR82307CH,Nhập về từ VC08,,Asset management/Transititons/IT tool.xlsx#Infra Device (transactions)!row=427
STK-D70C03F6EA,HP-Display port to VGA,IN,2,2024-05-08 00:00:00,pcs,,,Nhập về từ VI05&VR05,,Asset management/Transititons/IT tool.xlsx#Infra Device (transactions)!row=428
STK-77499400BE,KVM Switch,IN,1,2024-05-08 00:00:00,,VI05&VR05,F3H40430496,Nhập về từ VI05&VR05 (Aten model),,Asset management/Transititons/IT tool.xlsx#Infra Device (transactions)!row=429
STK-75BE5647CC,Fortigate-40F,IN,3,2024-05-08 00:00:00,pcs,,,Nhập 3 bộ cùa FTI (Phase 2),,Asset management/Transititons/IT tool.xlsx#Infra Device (transactions)!row=430
STK-92109C2F95,OptiPlex 3090 Micro,OUT,1,2024-05-08 00:00:00,pcs,VA16-Pos1,DHC4LQ3,Cấp cho VA16,,Asset management/Transititons/IT tool.xlsx#Infra Device (transactions)!row=431
STK-9600206EE0,OptiPlex 3090 Micro,OUT,1,2024-05-08 00:00:00,pcs,VA16-Pos2,CHC4LQ3,Cấp cho VA16,,Asset management/Transititons/IT tool.xlsx#Infra Device (transactions)!row=432
STK-E3E6B3FE04,HP ProDesk 400 G3 DM,OUT,1,2024-05-08 00:00:00,pcs,VA16-Admin,8CG8105N1T,Cấp cho VA16,,Asset management/Transititons/IT tool.xlsx#Infra Device (transactions)!row=433
STK-90A20AC916,HP ProDesk 400 G3 DM,OUT,1,2024-05-08 00:00:00,pcs,VA16-Server,8CG8105MSQ,Cấp cho VA16,,Asset management/Transititons/IT tool.xlsx#Infra Device (transactions)!row=434
STK-B4F3D1834D,HP 190V,OUT,1,2024-05-08 00:00:00,pcs,VA16,3CQ54013F6,Cấp cho VA16,,Asset management/Transititons/IT tool.xlsx#Infra Device (transactions)!row=435
STK-1B77367BE7,HP 190V,OUT,1,2024-05-08 00:00:00,pcs,VA16,1CR8420HDS,Cấp cho VA16,,Asset management/Transititons/IT tool.xlsx#Infra Device (transactions)!row=436
STK-96860ACF31,HP 190V,OUT,1,2024-05-08 00:00:00,pcs,VA16,1CR82307CH,Cấp cho VA16,,Asset management/Transititons/IT tool.xlsx#Infra Device (transactions)!row=437
STK-B563682A1F,KVM Switch,OUT,1,2024-05-08 00:00:00,pcs,VA16,F3H40430496,Cấp cho VA16,,Asset management/Transititons/IT tool.xlsx#Infra Device (transactions)!row=438
STK-A357F32953,Maken MK410,OUT,1,2024-05-08 00:00:00,pcs,VA16,MK410220300326,Cấp cho VA16,,Asset management/Transititons/IT tool.xlsx#Infra Device (transactions)!row=439
STK-F5C212AFF6,Antech,OUT,1,2024-05-08 00:00:00,pcs,VA16,DGAV141220180740,Cấp cho VA16,,Asset management/Transititons/IT tool.xlsx#Infra Device (transactions)!row=440
STK-BBCEC62AE5,D-Link DES-1016D,OUT,1,2024-05-08 00:00:00,pcs,VA16,S31U4I3002273,Cấp cho VA16,,Asset management/Transititons/IT tool.xlsx#Infra Device (transactions)!row=441
STK-6B3BC8D195,Pole Display VFD,OUT,2,2024-05-08 00:00:00,pcs,VA16,211130000039;211130000034,Cấp cho VA16,,Asset management/Transititons/IT tool.xlsx#Infra Device (transactions)!row=442
STK-21CC505493,Hub Usb Unitek - 4 Port,OUT,2,2024-05-08 00:00:00,pcs,VA16,,Cấp cho VA16,,Asset management/Transititons/IT tool.xlsx#Infra Device (transactions)!row=443
STK-00C664296A,Datalogic QW2100,OUT,1,2024-05-08 00:00:00,pcs,VA16,G21EB1552,Cấp cho VA16,,Asset management/Transititons/IT tool.xlsx#Infra Device (transactions)!row=444
STK-C25D6697F2,Datalogic QW2100,OUT,1,2024-05-08 00:00:00,pcs,VA16,G21E85723,Cấp cho VA16,,Asset management/Transititons/IT tool.xlsx#Infra Device (transactions)!row=445
STK-799A7926AD,Epson TM-82III,OUT,1,2024-05-08 00:00:00,pcs,VA16,X7B9025195,Cấp cho VA16,,Asset management/Transititons/IT tool.xlsx#Infra Device (transactions)!row=446
STK-CB442FB47D,Epson TM-82III,OUT,1,2024-05-08 00:00:00,pcs,VA16,X7BA007402,Cấp cho VA16,,Asset management/Transititons/IT tool.xlsx#Infra Device (transactions)!row=447
STK-267DCAA304,Canon LBP 2900,OUT,1,2024-05-08 00:00:00,pcs,VA16,NMYA585779,Cấp cho VA16,,Asset management/Transititons/IT tool.xlsx#Infra Device (transactions)!row=448
STK-555CBF12E8,UPS SMC 1500,OUT,1,2024-05-08 00:00:00,pcs,VA16,,Cấp cho VA16,,Asset management/Transititons/IT tool.xlsx#Infra Device (transactions)!row=449
STK-A626B3DF0F,HP-Display port to VGA,OUT,1,2024-05-08 00:00:00,pcs,VA16,CNK3380795,Cấp cho VA16,2 thằng chung 1 serial,Asset management/Transititons/IT tool.xlsx#Infra Device (transactions)!row=450
STK-0366038165,HP-Display port to VGA,OUT,1,2024-05-08 00:00:00,pcs,VA16,CNK3380795,Cấp cho VA16,,Asset management/Transititons/IT tool.xlsx#Infra Device (transactions)!row=451
STK-F40E10A2C5,Fortigate-40F,OUT,1,2024-05-08 00:00:00,pcs,VA16,FGT40FTK24006198,Cấp cho VA16,,Asset management/Transititons/IT tool.xlsx#Infra Device (transactions)!row=452
STK-456878A471,Sim 4g,OUT,1,2024-06-08 00:00:00,pcs,ZV13,8401230450061640,Cấp ZV13 Thăng long,,Asset management/Transititons/IT tool.xlsx#Infra Device (transactions)!row=453
STK-6F1B7C6612,Modem 4G TP-Link M7350,OUT,1,2024-06-08 00:00:00,pcs,ZV13,,Cấp ZV13 Thăng long,,Asset management/Transititons/IT tool.xlsx#Infra Device (transactions)!row=454
STK-A55E043DCE,Datalogic QW2100,OUT,1,2024-06-08 00:00:00,pcs,ZV13,G21E8554,Cấp ZV13 Thăng long,,Asset management/Transititons/IT tool.xlsx#Infra Device (transactions)!row=455
STK-6FB76AAA4F,Epson TM-82III,OUT,1,2024-06-08 00:00:00,pcs,ZV13,X7BA004104,Cấp ZV13 Thăng long,,Asset management/Transititons/IT tool.xlsx#Infra Device (transactions)!row=456
STK-091C963C44,Pos,OUT,1,2024-06-08 00:00:00,pcs,ZV13,5C595716,Cấp ZV13 Thăng long,,Asset management/Transititons/IT tool.xlsx#Infra Device (transactions)!row=457
STK-39A0912E62,Dell Latitude 3520,OUT,1,2024-06-08 00:00:00,pcs,ZV13,6XSSKS3,Cấp ZV13 Thăng long,,Asset management/Transititons/IT tool.xlsx#Infra Device (transactions)!row=458
STK-0CB55CF64E,Mouse,OUT,1,2024-06-08 00:00:00,pcs,ZV13,,Cấp ZV13 Thăng long,,Asset management/Transititons/IT tool.xlsx#Infra Device (transactions)!row=459
STK-90553E94F3,Cash Drawer,OUT,1,2024-06-08 00:00:00,pcs,ZV13,MK410221102347,Cấp ZV13 Thăng long,,Asset management/Transititons/IT tool.xlsx#Infra Device (transactions)!row=460
STK-C34AB5EDFC,Pos,IN,1,2024-06-08 00:00:00,pcs,,5C595716,Chị Mai đưa,,Asset management/Transititons/IT tool.xlsx#Infra Device (transactions)!row=461
STK-EAA2BAE3D9,Laptop Dell Latitude 5430,OUT,1,2024-08-05 00:00:00,pcs,Nguyen Bao Ngoc,B8972T3,Cấp cho chị Ngọc ops mới & adapter,,Asset management/Transititons/IT tool.xlsx#Infra Device (transactions)!row=462
STK-4B5E2BC421,Lenovo Thinkpad E490,IN,1,2024-07-08 00:00:00,pcs,,PF1JSUP7,Thu hồi từ a tuấn,,Asset management/Transititons/IT tool.xlsx#Infra Device (transactions)!row=463
STK-2FEFAC6D58,Datalogic QW2100,IN,1,2024-07-08 00:00:00,pcs,,G19M33798,Thu hồi từ a tuấn,,Asset management/Transititons/IT tool.xlsx#Infra Device (transactions)!row=464
STK-99831772D1,Epson TM-82III,IN,1,2024-07-08 00:00:00,pcs,,X7BA007405,Thu hồi từ a tuấn,,Asset management/Transititons/IT tool.xlsx#Infra Device (transactions)!row=465
STK-15DB60D452,HP 280 G3 MT,IN,1,2024-07-08 00:00:00,pcs,VC08,4CE7385WV3,Thu hồi từ VC08,,Asset management/Transititons/IT tool.xlsx#Infra Device (transactions)!row=466
STK-1B05BC3FC2,EPSON TM-T82III,IN,1,2024-07-08 00:00:00,pcs,VC08,X7BA003673,Thu hồi từ VC08,,Asset management/Transititons/IT tool.xlsx#Infra Device (transactions)!row=467
STK-347FB52A86,Scanner datalogic qw2100,IN,1,2024-07-08 00:00:00,pcs,VC08,G21857554,Thu hồi từ VC08,,Asset management/Transititons/IT tool.xlsx#Infra Device (transactions)!row=468
STK-824A9D3444,Mouse,IN,1,2024-07-08 00:00:00,pcs,VC08,,Thu hồi từ VC08,,Asset management/Transititons/IT tool.xlsx#Infra Device (transactions)!row=469
STK-A17A33AAE8,Keyboard,IN,1,2024-07-08 00:00:00,pcs,VC08,,Thu hồi từ VC08,,Asset management/Transititons/IT tool.xlsx#Infra Device (transactions)!row=470
STK-D0CA1D0AF1,CASH DRAWER,IN,1,2024-07-08 00:00:00,pcs,VC08,DGAIV141220180754,Thu hồi từ VC08,,Asset management/Transititons/IT tool.xlsx#Infra Device (transactions)!row=471
STK-86D41D6E4C,HP ProDesk 400 G3 DM,IN,1,2024-07-08 00:00:00,pcs,VE04,8CG8105N35,Thu hồi từ VE04,,Asset management/Transititons/IT tool.xlsx#Infra Device (transactions)!row=472
STK-F172C2E686,Mouse,IN,1,2024-07-08 00:00:00,pcs,VE04,,Thu hồi từ VE04,,Asset management/Transititons/IT tool.xlsx#Infra Device (transactions)!row=473
STK-DD710D4C95,Keyboard,IN,1,2024-07-08 00:00:00,pcs,VE04,,Thu hồi từ VE04,,Asset management/Transititons/IT tool.xlsx#Infra Device (transactions)!row=474
STK-43DAB04EDA,Pole Display VFD220U,IN,1,2024-07-08 00:00:00,pcs,VE04,120033,Thu hồi từ VE04,,Asset management/Transititons/IT tool.xlsx#Infra Device (transactions)!row=475
STK-051B75B5E9,HP ProDesk 400 G3 DM,IN,1,,pcs,VC05,8CG75234Q7,Thu Hồi từ CHAMPION CRESCENT MALL,,Asset management/Transititons/IT tool.xlsx#Infra Device (transactions)!row=476
STK-1C48A1D507,HP ProDesk 400 G3 DM,OUT,1,14/8/2024,pcs,VA15,8CG8052W2J,Cấp cho VA15,,Asset management/Transititons/IT tool.xlsx#Infra Device (transactions)!row=477
STK-AEFEE0F94D,HP 190V,OUT,1,14/8/2024,pcs,VA15,1CR8371GSK,Cấp cho VA15,,Asset management/Transititons/IT tool.xlsx#Infra Device (transactions)!row=478
STK-DAAA6F716E,Maken MK410,OUT,1,14/8/2024,pcs,VA15,20230526081,Cấp cho VA15,,Asset management/Transititons/IT tool.xlsx#Infra Device (transactions)!row=479
STK-EFD2A33BC8,Pole Display LD220-HP,OUT,1,14/8/2024,pcs,VA15,493345-002,Cấp cho VA15,,Asset management/Transititons/IT tool.xlsx#Infra Device (transactions)!row=480
STK-083E4EB961,Mercusys,OUT,1,14/8/2024,pcs,VA15,22253D9009871,Cấp cho VA15,,Asset management/Transititons/IT tool.xlsx#Infra Device (transactions)!row=481
STK-5DC8623C3F,Datalogic QW2100,OUT,1,14/8/2024,pcs,VA15,G21M82786,Cấp cho VA15,,Asset management/Transititons/IT tool.xlsx#Infra Device (transactions)!row=482
STK-CBB8AF9342,Epson TM-82III,OUT,1,14/8/2024,pcs,VA15,X7B9022758,Cấp cho VA15,,Asset management/Transititons/IT tool.xlsx#Infra Device (transactions)!row=483
STK-86F30A41EE,HP Laser NEVERSTOP 1000W,OUT,1,14/8/2024,pcs,VA15,CNBRP8339N,Cấp cho VA15,,Asset management/Transititons/IT tool.xlsx#Infra Device (transactions)!row=484
STK-10B939AEBA,HP-Display port to VGA,OUT,1,14/8/2024,pcs,VA15,,Cấp cho VA15,,Asset management/Transititons/IT tool.xlsx#Infra Device (transactions)!row=485
STK-7621AEB56B,Mouse & keyboard,OUT,1,14/8/2024,pcs,VA15,,Cấp cho VA15,,Asset management/Transititons/IT tool.xlsx#Infra Device (transactions)!row=486
STK-B0029AD68D,Fortigate-40F,OUT,1,14/8/2024,pcs,VA15,FGT40FTK24012854,Cấp cho VA15,,Asset management/Transititons/IT tool.xlsx#Infra Device (transactions)!row=487
STK-A0924F67D9,Epson TM-82III,IN,1,16/08/2024,pcs,Vi04,X7BA002775,Nhận từ Vi04,,Asset management/Transititons/IT tool.xlsx#Infra Device (transactions)!row=488
STK-7E08C9388A,Laptop Dell Latitude 3520,OUT,1,21/08/2024,pcs,,6S4JGL3,Event Bình Dương,,Asset management/Transititons/IT tool.xlsx#Infra Device (transactions)!row=489
STK-AE9CD8ADD9,Epson TM-82III,OUT,1,21/08/2024,pcs,,X7BA002775,Event Bình Dương,,Asset management/Transititons/IT tool.xlsx#Infra Device (transactions)!row=490
STK-C9E073AFE6,Datalogic QW2100,OUT,1,21/08/2024,pcs,,G23C76607,Event Bình Dương,,Asset management/Transititons/IT tool.xlsx#Infra Device (transactions)!row=491
STK-3F3DFEECDC,Samsung Tab S6,IN,1,22/08/2024,pcs,,354348130452407,Sóng nam giao,,Asset management/Transititons/IT tool.xlsx#Infra Device (transactions)!row=492
STK-288510BA60,Samsung Tab S6,IN,1,22/08/2024,pcs,,354348130452662,Sóng nam giao,,Asset management/Transititons/IT tool.xlsx#Infra Device (transactions)!row=493
STK-AE880088C6,Samsung Tab S6,IN,1,22/08/2024,pcs,,354348130452001,Sóng nam giao,,Asset management/Transititons/IT tool.xlsx#Infra Device (transactions)!row=494
STK-997C12154E,Postek printer,IN,1,22/08/2024,pcs,,11624C0001,Sóng nam giao,,Asset management/Transititons/IT tool.xlsx#Infra Device (transactions)!row=495
STK-A0580B80AC,Postek printer,IN,1,22/08/2024,pcs,,11624C0002,Sóng nam giao,,Asset management/Transititons/IT tool.xlsx#Infra Device (transactions)!row=496
STK-1A56BAE539,Postek printer,IN,1,22/08/2024,pcs,,11624C0003,Sóng nam giao,,Asset management/Transititons/IT tool.xlsx#Infra Device (transactions)!row=497
STK-4474FA187C,SIM 4G Viettel,IN,1,22/08/2024,pcs,,8984048000934185683,Sóng nam giao,,Asset management/Transititons/IT tool.xlsx#Infra Device (transactions)!row=498
STK-7185857C7E,SIM 4G Viettel,IN,1,22/08/2024,pcs,,8984048000934185627,Sóng nam giao,,Asset management/Transititons/IT tool.xlsx#Infra Device (transactions)!row=499
STK-611C2C32FE,SIM 4G Viettel,IN,1,22/08/2024,pcs,,8984048000934185573,Sóng nam giao,,Asset management/Transititons/IT tool.xlsx#Infra Device (transactions)!row=500
STK-4E70FF3EF0,SIM 4G Viettel,IN,1,22/08/2024,pcs,,8984048000916476495,Sóng nam giao,,Asset management/Transititons/IT tool.xlsx#Infra Device (transactions)!row=501
STK-DAFA2EF50D,SIM 4G Viettel,IN,1,22/08/2024,pcs,,8984048000934185681,Sóng nam giao,,Asset management/Transititons/IT tool.xlsx#Infra Device (transactions)!row=502
STK-9F14659811,Epson TM-82III,IN,1,23/08/2024,pcs,,X7BA011302,VA02,,Asset management/Transititons/IT tool.xlsx#Infra Device (transactions)!row=503
STK-4C23A6D92A,Canon LBP 2900,IN,1,23/08/2024,pcs,,NMYA783802,VA02,,Asset management/Transititons/IT tool.xlsx#Infra Device (transactions)!row=504
STK-E5C902DE17,Datalogic QW2100,IN,1,23/08/2024,pcs,,G22EB4602,VA02,,Asset management/Transititons/IT tool.xlsx#Infra Device (transactions)!row=505
STK-05BFDDA3D8,Laptop Hp ProBook 440 G9,IN,1,23/08/2024,pcs,,5CD250F9ZW,VA02,,Asset management/Transititons/IT tool.xlsx#Infra Device (transactions)!row=506
STK-8D17F992FC,Laptop Dell Latitude 3520,OUT,1,27/08/2024,pcs,DƯƠNG QUANG MINH TUẤN,BR9VKG3,ZV16,,Asset management/Transititons/IT tool.xlsx#Infra Device (transactions)!row=507
STK-EBDFE30BE8,Samsung S6 Lite,IN,1,26/08/2024,pcs,,352294624028836,VN14,,Asset management/Transititons/IT tool.xlsx#Infra Device (transactions)!row=508
STK-00E03F9C23,Postek printer,IN,1,26/08/2024,pcs,,I1622F0008,VN14,,Asset management/Transititons/IT tool.xlsx#Infra Device (transactions)!row=509
STK-05BAE29CE5,HP 190V,IN,1,26/08/2024,pcs,,1CR82307C2,VN14,,Asset management/Transititons/IT tool.xlsx#Infra Device (transactions)!row=510
STK-FA1F288138,HP Pavilion 550-029I,IN,1,26/08/2024,pcs,,4CE61005V3,VN14,,Asset management/Transititons/IT tool.xlsx#Infra Device (transactions)!row=511
STK-7B17F2D17A,Canon LBP 2900,IN,1,26/08/2024,pcs,,NMYA855377,VN14,,Asset management/Transititons/IT tool.xlsx#Infra Device (transactions)!row=512
STK-BABCBBA8BE,Mercusys,IN,1,26/08/2024,pcs,,22172W5002261,VN14,,Asset management/Transititons/IT tool.xlsx#Infra Device (transactions)!row=513
STK-EDD632637B,Datalogic QW2100,IN,1,26/08/2024,pcs,,G21M82814,VN14,,Asset management/Transititons/IT tool.xlsx#Infra Device (transactions)!row=514
STK-EBD829D073,Epson TM-82III,IN,1,26/08/2024,pcs,,X7BA002788,VN14,,Asset management/Transititons/IT tool.xlsx#Infra Device (transactions)!row=515
STK-EDFD893F3C,Maken MK410,IN,1,26/08/2024,pcs,,MK410211201514,VN14,,Asset management/Transititons/IT tool.xlsx#Infra Device (transactions)!row=516
STK-9C45FCFCB4,Pole Display LD220-HP,IN,1,26/08/2024,pcs,,211130000033,VN14,,Asset management/Transititons/IT tool.xlsx#Infra Device (transactions)!row=517
STK-337E697093,Mouse,IN,1,26/08/2024,pcs,,,VN14,,Asset management/Transititons/IT tool.xlsx#Infra Device (transactions)!row=518
STK-1C4EB2D8A2,Keyboard,IN,1,26/08/2024,pcs,,,VN14,,Asset management/Transititons/IT tool.xlsx#Infra Device (transactions)!row=519
STK-7C1019EF2D,HP 194V,OUT,1,29/08/2024,pcs,,3CQ633116Z,VA13,,Asset management/Transititons/IT tool.xlsx#Infra Device (transactions)!row=520
STK-ECA87F162A,Epson TM-82III,OUT,1,29/08/2024,pcs,,X7BA011302,VA13,,Asset management/Transititons/IT tool.xlsx#Infra Device (transactions)!row=521
STK-9426AB0012,Canon LBP 2900,OUT,1,29/08/2024,pcs,,NMYA783802,VA13,,Asset management/Transititons/IT tool.xlsx#Infra Device (transactions)!row=522
STK-953E57B0D7,Pole Display VFD,OUT,1,29/08/2024,pcs,,211130000049,VA13,,Asset management/Transititons/IT tool.xlsx#Infra Device (transactions)!row=523
STK-4718DA1F53,HP ProDesk 400 G3 DM,OUT,1,29/08/2024,pcs,,8CG8105N1V,VA13,,Asset management/Transititons/IT tool.xlsx#Infra Device (transactions)!row=524
STK-71E9A01B47,Hub usb orico,OUT,1,29/08/2024,pcs,,,VA13,,Asset management/Transititons/IT tool.xlsx#Infra Device (transactions)!row=525
STK-C012205B1D,Mouse& Keyboard,OUT,1,29/08/2024,pcs,,,VA13,,Asset management/Transititons/IT tool.xlsx#Infra Device (transactions)!row=526
STK-31B361D983,Maken MK410,OUT,1,29/08/2024,pcs,,MK410220300197,VA13,,Asset management/Transititons/IT tool.xlsx#Infra Device (transactions)!row=527
STK-23C71D7E85,Fortigate-40F,OUT,1,29/08/2024,pcs,,,VA13,,Asset management/Transititons/IT tool.xlsx#Infra Device (transactions)!row=528
STK-AD6DB5E676,Mercusys,OUT,1,29/08/2024,pcs,,22172W5002275,VA13,,Asset management/Transititons/IT tool.xlsx#Infra Device (transactions)!row=529
STK-B773EC2189,Datalogic QW2100,OUT,1,29/08/2024,pcs,,G22EB4602,VA13,,Asset management/Transititons/IT tool.xlsx#Infra Device (transactions)!row=530
STK-6FDF1CA64C,HP-Display port to VGA,OUT,1,29/08/2024,pcs,,,VA13,,Asset management/Transititons/IT tool.xlsx#Infra Device (transactions)!row=531
STK-CE15BA4992,Samsung S6 Lite,OUT,1,2024-06-09 00:00:00,pcs,,352294624028836,VA16,,Asset management/Transititons/IT tool.xlsx#Infra Device (transactions)!row=532
STK-06C8B2BE69,Postek printer,OUT,1,2024-06-09 00:00:00,pcs,,I1622F0008,VA16,,Asset management/Transititons/IT tool.xlsx#Infra Device (transactions)!row=533
STK-47127E991E,HP Probook G9,IN,1,2024-09-09 00:00:00,pcs,,5CD2409YYT,Thu hồi từ A.Tuấn hiện tại a.huy giữ,,Asset management/Transititons/IT tool.xlsx#Infra Device (transactions)!row=534
STK-0E355F3C00,Samsung S6 Lite,OUT,1,10/092024,pcs,,354348130452407,VA22,,Asset management/Transititons/IT tool.xlsx#Infra Device (transactions)!row=535
STK-26178B2266,Postek printer,OUT,1,10/092024,pcs,,I1624C0001,VA22,,Asset management/Transititons/IT tool.xlsx#Infra Device (transactions)!row=536
STK-CA64EAB53E,SIM 4G Viettel,OUT,1,10/092024,pcs,,8984048000916476495,VA22,,Asset management/Transititons/IT tool.xlsx#Infra Device (transactions)!row=537
STK-B2747B1BDA,Fortigate-60F,IN,1,16/09/2024,pcs,,SERIALFGT60FTK23084659;CLOUD_KEYC7XWD5S5,VO02,,Asset management/Transititons/IT tool.xlsx#Infra Device (transactions)!row=538
STK-737C0C3E02,Datalogic QW2100,IN,1,16/09/2024,pcs,,G21E85804,zv16&zv14,,Asset management/Transititons/IT tool.xlsx#Infra Device (transactions)!row=539
STK-83CF35909E,TP-Link MR6400,IN,1,16/09/2024,pcs,,223C9L2011651,zv16&zv14,,Asset management/Transititons/IT tool.xlsx#Infra Device (transactions)!row=540
STK-B5346FD453,Epson TM-82III,IN,1,16/09/2024,pcs,,X7BA002787,zv16&zv14,,Asset management/Transititons/IT tool.xlsx#Infra Device (transactions)!row=541
STK-CC9E08CEC0,SIM 4G Viettel,IN,1,16/09/2024,pcs,,8984048000927542644,zv16&zv14,,Asset management/Transititons/IT tool.xlsx#Infra Device (transactions)!row=542
STK-1A6DED9B15,Laptop Dell Latitude 3520,IN,1,16/09/2024,pcs,,BR9VKG3,zv16&zv14,,Asset management/Transititons/IT tool.xlsx#Infra Device (transactions)!row=543
STK-1A58CEC14A,HP Laser NEVERSTOP 1000W,IN,1,17/09/2024,pcs,,CNBRP833GH,VN02,,Asset management/Transititons/IT tool.xlsx#Infra Device (transactions)!row=544
STK-CF152B035C,Epson TM-82III,IN,1,17/09/2024,pcs,,X7BA000889,VN02,,Asset management/Transititons/IT tool.xlsx#Infra Device (transactions)!row=545
STK-4EE060F4D6,Datalogic QW2100,IN,1,17/09/2024,pcs,,G17NE9961,VN02,,Asset management/Transititons/IT tool.xlsx#Infra Device (transactions)!row=546
STK-F710CAD5AB,Maken MK410,IN,1,17/09/2024,pcs,,MK410210300453,VN02,,Asset management/Transititons/IT tool.xlsx#Infra Device (transactions)!row=547
STK-7CBBDE994C,HP ProDesk 400 G7 DM,IN,1,17/09/2024,pcs,,1CZ04303Y7,VN02,,Asset management/Transititons/IT tool.xlsx#Infra Device (transactions)!row=548
STK-52BF28D858,Lenovo tab M8,IN,1,17/09/2024,pcs,,HA1JXW7V,VN02,,Asset management/Transititons/IT tool.xlsx#Infra Device (transactions)!row=549
STK-12C3C38DCE,Sim 4g,IN,1,17/09/2024,pcs,,8401232050322104,VN02,,Asset management/Transititons/IT tool.xlsx#Infra Device (transactions)!row=550
STK-7B069B1A2C,HP 185E,IN,1,17/09/2024,pcs,,CNT930534Q,VN02,,Asset management/Transititons/IT tool.xlsx#Infra Device (transactions)!row=551
STK-1A8EC1E1EF,Postek printer,IN,1,17/09/2024,pcs,,I1623H0003,VN02,,Asset management/Transititons/IT tool.xlsx#Infra Device (transactions)!row=552
STK-F51E8BA591,Mercusys,OUT,1,17/09/2024,pcs,,22172W5002261,VN16,,Asset management/Transititons/IT tool.xlsx#Infra Device (transactions)!row=553
STK-758E0B4CAB,Pole Display VFD,IN,1,17/09/2024,pcs,,2108112341009,VN02,,Asset management/Transititons/IT tool.xlsx#Infra Device (transactions)!row=554
STK-7C2E51A39A,Canon LBP 2900,IN,1,20/09/2024,pcs,,211130000029,PO03,,Asset management/Transititons/IT tool.xlsx#Infra Device (transactions)!row=555
STK-9EE0237270,Datalogic QW2100,IN,1,20/09/2024,pcs,,G21EB1563,PO03,,Asset management/Transititons/IT tool.xlsx#Infra Device (transactions)!row=556
STK-5C63EDEC4B,OptiPlex 3090 Micro,IN,1,20/09/2024,pcs,,BGC4LQ3,PO03,,Asset management/Transititons/IT tool.xlsx#Infra Device (transactions)!row=557
STK-9B69160060,Canon LBP 2900,IN,1,20/09/2024,pcs,,NMYA746459,PO03,,Asset management/Transititons/IT tool.xlsx#Infra Device (transactions)!row=558
STK-AF3C49A785,Mercusys,IN,1,20/09/2024,pcs,,2201552001955,PO03,,Asset management/Transititons/IT tool.xlsx#Infra Device (transactions)!row=559
STK-82CF95FCEC,Epson TM-82III,IN,1,20/09/2024,pcs,,X7BA002821,PO03,,Asset management/Transititons/IT tool.xlsx#Infra Device (transactions)!row=560
STK-327650F335,Dell E1916,IN,1,20/09/2024,pcs,,CN0MMK39728725COG47UA00,PO03,,Asset management/Transititons/IT tool.xlsx#Infra Device (transactions)!row=561
STK-736C3454BE,Maken MK410,IN,1,20/09/2024,pcs,,,PO03,,Asset management/Transititons/IT tool.xlsx#Infra Device (transactions)!row=562
STK-7CE81081FB,HP V20,IN,1,20/09/2024,pcs,,3CQ2320CR6,VA09&VN11,,Asset management/Transititons/IT tool.xlsx#Infra Device (transactions)!row=563
STK-5528E0334B,HP V20,IN,1,20/09/2024,pcs,,3CQ2320662,VA09&VN11,,Asset management/Transititons/IT tool.xlsx#Infra Device (transactions)!row=564
STK-E0A54FA32A,Hp ProBook 440 G6,IN,1,20/09/2024,pcs,,8CC2231D4N,VN11,,Asset management/Transititons/IT tool.xlsx#Infra Device (transactions)!row=565
STK-6CAD8481A4,Pole Display VFD,IN,1,20/09/2024,pcs,,221122000049,VA09&VN11,,Asset management/Transititons/IT tool.xlsx#Infra Device (transactions)!row=566
STK-93B40E7056,Maken MK410,IN,1,20/09/2024,pcs,,MK410221102041,VA09&VN11,,Asset management/Transititons/IT tool.xlsx#Infra Device (transactions)!row=567
STK-8F80B08FAA,Maken MK410,IN,1,20/09/2024,pcs,,MK410221102021,VA09&VN11,,Asset management/Transititons/IT tool.xlsx#Infra Device (transactions)!row=568
STK-8974D70275,Scanner Datalogic QW2100,IN,1,20/09/2024,pcs,,G23D05705,VA09&VN11,,Asset management/Transititons/IT tool.xlsx#Infra Device (transactions)!row=569
STK-403703C637,Scanner Datalogic QW2100,IN,1,20/09/2024,pcs,,G23C76627,VA09&VN11,,Asset management/Transititons/IT tool.xlsx#Infra Device (transactions)!row=570
STK-795C1EA16B,Canon LBP 2900,IN,1,20/09/2024,pcs,,NMYA834196,VA09&VN11,,Asset management/Transititons/IT tool.xlsx#Infra Device (transactions)!row=571
STK-22FCBAC15C,Canon LBP 2900,IN,1,20/09/2024,pcs,,NMYA802536,VA09&VN11,,Asset management/Transititons/IT tool.xlsx#Infra Device (transactions)!row=572
STK-57307E67C5,Epson TM-82III,IN,1,20/09/2024,pcs,,X7B9023457,VA09&VN11,,Asset management/Transititons/IT tool.xlsx#Infra Device (transactions)!row=573
STK-4273789A5C,Epson TM-82III,IN,1,20/09/2024,pcs,,X7B9028159,VA09&VN11,,Asset management/Transititons/IT tool.xlsx#Infra Device (transactions)!row=574
STK-7739733B00,Samsung S6 Lite,IN,1,20/09/2024,pcs,,352294624027655,VN11,,Asset management/Transititons/IT tool.xlsx#Infra Device (transactions)!row=575
STK-EE7CD1E0A3,Postek printer,IN,1,20/09/2024,pcs,,I1622F0001,VA09&VN11,,Asset management/Transititons/IT tool.xlsx#Infra Device (transactions)!row=576
STK-970E46A69C,Pole Display VFD,IN,1,20/09/2024,pcs,,221122000049,vn24,,Asset management/Transititons/IT tool.xlsx#Infra Device (transactions)!row=577
STK-ADBE64435F,OptiPlex 3090 Micro,IN,1,20/09/2024,pcs,,2HC4LQ3,vn24,,Asset management/Transititons/IT tool.xlsx#Infra Device (transactions)!row=578
STK-5203376DC0,Epson TM-82III,IN,1,20/09/2024,pcs,,X7BA007409,vn24,,Asset management/Transititons/IT tool.xlsx#Infra Device (transactions)!row=579
STK-84F9886E3F,Canon LBP 2900,IN,1,20/09/2024,pcs,,NMYA786005,vn24,,Asset management/Transititons/IT tool.xlsx#Infra Device (transactions)!row=580
STK-0F8371ACBF,Datalogic QW2100,IN,1,20/09/2024,pcs,,G22EB4589,vn24,,Asset management/Transititons/IT tool.xlsx#Infra Device (transactions)!row=581
STK-B2427D70AF,Maken MK410,IN,1,20/09/2024,pcs,,MK410220300534,vn24,,Asset management/Transititons/IT tool.xlsx#Infra Device (transactions)!row=582
STK-840C27CA41,HP 190V,IN,1,20/09/2024,pcs,,1CR82307CB,vn24,,Asset management/Transititons/IT tool.xlsx#Infra Device (transactions)!row=583
STK-B4EA3F49D0,Cisco CBS110-16T-EU,IN,1,20/09/2024,pcs,,PSZ26391WEW,vn24,,Asset management/Transititons/IT tool.xlsx#Infra Device (transactions)!row=584
STK-A656DCED77,Epson TM-82III,IN,1,30/09/2024,pcs,,X7BA002775,Binh duong,,Asset management/Transititons/IT tool.xlsx#Infra Device (transactions)!row=585
STK-3F78F19EAA,Maken MK410,OUT,1,2024-10-03 00:00:00,pcs,VN11,MK410221102041,VN07,,Asset management/Transititons/IT tool.xlsx#Infra Device (transactions)!row=586
STK-6FA4F5E826,XPrinter XP-K300L,IN,1,2024-10-10 00:00:00,pcs,,XPK300L-BM2105270034,VN07,,Asset management/Transititons/IT tool.xlsx#Infra Device (transactions)!row=587
STK-D417839469,Maken MK410,IN,1,2024-10-10 00:00:00,pcs,,MK410211200950,VN07,,Asset management/Transititons/IT tool.xlsx#Infra Device (transactions)!row=588
STK-E4913FFB84,Maken MK410,IN,1,2024-10-10 00:00:00,pcs,,MK410211201512,VN07,,Asset management/Transititons/IT tool.xlsx#Infra Device (transactions)!row=589
STK-2770EF8F27,Maken MK410,IN,1,2024-10-10 00:00:00,pcs,,MK410221102021,VN07,,Asset management/Transititons/IT tool.xlsx#Infra Device (transactions)!row=590
STK-51360A3294,Pole Display VFD220U,IN,1,2024-10-10 00:00:00,pcs,,211130000045,VN07,,Asset management/Transititons/IT tool.xlsx#Infra Device (transactions)!row=591
STK-22A547E0CF,HP Laser NEVERSTOP 1000W,IN,1,2024-10-10 00:00:00,pcs,,CNBRP8434C,VN07,,Asset management/Transititons/IT tool.xlsx#Infra Device (transactions)!row=592
STK-9BBA2C4E72,Epson TM-82III,OUT,1,2024-11-10 00:00:00,pcs,,X7BA007409,KN08,,Asset management/Transititons/IT tool.xlsx#Infra Device (transactions)!row=593
STK-6839C559E8,Laptop Dell Inspiron 3505,IN,1,14/10/2024,pcs,,GNWPK73,Vn01,,Asset management/Transititons/IT tool.xlsx#Infra Device (transactions)!row=594
STK-9C3B1D67AE,Epson TM-82III,IN,1,14/10/2024,pcs,,X7BA000887,Vn01,,Asset management/Transititons/IT tool.xlsx#Infra Device (transactions)!row=595
STK-608FF7620D,Scanner Datalogic QW2100,IN,1,14/10/2024,pcs,,G20L70063,Vn01,,Asset management/Transititons/IT tool.xlsx#Infra Device (transactions)!row=596
STK-E2C4267FD2,Pole Display,IN,1,14/10/2024,pcs,,2108112341009,Vn01,,Asset management/Transititons/IT tool.xlsx#Infra Device (transactions)!row=597
STK-7EBB72C63A,Antech,IN,1,14/10/2024,pcs,,DGAV141220180754,Vn01,,Asset management/Transititons/IT tool.xlsx#Infra Device (transactions)!row=598
STK-5A025966F5,Canon LBP 2900,IN,1,14/10/2024,pcs,,NMYA467073,Vn01,,Asset management/Transititons/IT tool.xlsx#Infra Device (transactions)!row=599
STK-8626513A0E,Mercusys,IN,1,14/10/2024,pcs,,2201552001939,Vn01,,Asset management/Transititons/IT tool.xlsx#Infra Device (transactions)!row=600
STK-57F7F9969D,Epson TM-82II,IN,1,2024-11-10 00:00:00,pcs,,TCEY007558,Kn08,,Asset management/Transititons/IT tool.xlsx#Infra Device (transactions)!row=601
STK-3C1678E430,Epson TM-82II,IN,1,18/10/2024,pcs,,TCEY004684,Vi01,,Asset management/Transititons/IT tool.xlsx#Infra Device (transactions)!row=602
STK-DEADEB95CC,zebex z3100,IN,1,18/10/2024,pcs,,G00LH223008,Vi01,,Asset management/Transititons/IT tool.xlsx#Infra Device (transactions)!row=603
STK-20F9A52FD0,Fortigate-40F,IN,1,18/10/2024,pcs,,FGT40FTK2309D2HW,,,Asset management/Transititons/IT tool.xlsx#Infra Device (transactions)!row=604
STK-3E7063EEDC,Unitek - HDMI to VGA,OUT,1,22/10/2024,pcs,Tram log,,,,Asset management/Transititons/IT tool.xlsx#Infra Device (transactions)!row=605
STK-868FCBD969,Samsung S19B370B,IN,1,22/10/2024,pcs,,MQDJHYCC302944V,,,Asset management/Transititons/IT tool.xlsx#Infra Device (transactions)!row=606
STK-39D0B79D53,Samsung S19B370B,OUT,1,22/10/2024,pcs,Tram log,MQDJHYCC302944V,,,Asset management/Transititons/IT tool.xlsx#Infra Device (transactions)!row=607
STK-22EBEEF168,Laptop Hp ProBook 440 G9,IN,1,25/10/2024,pcs,,5CD250F9PD,VE06,,Asset management/Transititons/IT tool.xlsx#Infra Device (transactions)!row=608
STK-A7EA62BF18,Datalogic QW2100,IN,1,25/10/2024,pcs,VA08,G23C76615,VE06,,Asset management/Transititons/IT tool.xlsx#Infra Device (transactions)!row=609
STK-9F05C6A6C5,Epson TM-82III,IN,1,25/10/2024,pcs,,X7B9022777,VE06,,Asset management/Transititons/IT tool.xlsx#Infra Device (transactions)!row=610
STK-C8C1CC4579,Laptop Lenovo Lenovo 81FV,IN,1,,pcs,,PF1MDA7C,Vi01,,Asset management/Transititons/IT tool.xlsx#Infra Device (transactions)!row=611
STK-0BE89C2F39,Epson TM-82III,OUT,1,29/10/2024,pcs,,X7B90227772,VA14,,Asset management/Transititons/IT tool.xlsx#Infra Device (transactions)!row=612
STK-ED1D8A56F4,Canon LBP 2900,OUT,1,29/10/2024,pcs,,NMYA786005,VA14,,Asset management/Transititons/IT tool.xlsx#Infra Device (transactions)!row=613
STK-5343607DC4,Maken MK410,OUT,1,29/10/2024,pcs,,MK410221102021,VA14,,Asset management/Transititons/IT tool.xlsx#Infra Device (transactions)!row=614
STK-D2F07FFC61,Pole Display VFD,OUT,1,29/10/2024,pcs,,211130000045,VA14,,Asset management/Transititons/IT tool.xlsx#Infra Device (transactions)!row=615
STK-D786118CBA,Dell E1916,OUT,1,29/10/2024,pcs,,CN-OMMK39-72872-5CO-G47U-A00,VA14,,Asset management/Transititons/IT tool.xlsx#Infra Device (transactions)!row=616
STK-EA8668CFB3,HP ProDesk 400 G3 DM,OUT,1,29/10/2024,pcs,,8CG8105N35,VA14,,Asset management/Transititons/IT tool.xlsx#Infra Device (transactions)!row=617
STK-D9FE6465D1,Mercusys,OUT,1,29/10/2024,pcs,,2201552001955,VA14,,Asset management/Transititons/IT tool.xlsx#Infra Device (transactions)!row=618
STK-C3BA73F433,Fortigate-40F,OUT,1,29/10/2024,pcs,,FGT40FTK2309D2CMKEY9LCZPTQ3,VA14,,Asset management/Transititons/IT tool.xlsx#Infra Device (transactions)!row=619
STK-0B8A23A76D,mouse,OUT,1,29/10/2024,pcs,,,VA14,,Asset management/Transititons/IT tool.xlsx#Infra Device (transactions)!row=620
STK-F06F9450B6,keyboard,OUT,1,29/10/2024,pcs,,,VA14,,Asset management/Transititons/IT tool.xlsx#Infra Device (transactions)!row=621
STK-0FD3ED2203,Datalogic QW2100,OUT,1,29/10/2024,pcs,,G23C76615,VA14,,Asset management/Transititons/IT tool.xlsx#Infra Device (transactions)!row=622
STK-5CA157E4D9,Hub Usb Orico 4 Port,OUT,1,2024-06-10 00:00:00,pcs,,,VR02,,Asset management/Transititons/IT tool.xlsx#Infra Device (transactions)!row=623
STK-2C17378AF6,HP ProDesk 400 G6 DM,OUT,1,2024-08-11 00:00:00,pcs,,8CC2231D5C,VA20-ADMIN,,Asset management/Transititons/IT tool.xlsx#Infra Device (transactions)!row=624
STK-CF6B7AE29B,OptiPlex 3090 Micro,OUT,1,2024-08-11 00:00:00,pcs,,8CC2231D4N,VA20-POS2,,Asset management/Transititons/IT tool.xlsx#Infra Device (transactions)!row=625
STK-438C6BA9E9,HP ProDesk 400 G3 DM,OUT,1,2024-08-11 00:00:00,pcs,,8CG8052XG7,VA20-POS1,,Asset management/Transititons/IT tool.xlsx#Infra Device (transactions)!row=626
STK-C8BB18E44A,HP 185E,OUT,1,2024-08-11 00:00:00,pcs,,CNT930534Q,VA20,,Asset management/Transititons/IT tool.xlsx#Infra Device (transactions)!row=627
STK-9CE962DD3E,HP V20,OUT,1,2024-08-11 00:00:00,pcs,,3CQ2320CR6,VA20,,Asset management/Transititons/IT tool.xlsx#Infra Device (transactions)!row=628
STK-60DE6635FA,Angustos,IN,1,2024-06-11 00:00:00,pcs,,2312178BADH21L0200002,Sóng nam giao,,Asset management/Transititons/IT tool.xlsx#Infra Device (transactions)!row=629
STK-CB5C064DF2,Angustos,OUT,1,2024-08-11 00:00:00,pcs,,2312178BADH21L0200002,VA20,,Asset management/Transititons/IT tool.xlsx#Infra Device (transactions)!row=630
STK-B5D729C804,Maken MK410,OUT,1,2024-08-11 00:00:00,pcs,,MK410211200950,VA20,,Asset management/Transititons/IT tool.xlsx#Infra Device (transactions)!row=631
STK-78EA821B06,Maken MK410,OUT,1,2024-08-11 00:00:00,pcs,,MK410211201512,VA20,,Asset management/Transititons/IT tool.xlsx#Infra Device (transactions)!row=632
STK-325F5076AA,Pole Display VFD,OUT,1,2024-08-11 00:00:00,pcs,,211130000029,VA20,,Asset management/Transititons/IT tool.xlsx#Infra Device (transactions)!row=633
STK-B3ABBC5008,Hub Usb Unitek - 4 Port,OUT,1,2024-08-11 00:00:00,pcs,,,VA20,,Asset management/Transititons/IT tool.xlsx#Infra Device (transactions)!row=634
STK-CEBECFF3D2,Datalogic QW2100,OUT,1,2024-08-11 00:00:00,pcs,,G22EB4589,VA20,,Asset management/Transititons/IT tool.xlsx#Infra Device (transactions)!row=635
STK-8E7635B3A5,Datalogic QW2100,OUT,1,2024-08-11 00:00:00,pcs,,G21E85804,VA20,,Asset management/Transititons/IT tool.xlsx#Infra Device (transactions)!row=636
STK-F4F659BF1A,Epson TM-82III,OUT,1,2024-08-11 00:00:00,pcs,,X7BA002787,VA20,,Asset management/Transititons/IT tool.xlsx#Infra Device (transactions)!row=637
STK-A974BBD787,Epson TM-82III,OUT,1,2024-08-11 00:00:00,pcs,,X7BA002788,VA20,,Asset management/Transititons/IT tool.xlsx#Infra Device (transactions)!row=638
STK-959C9A4122,Canon LBP 2900,OUT,1,2024-08-11 00:00:00,pcs,,NMYA746459,VA20,,Asset management/Transititons/IT tool.xlsx#Infra Device (transactions)!row=639
STK-5FF40D605B,HP-Display port to VGA,OUT,1,2024-08-11 00:00:00,pcs,,,VA20,,Asset management/Transititons/IT tool.xlsx#Infra Device (transactions)!row=640
STK-E2FC4DCA1A,HP-Display port to VGA,OUT,1,2024-08-11 00:00:00,pcs,,,VA20,,Asset management/Transititons/IT tool.xlsx#Infra Device (transactions)!row=641
STK-90E0393010,Fortigate-40F,OUT,1,2024-08-11 00:00:00,pcs,,FGT40FTK2309D2HW,VA20,,Asset management/Transititons/IT tool.xlsx#Infra Device (transactions)!row=642
STK-01906D1769,Pole Display VFD,OUT,1,2024-08-11 00:00:00,pcs,,211130000048,VA20,,Asset management/Transititons/IT tool.xlsx#Infra Device (transactions)!row=643
STK-8AD5828941,Mercusys,OUT,1,2024-08-11 00:00:00,pcs,,2201552001939,VA20,,Asset management/Transititons/IT tool.xlsx#Infra Device (transactions)!row=644
STK-0BD979D497,Samsung Tab S6,OUT,1,13/11/2024,pcs,,354348130452001,VN27,,Asset management/Transititons/IT tool.xlsx#Infra Device (transactions)!row=645
STK-1A497A3D33,Laptop Thinkpad X280,OUT,1,19/11/2024,pcs,,PC133K78,ZV17,,Asset management/Transititons/IT tool.xlsx#Infra Device (transactions)!row=646
STK-5E47CD5AD2,Lenovo tab M8,IN,1,19/11/2024,pcs,,HA1JZCBD,VA05,,Asset management/Transititons/IT tool.xlsx#Infra Device (transactions)!row=647
STK-F8F3880DD0,Lenovo tab M8,IN,1,19/11/2024,pcs,,HA1JY6ZZ,VN27,,Asset management/Transititons/IT tool.xlsx#Infra Device (transactions)!row=648
STK-5B79813268,Laptop HP 14s-cf2xxx,OUT,1,20/11/2024,pcs,,5CG11088PT,VN09 event,,Asset management/Transititons/IT tool.xlsx#Infra Device (transactions)!row=649
STK-4D9FEEA938,Epson TM-82III,OUT,1,20/11/2024,pcs,,X7B9023457,VN09 event,,Asset management/Transititons/IT tool.xlsx#Infra Device (transactions)!row=650
STK-8B0A94BAD3,Datalogic QW2100,OUT,1,20/11/2024,pcs,,G2OL70063,VN09 event,,Asset management/Transititons/IT tool.xlsx#Infra Device (transactions)!row=651
STK-0B5943516A,Postek printer,OUT,1,28/11/2024,pcs,,I1624C0002,VN27,,Asset management/Transititons/IT tool.xlsx#Infra Device (transactions)!row=652
STK-CDCA98A24D,Mercusys,OUT,1,29/11/2024,pcs,,22172W5002268,VN09,,Asset management/Transititons/IT tool.xlsx#Infra Device (transactions)!row=653
STK-7AF92CDA26,HP Probook G9,OUT,1,22/11/2024,pcs,,5CD2409YYT,ZV18,,Asset management/Transititons/IT tool.xlsx#Infra Device (transactions)!row=654
STK-AD3DD8DF6B,Laptop Dell Latitude 3520,OUT,1,22/11/2024,pcs,,1P8VKG3,ZV18,,Asset management/Transititons/IT tool.xlsx#Infra Device (transactions)!row=655
STK-1288C8D6D6,TP-Link MR6400,OUT,1,22/11/2024,pcs,,223C9L2011651,ZV18,,Asset management/Transititons/IT tool.xlsx#Infra Device (transactions)!row=656
STK-B74174063C,Epson TM-82III,OUT,1,22/11/2024,pcs,,X7B9028159,ZV18,,Asset management/Transititons/IT tool.xlsx#Infra Device (transactions)!row=657
STK-A0E27EF6A8,Datalogic QW2100,OUT,1,22/11/2024,pcs,,G23C76627,ZV18,,Asset management/Transititons/IT tool.xlsx#Infra Device (transactions)!row=658
STK-7534F3B611,Laptop Dell Latitude 3520,OUT,1,22/11/2024,pcs,,BXSSKS3,Event Va13,,Asset management/Transititons/IT tool.xlsx#Infra Device (transactions)!row=659
STK-CB3AADE91F,Epson TM-82III,OUT,1,22/11/2024,pcs,,X7BA000889,Event Va13,,Asset management/Transititons/IT tool.xlsx#Infra Device (transactions)!row=660
STK-69D150C436,Datalogic QW2100,OUT,1,22/11/2024,pcs,,G23C76607,Event Va13,,Asset management/Transititons/IT tool.xlsx#Infra Device (transactions)!row=661
STK-2BAFA8A349,Laptop Dell Latitude 3520,IN,1,2024-09-12 00:00:00,pcs,,1P8VKG3,ZV18,,Asset management/Transititons/IT tool.xlsx#Infra Device (transactions)!row=662
STK-FC89F3DC6E,Laptop Thinkpad X280,IN,1,2024-09-12 00:00:00,pcs,,PC133K78,ZV17,,Asset management/Transititons/IT tool.xlsx#Infra Device (transactions)!row=663
STK-7227833F1A,Laptop Dell Latitude 3520,IN,1,2024-09-12 00:00:00,pcs,,BXSSKS3,Event Va13,,Asset management/Transititons/IT tool.xlsx#Infra Device (transactions)!row=664
STK-0E9A354FE3,Epson TM-82III,IN,1,2024-09-12 00:00:00,pcs,,X7BA000889,Event Va13,,Asset management/Transititons/IT tool.xlsx#Infra Device (transactions)!row=665
STK-343BDC0733,Datalogic QW2100,IN,1,2024-09-12 00:00:00,pcs,,G23C76607,Event Va13,,Asset management/Transititons/IT tool.xlsx#Infra Device (transactions)!row=666
STK-7196B94AE8,Datalogic QW2100,IN,1,23/12/2024,pcs,,G21M82827,VA22,,Asset management/Transititons/IT tool.xlsx#Infra Device (transactions)!row=667
STK-F698FE1456,Epson TM-82III,IN,1,23/12/2024,pcs,,X7B9023460,VA22,,Asset management/Transititons/IT tool.xlsx#Infra Device (transactions)!row=668
STK-6BBCAFCD0B,HP V20,IN,1,23/12/2024,pcs,,3CQ2320F15,VA22,,Asset management/Transititons/IT tool.xlsx#Infra Device (transactions)!row=669
STK-81A06B2024,Canon LBP 2900,IN,1,23/12/2024,pcs,,NMYA802553,VA22,,Asset management/Transititons/IT tool.xlsx#Infra Device (transactions)!row=670
STK-DA7D96A09F,DSP V9FB,IN,1,23/12/2024,pcs,,D190928010254,VA22,,Asset management/Transititons/IT tool.xlsx#Infra Device (transactions)!row=671
STK-A7C486E0CB,Samsung S6 Lite,IN,1,23/12/2024,pcs,,354348130452407,VA22,,Asset management/Transititons/IT tool.xlsx#Infra Device (transactions)!row=672
STK-62BB0460D0,Postek printer,IN,1,23/12/2024,pcs,,I1624C0001,VA22,,Asset management/Transititons/IT tool.xlsx#Infra Device (transactions)!row=673
STK-A0B98AC2F0,SIM 4G Viettel,IN,1,23/12/2024,pcs,,8984048000916476495,VA22,,Asset management/Transititons/IT tool.xlsx#Infra Device (transactions)!row=674
STK-BA90A43B40,Maken MK410,IN,1,23/12/2024,pcs,,MK410221101694,VA22,,Asset management/Transititons/IT tool.xlsx#Infra Device (transactions)!row=675
STK-3DF0DD8913,HP ProDesk 400 G6 DM,IN,1,23/12/2024,pcs,,8CC2231D78,VA22,,Asset management/Transititons/IT tool.xlsx#Infra Device (transactions)!row=676
STK-78F6B7C2DD,Laptop Hp ProBook 440 G9,OUT,1,23/08/2024,pcs,,5CD250F9ZW,ZV21,,Asset management/Transititons/IT tool.xlsx#Infra Device (transactions)!row=677
STK-D261AC2CBD,Laptop Dell Latitude 3520,OUT,1,2024-09-12 00:00:00,pcs,,1P8VKG3,ZV20,,Asset management/Transititons/IT tool.xlsx#Infra Device (transactions)!row=678
STK-803F394711,Laptop Thinkpad X280,OUT,1,2024-09-12 00:00:00,pcs,,PC133K78,ZV19,,Asset management/Transititons/IT tool.xlsx#Infra Device (transactions)!row=679
STK-4C781E3EA3,HP Laserjet pro M12w,IN,1,24/12/2024,pcs,,VNCW514219,KN01,,Asset management/Transititons/IT tool.xlsx#Infra Device (transactions)!row=680
STK-D56C867616,Epson TM-82II,IN,1,24/12/2024,pcs,,TCCY014795,KN01,,Asset management/Transititons/IT tool.xlsx#Infra Device (transactions)!row=681
STK-C93EACEFDC,Monitor HP V190,IN,1,24/12/2024,pcs,,1CR82307CK,KN01,,Asset management/Transititons/IT tool.xlsx#Infra Device (transactions)!row=682
STK-3BEFB0FD85,Scanner Datalogic QW2100,IN,1,24/12/2024,pcs,,G17NE9935,KN01,,Asset management/Transititons/IT tool.xlsx#Infra Device (transactions)!row=683
STK-B2D72A101D,Pole Display HP,IN,1,24/12/2024,pcs,,,KN01,,Asset management/Transititons/IT tool.xlsx#Infra Device (transactions)!row=684
STK-FA2079D80F,Cash Drawer Antech,IN,1,24/12/2024,pcs,,B5AT100018,KN01,,Asset management/Transititons/IT tool.xlsx#Infra Device (transactions)!row=685
STK-FBEFDA83A2,Other Mitaco Finger printer,IN,1,24/12/2024,pcs,,,KN01,,Asset management/Transititons/IT tool.xlsx#Infra Device (transactions)!row=686
STK-11E5829764,Network Switch TP-Link,IN,1,24/12/2024,pcs,,,KN01,,Asset management/Transititons/IT tool.xlsx#Infra Device (transactions)!row=687
STK-F28858BB4F,Firewall Fortinet 60E,IN,1,24/12/2024,pcs,,,KN01,,Asset management/Transititons/IT tool.xlsx#Infra Device (transactions)!row=688
STK-7A3D18C620,Laptop HP ProBook 440 14 inch G9,IN,1,2025-01-02 00:00:00,pcs,,5CD250F9QZ,VA10,,Asset management/Transititons/IT tool.xlsx#Infra Device (transactions)!row=689
STK-81F93F0095,Bill Printer Epson TM-T82III,IN,1,2025-01-02 00:00:00,pcs,,X7B9022786,VA11,,Asset management/Transititons/IT tool.xlsx#Infra Device (transactions)!row=690
STK-B49E8C0893,Scanner Datalogic QW2100,IN,1,2025-01-02 00:00:00,pcs,,G22F27244,VA12,,Asset management/Transititons/IT tool.xlsx#Infra Device (transactions)!row=691
STK-FA4DD3CEFA,A4 Printer Canon LBP 2900,IN,1,2025-01-02 00:00:00,pcs,,NMYA782038,VA13,,Asset management/Transititons/IT tool.xlsx#Infra Device (transactions)!row=692
STK-2F6E96FD22,USB Kingston,IN,1,2025-01-02 00:00:00,pcs,,,VA14,,Asset management/Transititons/IT tool.xlsx#Infra Device (transactions)!row=693
STK-471A92BE7C,Desktop HP PRO MINI 400 G9,IN,1,2025-01-02 00:00:00,pcs,,8CC3213L46,VA09,,Asset management/Transititons/IT tool.xlsx#Infra Device (transactions)!row=694
STK-AF9CC4ED17,Laptop Dell Latitude 3520,IN,1,2025-01-02 00:00:00,pcs,,1P8VKG3,Zv18-ZV20,,Asset management/Transititons/IT tool.xlsx#Infra Device (transactions)!row=695
STK-513C78FCD7,Laptop Dell Inspiron 3505,IN,1,2025-01-02 00:00:00,pcs,,GNWPK73,ZV21,,Asset management/Transititons/IT tool.xlsx#Infra Device (transactions)!row=696
STK-023778C25D,Thinkpad X280,IN,1,2025-01-02 00:00:00,pcs,,PC133K78,ZV17-19,,Asset management/Transititons/IT tool.xlsx#Infra Device (transactions)!row=697
STK-4D121EB87B,Laptop HP PROBOOK 440 G9,IN,1,2025-01-02 00:00:00,pcs,,5CD236BCT6,ZV10,,Asset management/Transititons/IT tool.xlsx#Infra Device (transactions)!row=698
STK-C02363EEF6,Laptop Dell Latitude 3520,OUT,1,2025-01-02 00:00:00,pcs,,99C2LG3,give for SN to repair,,Asset management/Transititons/IT tool.xlsx#Infra Device (transactions)!row=699
STK-05C9799C45,Laptop Dell Latitude 3520,OUT,1,2025-01-02 00:00:00,pcs,,8P9VKG3,give for SN to repair,,Asset management/Transititons/IT tool.xlsx#Infra Device (transactions)!row=700
STK-19DA95F164,Laptop Dell Latitude 3520,OUT,1,2025-01-02 00:00:00,pcs,,JJNZDX3,give for SN to repair,,Asset management/Transititons/IT tool.xlsx#Infra Device (transactions)!row=701
STK-71CF1FC971,Laptop Dell Latitude 3520,OUT,1,2025-01-02 00:00:00,pcs,,DP8VKG3,give for SN to repair,,Asset management/Transititons/IT tool.xlsx#Infra Device (transactions)!row=702
STK-4D434C2DC5,Postek printer,OUT,1,2025-12-02 00:00:00,pcs,,I1624C0017,O2O for VA20,,Asset management/Transititons/IT tool.xlsx#Infra Device (transactions)!row=703
STK-A0F5D21362,Lenovo tab M8,OUT,1,2025-12-02 00:00:00,pcs,,862884053049927,O2O for VA20,,Asset management/Transititons/IT tool.xlsx#Infra Device (transactions)!row=704
STK-BBA512042B,Postek printer,OUT,1,2025-12-02 00:00:00,pcs,,I1624C0018,O2O for VA14,,Asset management/Transititons/IT tool.xlsx#Infra Device (transactions)!row=705
STK-03A2B34AF6,Samsung S6 Lite,OUT,1,2025-12-02 00:00:00,pcs,,354348130452407,O2O for VA14,,Asset management/Transititons/IT tool.xlsx#Infra Device (transactions)!row=706
STK-7FA7863220,Sim 4G,OUT,1,2025-12-02 00:00:00,pcs,,8984048000916470000,O2O for VA14,,Asset management/Transititons/IT tool.xlsx#Infra Device (transactions)!row=707
STK-A450A8BB92,Postek printer,OUT,1,2025-12-02 00:00:00,pcs,,I1624C0001,O2O for VA13,,Asset management/Transititons/IT tool.xlsx#Infra Device (transactions)!row=708
STK-1274811FAB,Lenovo tab M8,OUT,1,2025-12-02 00:00:00,pcs,,862854053050057,O2O for VA13,,Asset management/Transititons/IT tool.xlsx#Infra Device (transactions)!row=709
STK-EC4317D7C9,Sim 4G,OUT,1,2025-12-02 00:00:00,pcs,,8984048000934180000,O2O for VA13,,Asset management/Transititons/IT tool.xlsx#Infra Device (transactions)!row=710
STK-B8624518E8,Postek printer,OUT,1,2025-12-02 00:00:00,pcs,,I1623H0003,O2O for VI03,,Asset management/Transititons/IT tool.xlsx#Infra Device (transactions)!row=711
STK-D2F7A1D190,Lenovo tab M8,OUT,1,2025-12-02 00:00:00,pcs,,862854053049620,O2O for VI03,,Asset management/Transititons/IT tool.xlsx#Infra Device (transactions)!row=712
STK-295701FC61,Postek printer,OUT,1,2025-12-02 00:00:00,pcs,,I1623F0001,O2O for VN22,,Asset management/Transititons/IT tool.xlsx#Infra Device (transactions)!row=713
STK-FF981F7068,Samsung S6 Lite,OUT,1,2025-12-02 00:00:00,pcs,,352294624027473,O2O for VN22,,Asset management/Transititons/IT tool.xlsx#Infra Device (transactions)!row=714
STK-9C503D5390,Canon LBP 2900,IN,1,13/2/2025,pcs,,NMYA921017,Closed VE12,,Asset management/Transititons/IT tool.xlsx#Infra Device (transactions)!row=715
STK-94E70EDDE6,Cisco CBS110-16T-EU,IN,1,13/2/2025,pcs,,PSZ27111BN9,Closed VE12,,Asset management/Transititons/IT tool.xlsx#Infra Device (transactions)!row=716
STK-7F7BE8AA39,Fortigate-40F,IN,1,13/2/2025,pcs,,FGT40FTK2309FAZ6,Closed KN12,,Asset management/Transititons/IT tool.xlsx#Infra Device (transactions)!row=717
STK-044F7E00F3,Scanner Datalogic QW2100,IN,1,13/2/2025,pcs,,G23D05195,Closed VE12,,Asset management/Transititons/IT tool.xlsx#Infra Device (transactions)!row=718
STK-659B801C36,Epson TM-82III,IN,1,13/2/2025,pcs,,X7B9022774,Closed VE12,,Asset management/Transititons/IT tool.xlsx#Infra Device (transactions)!row=719
STK-09BE435C5B,Pole Display DSP V9,IN,1,13/2/2025,pcs,,D190928010208,Closed VE12,,Asset management/Transititons/IT tool.xlsx#Infra Device (transactions)!row=720
STK-6D7D5EA5CD,HP V20,IN,1,13/2/2025,pcs,,3CQ2320DV1,Closed VE12,,Asset management/Transititons/IT tool.xlsx#Infra Device (transactions)!row=721
STK-ACBFA0B87E,Desktop HP HP ProDesk 400 G3 MT,IN,1,24/02/2025,pcs,,SGH649PK2B,Closed VE03,,Asset management/Transititons/IT tool.xlsx#Infra Device (transactions)!row=722
STK-5EF0D78B0C,Bill Printer Epson TM-T82III,IN,1,24/02/2025,pcs,,X7BA004103,Closed VE03,,Asset management/Transititons/IT tool.xlsx#Infra Device (transactions)!row=723
STK-57E7BDA562,Monitor Dell,IN,1,24/02/2025,pcs,,CN-098W4H---2V8M,Closed VE03,,Asset management/Transititons/IT tool.xlsx#Infra Device (transactions)!row=724
STK-72FCA7B2F9,Scanner Datalogic QW2100,IN,1,24/02/2025,pcs,,G21E85723,Closed VE03,,Asset management/Transititons/IT tool.xlsx#Infra Device (transactions)!row=725
STK-DB88528D8B,Cash Drawer Maken MK410,IN,1,24/02/2025,pcs,,MK410210300816,Closed VE03,,Asset management/Transititons/IT tool.xlsx#Infra Device (transactions)!row=726
STK-C8BE12881E,Pole Display VFD220U,IN,1,24/02/2025,pcs,,120034,Closed VE03,,Asset management/Transititons/IT tool.xlsx#Infra Device (transactions)!row=727
STK-CF632C6DBA,TP link tl sf1008d,IN,1,24/02/2025,pcs,,TL-SF1008D,Closed VE03,,Asset management/Transititons/IT tool.xlsx#Infra Device (transactions)!row=728
STK-085A882FB2,Desktop HP Prodesk 400G3 DM,IN,1,24/02/2025,pcs,,8CG8105N2V,Closed VN04,,Asset management/Transititons/IT tool.xlsx#Infra Device (transactions)!row=729
STK-6FE9042A6E,A4 Printer HP Neverstop Laser 1000w,IN,1,24/02/2025,pcs,,CNBRP83386,Closed VN04,,Asset management/Transititons/IT tool.xlsx#Infra Device (transactions)!row=730
STK-8075FAEC82,Cash Drawer Maken MK410,IN,1,24/02/2025,pcs,,MK410210300431,Closed VN04,,Asset management/Transititons/IT tool.xlsx#Infra Device (transactions)!row=731
STK-7BAE4E97F4,Pole Display VFD220U,IN,1,24/02/2025,pcs,,120032,Closed VN04,,Asset management/Transititons/IT tool.xlsx#Infra Device (transactions)!row=732
STK-EB8B332193,Scanner Datalogic QW2100,IN,1,24/02/2025,pcs,,G21M82741,Closed VN04,,Asset management/Transititons/IT tool.xlsx#Infra Device (transactions)!row=733
STK-E1992C9F73,Bill Printer Epson TM-T82III,IN,1,24/02/2025,pcs,,X7BA004091,Closed VN04,,Asset management/Transititons/IT tool.xlsx#Infra Device (transactions)!row=734
STK-958D2D52E7,Monitor HP V190,IN,1,24/02/2025,pcs,,1CR82307CR,Closed VN04,,Asset management/Transititons/IT tool.xlsx#Infra Device (transactions)!row=735
STK-B34B490F2D,Dell E2216HV,IN,1,24/02/2025,pcs,,CN-OXTW00-FCC00-21L-DFDB-A15,Closed VN04,,Asset management/Transititons/IT tool.xlsx#Infra Device (transactions)!row=736
STK-22FA91F658,Maken MK410,OUT,1,25/02/2025,pcs,,MK410220300534,VA14,,Asset management/Transititons/IT tool.xlsx#Infra Device (transactions)!row=737
STK-740D611BDF,Laptop Hp ProBook 440 G9,OUT,1,2025-05-03 00:00:00,pcs,,5CD250F9ZW,VA23,,Asset management/Transititons/IT tool.xlsx#Infra Device (transactions)!row=738
STK-9620A67FCE,Poscom,IN,1,2025-05-03 00:00:00,pcs,,,Closed ZV07,,Asset management/Transititons/IT tool.xlsx#Infra Device (transactions)!row=739
STK-B8DDC107B0,USB Wifi TP-Link AC1300,IN,1,2025-05-03 00:00:00,pcs,,,Closed ZV07,,Asset management/Transititons/IT tool.xlsx#Infra Device (transactions)!row=740
STK-A46E89796E,Datalogic QW2100,IN,1,2025-05-03 00:00:00,pcs,,G23C76551,Closed ZV07,,Asset management/Transititons/IT tool.xlsx#Infra Device (transactions)!row=741
STK-E1F337C451,Epson TM-82III,IN,1,2025-05-03 00:00:00,pcs,,X7BA003673,Closed ZV07,,Asset management/Transititons/IT tool.xlsx#Infra Device (transactions)!row=742
STK-F1030AF8D4,HP Laser NEVERSTOP 1000W,IN,1,2025-05-03 00:00:00,pcs,,CNBRP837ZY,Closed ZV07,,Asset management/Transititons/IT tool.xlsx#Infra Device (transactions)!row=743
STK-D176B111A6,KPOS-VFD-220U,IN,1,2025-05-03 00:00:00,pcs,,VFD220U13B20120039,Closed ZV07,,Asset management/Transititons/IT tool.xlsx#Infra Device (transactions)!row=744
STK-6755DD3130,Fortigate-40F,IN,1,2025-07-03 00:00:00,pcs,,FGT40FTK24012877,Closed VR12,,Asset management/Transititons/IT tool.xlsx#Infra Device (transactions)!row=745
STK-33BC82507F,Epson TM-82III,IN,1,2025-07-03 00:00:00,pcs,,X7B9025198,Closed VR12,,Asset management/Transititons/IT tool.xlsx#Infra Device (transactions)!row=746
STK-FB6751A175,HP ProDesk 400 G6 DM,ADJUSTMENT,1,2025-07-03 00:00:00,pcs,,,Closed VR12,,Asset management/Transititons/IT tool.xlsx#Infra Device (transactions)!row=747
STK-888A30A867,Canon LBP 2900,IN,1,2025-07-03 00:00:00,pcs,,NMYA922095,Closed VR12,,Asset management/Transititons/IT tool.xlsx#Infra Device (transactions)!row=748
STK-F4BFA90705,Scanner Datalogic QW2100,IN,1,2025-07-03 00:00:00,pcs,,G23D05251,Closed VR12,,Asset management/Transititons/IT tool.xlsx#Infra Device (transactions)!row=749
STK-70DD38F5BA,HP V20,IN,1,2025-07-03 00:00:00,pcs,,3CQ2320F08,Closed VR12,,Asset management/Transititons/IT tool.xlsx#Infra Device (transactions)!row=750
STK-647485C387,Pole Display,IN,1,2025-07-03 00:00:00,pcs,,D190928010130MK,Closed VR12,,Asset management/Transititons/IT tool.xlsx#Infra Device (transactions)!row=751
STK-BC6F913903,Cisco CBS110-16T-EU,IN,1,2025-07-03 00:00:00,pcs,,PSZ27111C7N,Closed VR12,,Asset management/Transititons/IT tool.xlsx#Infra Device (transactions)!row=752
STK-6DC3F17535,HP ProDesk 400 G6 DM,IN,1,2025-07-03 00:00:00,pcs,,8CC22011LP,Closed VE12,,Asset management/Transititons/IT tool.xlsx#Infra Device (transactions)!row=753
STK-4A1AB02522,Laptop Hp ProBook 440 G9,OUT,1,2025-11-03 00:00:00,pcs,,5CD250F9PD,Event zv25,,Asset management/Transititons/IT tool.xlsx#Infra Device (transactions)!row=754
STK-6FA3FA6063,Scanner Datalogic QW2100,OUT,1,2025-11-03 00:00:00,pcs,,G21E85754,Event zv25,,Asset management/Transititons/IT tool.xlsx#Infra Device (transactions)!row=755
STK-F328190CAA,Epson TM-82III,OUT,1,2025-11-03 00:00:00,pcs,,X7B9025644,Event zv25,,Asset management/Transititons/IT tool.xlsx#Infra Device (transactions)!row=756
STK-70CDBC1831,Fortigate-40F,OUT,1,20/3/2025,pcs,,FGT40FTK2309D2DB,Vi03,,Asset management/Transititons/IT tool.xlsx#Infra Device (transactions)!row=757
STK-5176D18EDD,Laptop Dell Latitude 3520,OUT,1,2025-01-04 00:00:00,pcs,,JWZF7S3,VN03 Event,,Asset management/Transititons/IT tool.xlsx#Infra Device (transactions)!row=758
STK-92F6A6B8D3,Epson TM-82III,OUT,1,2025-01-04 00:00:00,pcs,,X7BA002821,VN03 Event,,Asset management/Transititons/IT tool.xlsx#Infra Device (transactions)!row=759
STK-92368EF63B,Scanner Datalogic QW2100,OUT,1,2025-01-04 00:00:00,pcs,,G22F27244,VN03 Event,,Asset management/Transititons/IT tool.xlsx#Infra Device (transactions)!row=760
STK-E2F78C1339,Laptop Lenovo Thinkpad X280,OUT,1,2025-05-15 00:00:00,pcs,,PC0VT5R5,VA08 event,,Asset management/Transititons/IT tool.xlsx#Infra Device (transactions)!row=761
STK-43A4146CFD,Epson TM-82III,OUT,1,2025-05-15 00:00:00,pcs,,X7B9022786,VA08 event,,Asset management/Transititons/IT tool.xlsx#Infra Device (transactions)!row=762
STK-61F679C94C,Scanner Datalogic QW2100,OUT,1,2025-05-15 00:00:00,pcs,,G23C76627,VA08 event,,Asset management/Transititons/IT tool.xlsx#Infra Device (transactions)!row=763
STK-1747205A84,TP-Link MR6400,IN,1,25/05/2025,pcs,ZV10,2234111003742,,,Asset management/Transititons/IT tool.xlsx#Infra Device (transactions)!row=764
STK-08ED8B63AD,TP-Link MR6400,OUT,1,25/05/2025,pcs,,2234111003742,For VN03,,Asset management/Transititons/IT tool.xlsx#Infra Device (transactions)!row=765
STK-19730C173E,Wifi UBIQUITI UniFi,IN,1,2025-05-29 00:00:00,pcs,,9C05D67986B5,Nhập Từ Sóng Nam,,Asset management/Transititons/IT tool.xlsx#Infra Device (transactions)!row=766
STK-3AA5A48C5C,Star-SM-L200-UB40,IN,1,2025-05-29 00:00:00,pcs,,2530022102301145,,,Asset management/Transititons/IT tool.xlsx#Infra Device (transactions)!row=767
STK-A48AD22A53,Fortigate-40F,IN,1,25/05/2025,pcs,,FGT40FTK24086915,,,Asset management/Transititons/IT tool.xlsx#Infra Device (transactions)!row=768
STK-4382A2BF75,Fortigate-40F,IN,1,25/05/2025,pcs,,FGT40FTK2309D2DB,,,Asset management/Transititons/IT tool.xlsx#Infra Device (transactions)!row=769
STK-F99E596581,Star-SM-L200-UB40,IN,1,2025-05-29 00:00:00,pcs,,2530022102300950,,,Asset management/Transititons/IT tool.xlsx#Infra Device (transactions)!row=770
STK-445D9C3643,Star-SM-L200-UB40,IN,1,2025-05-29 00:00:00,pcs,,234123052300546,,,Asset management/Transititons/IT tool.xlsx#Infra Device (transactions)!row=771
STK-ED7E44C5C5,Star-SM-L200-UB40,IN,1,2025-05-29 00:00:00,pcs,,2530022102300930,,,Asset management/Transititons/IT tool.xlsx#Infra Device (transactions)!row=772
STK-F3A57BECF8,Star-SM-L200-UB40,IN,1,2025-05-29 00:00:00,pcs,,2530022102301150,,,Asset management/Transititons/IT tool.xlsx#Infra Device (transactions)!row=773
STK-98DB9FF852,Wifi UBIQUITI UniFi,IN,1,2025-05-29 00:00:00,pcs,,9C05D67985DB,Nhập Từ Sóng Nam,,Asset management/Transititons/IT tool.xlsx#Infra Device (transactions)!row=774
STK-4AA6746D5E,Wifi UBIQUITI UniFi,IN,1,2025-05-29 00:00:00,pcs,,9C05D6798566,Nhập Từ Sóng Nam,,Asset management/Transititons/IT tool.xlsx#Infra Device (transactions)!row=775
STK-BB58AE421B,Wifi UBIQUITI UniFi,IN,1,2025-05-29 00:00:00,pcs,,9C05D67981E2,Nhập Từ Sóng Nam,,Asset management/Transititons/IT tool.xlsx#Infra Device (transactions)!row=776
STK-7A1FE575B2,Wifi UBIQUITI UniFi,IN,1,2025-05-29 00:00:00,pcs,,9C05D6798854,Nhập Từ Sóng Nam,,Asset management/Transititons/IT tool.xlsx#Infra Device (transactions)!row=777
STK-50D2568515,Wifi UBIQUITI UniFi,IN,1,2025-05-29 00:00:00,pcs,,9C05D679802B,Nhập Từ Sóng Nam,,Asset management/Transititons/IT tool.xlsx#Infra Device (transactions)!row=778
STK-2946059312,Wifi UBIQUITI UniFi,IN,1,2025-05-29 00:00:00,pcs,,9C05D6797F4E,Nhập Từ Sóng Nam,,Asset management/Transititons/IT tool.xlsx#Infra Device (transactions)!row=779
STK-A724986C15,Wifi UBIQUITI UniFi,IN,1,2025-05-29 00:00:00,pcs,,9C05D679882E,Nhập Từ Sóng Nam,,Asset management/Transititons/IT tool.xlsx#Infra Device (transactions)!row=780
STK-13038C6470,Wifi UBIQUITI UniFi,IN,1,2025-05-29 00:00:00,pcs,,9C05D67987D6,Nhập Từ Sóng Nam,,Asset management/Transititons/IT tool.xlsx#Infra Device (transactions)!row=781
STK-083B60A113,Wifi UBIQUITI UniFi,IN,1,2025-05-29 00:00:00,pcs,,9C05D6798563,Nhập Từ Sóng Nam,,Asset management/Transititons/IT tool.xlsx#Infra Device (transactions)!row=782
STK-7ED6D0EC29,Wifi UBIQUITI UniFi,IN,1,2025-05-29 00:00:00,pcs,,9C05D6797F4B,Nhập Từ Sóng Nam,,Asset management/Transititons/IT tool.xlsx#Infra Device (transactions)!row=783
STK-78C3E9B5DC,Wifi UBIQUITI UniFi,IN,1,2025-05-29 00:00:00,pcs,,9C05D6797F57,Nhập Từ Sóng Nam,,Asset management/Transititons/IT tool.xlsx#Infra Device (transactions)!row=784
STK-31491DAD3A,Wifi UBIQUITI UniFi,IN,1,2025-05-29 00:00:00,pcs,,9C05D679886A,Nhập Từ Sóng Nam,,Asset management/Transititons/IT tool.xlsx#Infra Device (transactions)!row=785
STK-E78A8ACFFE,Wifi UBIQUITI UniFi,IN,1,2025-05-29 00:00:00,pcs,,9C05D6798618,Nhập Từ Sóng Nam,,Asset management/Transititons/IT tool.xlsx#Infra Device (transactions)!row=786
STK-91CAC2B8E5,Wifi UBIQUITI UniFi,IN,1,2025-05-29 00:00:00,pcs,,9C05D67986D9,Nhập Từ Sóng Nam,,Asset management/Transititons/IT tool.xlsx#Infra Device (transactions)!row=787
STK-1AB0884F65,Wifi UBIQUITI UniFi,IN,1,2025-05-29 00:00:00,pcs,,9C05D6798529,Nhập Từ Sóng Nam,,Asset management/Transititons/IT tool.xlsx#Infra Device (transactions)!row=788
STK-427ED3F6E1,Wifi UBIQUITI UniFi,IN,1,2025-05-29 00:00:00,pcs,,9C05D67987ED,Nhập Từ Sóng Nam,,Asset management/Transititons/IT tool.xlsx#Infra Device (transactions)!row=789
STK-A3331C330E,Wifi UBIQUITI UniFi,IN,1,2025-05-29 00:00:00,pcs,,9C05D679862C,Nhập Từ Sóng Nam,,Asset management/Transititons/IT tool.xlsx#Infra Device (transactions)!row=790
STK-8F5FDEF339,Wifi UBIQUITI UniFi,IN,1,2025-05-29 00:00:00,pcs,,9C05D679853C,Nhập Từ Sóng Nam,,Asset management/Transititons/IT tool.xlsx#Infra Device (transactions)!row=791
STK-3E254A679F,Zebra TC26BK,IN,1,2025-05-29 00:00:00,pcs,,241646422789,Nhập Từ Sóng Nam,,Asset management/Transititons/IT tool.xlsx#Infra Device (transactions)!row=792
STK-8A1D0271DB,Zebra TC26BK,IN,1,2025-05-29 00:00:00,pcs,,2416164220532,Nhập Từ Sóng Nam,,Asset management/Transititons/IT tool.xlsx#Infra Device (transactions)!row=793
STK-EB4FA4500D,Zebra TC26BK,IN,1,2025-05-29 00:00:00,pcs,,2416564220113,Nhập Từ Sóng Nam,,Asset management/Transititons/IT tool.xlsx#Infra Device (transactions)!row=794
STK-97A623AC76,Zebra TC26BK,IN,1,2025-05-29 00:00:00,pcs,,2416164220360,Nhập Từ Sóng Nam,,Asset management/Transititons/IT tool.xlsx#Infra Device (transactions)!row=795
STK-533F48F212,Zebra TC26BK,IN,1,2025-05-29 00:00:00,pcs,,2416464222756,Nhập Từ Sóng Nam,,Asset management/Transititons/IT tool.xlsx#Infra Device (transactions)!row=796
STK-DFB256E13B,Zebra TC26BK,IN,1,2025-05-29 00:00:00,pcs,,2416564220341,Nhập Từ Sóng Nam,,Asset management/Transititons/IT tool.xlsx#Infra Device (transactions)!row=797
STK-1012968783,Zebra TC26BK,IN,1,2025-05-29 00:00:00,pcs,,2416464222668,Nhập Từ Sóng Nam,,Asset management/Transititons/IT tool.xlsx#Infra Device (transactions)!row=798
STK-FFF8CA0B78,Zebra TC26BK,IN,1,2025-05-29 00:00:00,pcs,,2416464222684,Nhập Từ Sóng Nam,,Asset management/Transititons/IT tool.xlsx#Infra Device (transactions)!row=799
STK-A5B662D3BD,Zebra TC26BK,IN,1,2025-05-29 00:00:00,pcs,,2416464222661,Nhập Từ Sóng Nam,,Asset management/Transititons/IT tool.xlsx#Infra Device (transactions)!row=800
STK-B7DDD2A47B,Zebra TC26BK,IN,1,2025-05-29 00:00:00,pcs,,2416164223427,Nhập Từ Sóng Nam,,Asset management/Transititons/IT tool.xlsx#Infra Device (transactions)!row=801
STK-37B2A6B69C,Zebra TC26BK,IN,1,2025-05-29 00:00:00,pcs,,2416564220914,Nhập Từ Sóng Nam,,Asset management/Transititons/IT tool.xlsx#Infra Device (transactions)!row=802
STK-731099309A,Zebra TC26BK,IN,1,2025-05-29 00:00:00,pcs,,2414464221654,Nhập Từ Sóng Nam,,Asset management/Transititons/IT tool.xlsx#Infra Device (transactions)!row=803
STK-8462A83B87,Zebra TC26BK,IN,1,2025-05-29 00:00:00,pcs,,2416364221407,Nhập Từ Sóng Nam,,Asset management/Transititons/IT tool.xlsx#Infra Device (transactions)!row=804
STK-CAD36F5CDF,Zebra TC26BK,IN,1,2025-05-29 00:00:00,pcs,,2416564220005,Nhập Từ Sóng Nam,,Asset management/Transititons/IT tool.xlsx#Infra Device (transactions)!row=805
STK-327255ED10,Zebra TC26BK,IN,1,2025-05-29 00:00:00,pcs,,2416464222699,Nhập Từ Sóng Nam,,Asset management/Transititons/IT tool.xlsx#Infra Device (transactions)!row=806
STK-971C47D805,Zebra TC26BK,IN,1,2025-05-29 00:00:00,pcs,,2416464222817,Nhập Từ Sóng Nam,,Asset management/Transititons/IT tool.xlsx#Infra Device (transactions)!row=807
STK-336D056EE0,Fortigate-40F,OUT,1,2025-02-06 00:00:00,pcs,,FGT40FTK24012877,VA23,,Asset management/Transititons/IT tool.xlsx#Infra Device (transactions)!row=808
STK-2F6B15D674,Zebra TC26BK,OUT,1,2025-04-06 00:00:00,pcs,,24161523023427,VN09,,Asset management/Transititons/IT tool.xlsx#Infra Device (transactions)!row=809
STK-F978EEE241,Zebra TC26BK,OUT,1,2025-04-06 00:00:00,pcs,,24165523020341,VN16,,Asset management/Transititons/IT tool.xlsx#Infra Device (transactions)!row=810
STK-43505FCE98,Zebra TC26BK,OUT,1,2025-04-06 00:00:00,pcs,,24144523021654,VN05,,Asset management/Transititons/IT tool.xlsx#Infra Device (transactions)!row=811
STK-690CE46004,Zebra TC26BK,OUT,1,2025-04-06 00:00:00,pcs,,24161523020360,VN08,,Asset management/Transititons/IT tool.xlsx#Infra Device (transactions)!row=812
STK-7DCE20BA1F,Zebra TC26BK,OUT,1,2025-04-06 00:00:00,pcs,,24164523022817,VN12,,Asset management/Transititons/IT tool.xlsx#Infra Device (transactions)!row=813
STK-03C917F315,Zebra TC26BK,OUT,1,2025-04-06 00:00:00,pcs,,24165523020914,VN07,,Asset management/Transititons/IT tool.xlsx#Infra Device (transactions)!row=814
STK-822911F914,Zebra TC26BK,OUT,1,2025-04-06 00:00:00,pcs,,24161523020532,VN27,,Asset management/Transititons/IT tool.xlsx#Infra Device (transactions)!row=815
STK-5799E28EBA,Zebra TC26BK,OUT,1,2025-04-06 00:00:00,pcs,,24164523022699,VA11,,Asset management/Transititons/IT tool.xlsx#Infra Device (transactions)!row=816
STK-B78E1F722D,Zebra TC26BK,OUT,1,2025-04-06 00:00:00,pcs,,24164523022789,VA03,,Asset management/Transititons/IT tool.xlsx#Infra Device (transactions)!row=817
STK-6E308674F3,Zebra TC26BK,OUT,1,2025-04-06 00:00:00,pcs,,24165523020005,VA08,,Asset management/Transititons/IT tool.xlsx#Infra Device (transactions)!row=818
STK-10ACA78066,Zebra TC26BK,OUT,1,2025-04-06 00:00:00,pcs,,24248523020405,VA12,,Asset management/Transititons/IT tool.xlsx#Infra Device (transactions)!row=819
STK-29BC758197,Zebra TC26BK,OUT,1,2025-04-06 00:00:00,pcs,,24164523022661,VA01,,Asset management/Transititons/IT tool.xlsx#Infra Device (transactions)!row=820
STK-92522A9EE8,Zebra TC26BK,OUT,1,2025-04-06 00:00:00,pcs,,24163523021407,VA05,,Asset management/Transititons/IT tool.xlsx#Infra Device (transactions)!row=821
STK-8E83E30636,Zebra TC26BK,OUT,1,2025-04-06 00:00:00,pcs,,24164523022668,VA15,,Asset management/Transititons/IT tool.xlsx#Infra Device (transactions)!row=822
STK-2D0275E917,Zebra TC26BK,OUT,1,2025-04-06 00:00:00,pcs,,S24144523021519,VA16,,Asset management/Transititons/IT tool.xlsx#Infra Device (transactions)!row=823
STK-E2525E3352,Zebra TC26BK,OUT,1,2025-04-06 00:00:00,pcs,,24165523020013,VA13,,Asset management/Transititons/IT tool.xlsx#Infra Device (transactions)!row=824
STK-38FD935DD4,Zebra TC26BK,OUT,1,2025-04-06 00:00:00,pcs,,24144523021823,VA14,,Asset management/Transititons/IT tool.xlsx#Infra Device (transactions)!row=825
STK-CD806BF5AC,Zebra TC26BK,OUT,1,2025-04-06 00:00:00,pcs,,24164523022756,VA20,,Asset management/Transititons/IT tool.xlsx#Infra Device (transactions)!row=826
STK-471E48D705,Bill Printer Epson TM-T82III,IN,1,16/06/2025,pcs,,TCCY011121,VI02 & VR02,,Asset management/Transititons/IT tool.xlsx#Infra Device (transactions)!row=827
STK-628DDC44D5,Scanner Datalogic QW2100,IN,1,16/06/2025,pcs,,G14MA2902,VI02 & VR02,,Asset management/Transititons/IT tool.xlsx#Infra Device (transactions)!row=828
STK-471F078F2C,Laptop Hp ProBook 440 G9,IN,1,24/6/2025,pcs,,5CD250F9PD,Event zv25,,Asset management/Transititons/IT tool.xlsx#Infra Device (transactions)!row=829
STK-C41FD9E5D7,Scanner Datalogic QW2100,IN,1,24/6/2025,pcs,,G21E85754,Event zv25,,Asset management/Transititons/IT tool.xlsx#Infra Device (transactions)!row=830
STK-60D6199587,Epson TM-82III,IN,1,24/6/2025,pcs,,X7B9025644,Event zv25,,Asset management/Transititons/IT tool.xlsx#Infra Device (transactions)!row=831
STK-39D4A84926,Laptop Hp ProBook 440 G9,OUT,1,25/6/2025,pcs,,5CD250F9PD,Event VN09,,Asset management/Transititons/IT tool.xlsx#Infra Device (transactions)!row=832
STK-E9AFA85202,Scanner Datalogic QW2100,OUT,1,25/6/2025,pcs,,G21E85754,Event VN09,,Asset management/Transititons/IT tool.xlsx#Infra Device (transactions)!row=833
STK-3BB21BC493,Epson TM-82III,OUT,1,25/6/2025,pcs,,X7B9025644,Event VN09,,Asset management/Transititons/IT tool.xlsx#Infra Device (transactions)!row=834
STK-3F6E0446F7,Laptop Dell Latitude 3520,OUT,1,25/6/2025,pcs,,5R4JGL3,Event VN10,,Asset management/Transititons/IT tool.xlsx#Infra Device (transactions)!row=835
STK-43AE1A6401,Bill Printer Epson TM-T82III,OUT,1,25/6/2025,pcs,,X7BA004103,Event VN10,,Asset management/Transititons/IT tool.xlsx#Infra Device (transactions)!row=836
STK-6E2343D870,Datalogic QW2100,OUT,1,25/6/2025,pcs,,G14MA2902,Event VN10,,Asset management/Transititons/IT tool.xlsx#Infra Device (transactions)!row=837
STK-D0738FD76C,Laptop Dell Latitude 3520,IN,1,25/6/2025,pcs,,H4K0BG3,Vi02&Vr02,,Asset management/Transititons/IT tool.xlsx#Infra Device (transactions)!row=838
STK-263F77285C,Postek printer,IN,1,2025-01-07 00:00:00,pcs,,I1623F0001,VN22,,Asset management/Transititons/IT tool.xlsx#Infra Device (transactions)!row=839
STK-42E52EBCE2,Mercusys,IN,1,2025-01-07 00:00:00,pcs,,22253D9009558,VN22,,Asset management/Transititons/IT tool.xlsx#Infra Device (transactions)!row=840
STK-ED5AC04C75,Mercusys,IN,1,2025-01-07 00:00:00,pcs,,22253D9009594,VN22,thíu sạc,Asset management/Transititons/IT tool.xlsx#Infra Device (transactions)!row=841
STK-605C58DEFA,A4 Printer HP LaserJet,OUT,1,2025-07-07 00:00:00,pcs,,VNC3K04690,VI03,,Asset management/Transititons/IT tool.xlsx#Infra Device (transactions)!row=842
STK-D7BDFCB45F,Desktop HP PRO MINI 400 G9,IN,1,30/07/2025,pcs,,8CC51110Q1,for upgrade Win11,,Asset management/Transititons/IT tool.xlsx#Infra Device (transactions)!row=843
STK-A3E480CD4A,Desktop HP PRO MINI 400 G9,IN,1,30/07/2025,pcs,,8CC51110SM,for upgrade Win11,,Asset management/Transititons/IT tool.xlsx#Infra Device (transactions)!row=844
STK-F1A7D72409,Desktop HP PRO MINI 400 G9,IN,1,30/07/2025,pcs,,8CC51110T7,for upgrade Win11,,Asset management/Transititons/IT tool.xlsx#Infra Device (transactions)!row=845
STK-F6777AC783,Desktop HP PRO MINI 400 G9,IN,1,30/07/2025,pcs,,8CC51110R7,for upgrade Win11,,Asset management/Transititons/IT tool.xlsx#Infra Device (transactions)!row=846
STK-D8B48591AE,Desktop HP PRO MINI 400 G9,IN,1,30/07/2025,pcs,,8CC51110PK,for upgrade Win11,,Asset management/Transititons/IT tool.xlsx#Infra Device (transactions)!row=847
STK-CFA40213F5,Desktop HP PRO MINI 400 G9,IN,1,30/07/2025,pcs,,8CC51110T0,for upgrade Win11,,Asset management/Transititons/IT tool.xlsx#Infra Device (transactions)!row=848
STK-794D044E37,Laptop Hp ProBook 440 G9,IN,1,31/07/2025,pcs,,5CD250F9PD,Event VN09 Back,,Asset management/Transititons/IT tool.xlsx#Infra Device (transactions)!row=849
STK-3F322695CD,Scanner Datalogic QW2100,IN,1,31/07/2025,pcs,,G21E85754,Event VN09 Back,,Asset management/Transititons/IT tool.xlsx#Infra Device (transactions)!row=850
STK-EEEC2E6AE7,Epson TM-82III,IN,1,31/07/2025,pcs,,X7B9025644,Event VN09 Back,,Asset management/Transititons/IT tool.xlsx#Infra Device (transactions)!row=851
STK-6F8256CD8A,Laptop Dell Latitude 3520,IN,1,31/07/2025,pcs,,5R4JGL3,Event VN10 Back,,Asset management/Transititons/IT tool.xlsx#Infra Device (transactions)!row=852
STK-81DFC6C1BE,Bill Printer Epson TM-T82III,IN,1,31/07/2025,pcs,,X7BA004103,Event VN10 Back,,Asset management/Transititons/IT tool.xlsx#Infra Device (transactions)!row=853
STK-E1D903E083,Datalogic QW2100,IN,1,31/07/2025,pcs,,G14MA2902,Event VN10 Back,,Asset management/Transititons/IT tool.xlsx#Infra Device (transactions)!row=854
STK-AFC63CD720,Sim 4g,IN,1,2025-04-08 00:00:00,pcs,,,VN22 trả về (cửa hàng tự mua),,Asset management/Transititons/IT tool.xlsx#Infra Device (transactions)!row=855
STK-4BB172A3A4,Sim 4g,OUT,1,2025-04-08 00:00:00,pcs,,,lấy của vn22 cấp cho va14,,Asset management/Transititons/IT tool.xlsx#Infra Device (transactions)!row=856
STK-56220BB5CB,Laptop Hp ProBook 440 G9,OUT,1,2025-07-08 00:00:00,pcs,,5CD250F9PD,VH02,,Asset management/Transititons/IT tool.xlsx#Infra Device (transactions)!row=857
STK-59B379E82B,Scanner Datalogic QW2100,OUT,1,2025-07-08 00:00:00,pcs,,G23C76607,VH02,,Asset management/Transititons/IT tool.xlsx#Infra Device (transactions)!row=858
STK-D89CF5AB4F,Epson TM-82III,OUT,1,2025-07-08 00:00:00,pcs,,X7BA003673,VH02,,Asset management/Transititons/IT tool.xlsx#Infra Device (transactions)!row=859
STK-5291327021,Canon LBP 2900,OUT,1,2025-07-08 00:00:00,pcs,,NMYA834196,VH02,,Asset management/Transititons/IT tool.xlsx#Infra Device (transactions)!row=860
STK-E9ED436026,Epson TM-82III,OUT,1,2025-08-08 00:00:00,pcs,,X7BA002821,vn16,,Asset management/Transititons/IT tool.xlsx#Infra Device (transactions)!row=861
STK-9DC3D8E44F,Ugreen Silent MU006 Wireless Mouse,IN,1,2025-08-08 00:00:00,pcs,,,Sóng nam giao,,Asset management/Transititons/IT tool.xlsx#Infra Device (transactions)!row=862
STK-11CF19CF44,Ugreen Silent MU006 Wireless Mouse,IN,1,2025-08-08 00:00:00,pcs,,,Sóng nam giao,,Asset management/Transititons/IT tool.xlsx#Infra Device (transactions)!row=863
STK-CAFBF2A025,Ugreen Silent MU006 Wireless Mouse,IN,1,2025-08-08 00:00:00,pcs,,,Sóng nam giao,,Asset management/Transititons/IT tool.xlsx#Infra Device (transactions)!row=864
STK-52CF6DEB8A,Ugreen Silent MU006 Wireless Mouse,IN,1,2025-08-08 00:00:00,pcs,,,Sóng nam giao,,Asset management/Transititons/IT tool.xlsx#Infra Device (transactions)!row=865
STK-4A532687B4,Ugreen Silent MU006 Wireless Mouse,IN,1,2025-08-08 00:00:00,pcs,,,Sóng nam giao,,Asset management/Transititons/IT tool.xlsx#Infra Device (transactions)!row=866
STK-414D7E9CF2,Ugreen Silent MU006 Wireless Mouse,OUT,1,2025-08-08 00:00:00,pcs,,FORTRANGTAQUYNH,,,Asset management/Transititons/IT tool.xlsx#Infra Device (transactions)!row=867
STK-78857035B1,Ugreen Silent MU006 Wireless Mouse,OUT,1,2025-08-08 00:00:00,pcs,,FORTRINHVANHUYNHTU,,,Asset management/Transititons/IT tool.xlsx#Infra Device (transactions)!row=868
STK-0DE544B63B,Ugreen Silent MU006 Wireless Mouse,OUT,1,2025-08-08 00:00:00,pcs,,FORNGOCNGUYENDUYEN,,,Asset management/Transititons/IT tool.xlsx#Infra Device (transactions)!row=869
STK-F2549BF73C,Ugreen Silent MU006 Wireless Mouse,OUT,1,2025-08-08 00:00:00,pcs,,FORDANHHUYNHMY,,,Asset management/Transititons/IT tool.xlsx#Infra Device (transactions)!row=870
STK-DCD96850D3,Ugreen Silent MU006 Wireless Mouse,OUT,1,2025-08-08 00:00:00,pcs,,FORQUINGUYENTHI,,,Asset management/Transititons/IT tool.xlsx#Infra Device (transactions)!row=871
STK-D20EA8E6C3,Desktop HP PRO MINI 400 G9,IN,1,2025-12-08 00:00:00,pcs,,8CC3500VVD,Greentech giao,,Asset management/Transititons/IT tool.xlsx#Infra Device (transactions)!row=872
STK-86583544FA,Desktop HP PRO MINI 400 G9,IN,1,2025-12-08 00:00:00,pcs,,,,,Asset management/Transititons/IT tool.xlsx#Infra Device (transactions)!row=873
STK-5FFEC8CDD0,Desktop HP PRO MINI 400 G9,IN,1,2025-12-08 00:00:00,pcs,,,,,Asset management/Transititons/IT tool.xlsx#Infra Device (transactions)!row=874
STK-7E6DBC5621,Desktop HP PRO MINI 400 G9,IN,1,2025-12-08 00:00:00,pcs,,,,,Asset management/Transititons/IT tool.xlsx#Infra Device (transactions)!row=875
STK-58A46F41F4,Desktop HP PRO MINI 400 G9,IN,1,2025-12-08 00:00:00,pcs,,,,,Asset management/Transititons/IT tool.xlsx#Infra Device (transactions)!row=876
STK-81129341D4,Desktop HP PRO MINI 400 G9,OUT,1,2025-12-08 00:00:00,pcs,,8CC3500VVD,Change hardware for VN16,,Asset management/Transititons/IT tool.xlsx#Infra Device (transactions)!row=877
STK-7E0CF5BD68,Desktop HP PRO MINI 400 G3,IN,1,2025-12-08 00:00:00,pcs,,8CG8105N2C,VN16,,Asset management/Transititons/IT tool.xlsx#Infra Device (transactions)!row=878
STK-51C2936085,SSD 990EVO Plus 1TB,IN,1,2025-12-08 00:00:00,pcs,,,For Nguyen Ngoc Lan Anh,,Asset management/Transititons/IT tool.xlsx#Infra Device (transactions)!row=879
STK-04F3DFD541,Sim 4G,IN,2,2025-12-08 00:00:00,pcs,,,for zv36 and zv35,,Asset management/Transititons/IT tool.xlsx#Infra Device (transactions)!row=880
STK-9353C68B48,Canon LBP 2900,OUT,1,18/08/2025,pcs,,NMYA782038,VN19,,Asset management/Transititons/IT tool.xlsx#Infra Device (transactions)!row=881
STK-9417DA0FD8,Maken MK410,OUT,1,20/08/2025,pcs,,MK410210300816,For ZV34(VN03 old),,Asset management/Transititons/IT tool.xlsx#Infra Device (transactions)!row=882
STK-5C507FDAA9,Desktop HP PRO MINI 400 G9,OUT,1,2025-08-09 00:00:00,pcs,,8CC51110PK,Replace for VN10,,Asset management/Transititons/IT tool.xlsx#Infra Device (transactions)!row=883
STK-2F5383CF41,Lenovo tab M8,OUT,1,2025-10-09 00:00:00,pcs,,HA1JZCBD,Back up for VA14,,Asset management/Transititons/IT tool.xlsx#Infra Device (transactions)!row=884
STK-294E3FB7B3,Postek printer,OUT,1,30/09/2025,pcs,,I1624C0003,Change for VA14,,Asset management/Transititons/IT tool.xlsx#Infra Device (transactions)!row=885
STK-8F7D653D31,Postek printer,IN,1,30/09/2025,pcs,,I1624C0018,Recall from VA14,,Asset management/Transititons/IT tool.xlsx#Infra Device (transactions)!row=886
STK-920F2074DB,Desktop HP PRO MINI 400 G9,OUT,1,13/10/2025,pcs,,8CC51110SM,Replace for Vn09,,Asset management/Transititons/IT tool.xlsx#Infra Device (transactions)!row=887
STK-1F45839842,Latitude 3450,IN,1,14/10/2025,pcs,,JTGSPB4,for Geodis,"13th Gen Intel(R) Core(TM) i5-1335U (12 CPUs), ~1.3GHz 22VN00000109",Asset management/Transititons/IT tool.xlsx#Infra Device (transactions)!row=888
STK-F3812FF62E,Latitude 3450,IN,1,14/10/2025,pcs,,9PKSPB4,for Geodis,"13th Gen Intel(R) Core(TM) i5-1335U (12 CPUs), ~1.3GHz 22VN00000110",Asset management/Transititons/IT tool.xlsx#Infra Device (transactions)!row=889
STK-EE7288C3FF,Latitude 3450,IN,1,14/10/2025,pcs,,3XMPPB4,for Geodis,"13th Gen Intel(R) Core(TM) i5-1335U (12 CPUs), ~1.3GHz 22VN00000108",Asset management/Transititons/IT tool.xlsx#Infra Device (transactions)!row=890
STK-70612B5F66,HP Pro Tower 400 G9 PCI Desktop PC,IN,1,14/10/2025,pcs,,4CE425CCX1,for Geodis,"12th Gen Intel(R) Core(TM) i5-12500 (12 CPUs), ~3.0GHz 22VN00000111",Asset management/Transititons/IT tool.xlsx#Infra Device (transactions)!row=891
STK-7017C9EB3B,HP Pro Tower 400 G9 PCI Desktop PC,IN,1,14/10/2025,pcs,,4CE425CCX8,for Geodis,"12th Gen Intel(R) Core(TM) i5-12500 (12 CPUs), ~3.0GHz 22VN00000112",Asset management/Transititons/IT tool.xlsx#Infra Device (transactions)!row=892
STK-6834CC6776,HP Pro Tower 400 G9 PCI Desktop PC,IN,1,14/10/2025,pcs,,4CE425CKN0,for Geodis,"12th Gen Intel(R) Core(TM) i5-12500 (12 CPUs), ~3.0GHz 22VN00000113",Asset management/Transititons/IT tool.xlsx#Infra Device (transactions)!row=893
STK-41CF3ADFFC,HP Pro Tower 400 G9 PCI Desktop PC,IN,1,14/10/2025,pcs,,4CE425CKP2,for Geodis,"12th Gen Intel(R) Core(TM) i5-12500 (12 CPUs), ~3.0GHz 22VN00000114",Asset management/Transititons/IT tool.xlsx#Infra Device (transactions)!row=894
STK-D779051715,HP P204V,IN,1,14/10/2025,pcs,,3CQ41608RT,for Geodis,,Asset management/Transititons/IT tool.xlsx#Infra Device (transactions)!row=895
STK-261AA138E8,HP P204V,IN,1,14/10/2025,pcs,,3CQ41805TJ,for Geodis,,Asset management/Transititons/IT tool.xlsx#Infra Device (transactions)!row=896
STK-1F30EE4658,HP P204V,IN,1,14/10/2025,pcs,,3CQ41608TQ,for Geodis,,Asset management/Transititons/IT tool.xlsx#Infra Device (transactions)!row=897
STK-F919AD9F66,HP P204V,IN,1,14/10/2025,pcs,,3CQ41608SZ,for Geodis,,Asset management/Transititons/IT tool.xlsx#Infra Device (transactions)!row=898
STK-EF99A3FEE7,Samsung Galaxy Tab S10 FE,IN,1,14/10/2025,pcs,,356160462079437,for Geodis,,Asset management/Transititons/IT tool.xlsx#Infra Device (transactions)!row=899
STK-42EAC6E801,Samsung Galaxy Tab S10 FE,IN,1,14/10/2025,pcs,,356160462031834,for Geodis,,Asset management/Transititons/IT tool.xlsx#Infra Device (transactions)!row=900
STK-441B2EB286,Laptop Hp ProBook 440 G9,OUT,1,27/10/2025,pcs,,5CD3094YZR,ZV39,,Asset management/Transititons/IT tool.xlsx#Infra Device (transactions)!row=901
STK-0187CCF565,Scanner Datalogic QW2100,OUT,1,27/10/2025,pcs,,G21M82741,ZV39,,Asset management/Transititons/IT tool.xlsx#Infra Device (transactions)!row=902
STK-0F30A94FB8,Epson TM-82III,OUT,1,27/10/2025,pcs,,X7BA002838,ZV39,,Asset management/Transititons/IT tool.xlsx#Infra Device (transactions)!row=903
STK-4E293CECBE,Modem 4G TP-Link M7350,OUT,1,27/10/2025,pcs,,22234W2003067,ZV39,,Asset management/Transititons/IT tool.xlsx#Infra Device (transactions)!row=904
STK-736A83A9AE,Samsung Galaxy Tab S10 FE,IN,1,29/10/2025,pcs,,356160462316391,sóng nam giao,,Asset management/Transititons/IT tool.xlsx#Infra Device (transactions)!row=905
STK-E4A42EC0B0,Ipad Air 13-inch(M3),IN,1,,pcs,,F7N4GGJ73G,Buy for A001,,Asset management/Transititons/IT tool.xlsx#Infra Device (transactions)!row=906
STK-77CBD59EFC,HP Pro Mini 400 G6 -,OUT,1,2025-01-11 00:00:00,pcs,,8CC3161T0J,For A001,,Asset management/Transititons/IT tool.xlsx#Infra Device (transactions)!row=907
STK-FDDFA8AF52,Poscom,OUT,1,2025-01-11 00:00:00,pcs,,20201130040,For A001,,Asset management/Transititons/IT tool.xlsx#Infra Device (transactions)!row=908
STK-7A16E2C5E8,Pole Display VFD,OUT,1,2025-01-11 00:00:00,pcs,,VFD220U13B2012003,For A001,,Asset management/Transititons/IT tool.xlsx#Infra Device (transactions)!row=909
STK-40DB6EE0DC,Datalogic QW2100,OUT,1,2025-01-11 00:00:00,pcs,,G21M82792,For A001,,Asset management/Transititons/IT tool.xlsx#Infra Device (transactions)!row=910
STK-D3FFCFA9BC,Monitor HP V190,OUT,1,2025-01-11 00:00:00,pcs,,1CR82307C4,For A001,,Asset management/Transititons/IT tool.xlsx#Infra Device (transactions)!row=911
STK-1F3F492449,Epson TM-82III,OUT,1,2025-01-11 00:00:00,pcs,,X7B9022774,For A001,,Asset management/Transititons/IT tool.xlsx#Infra Device (transactions)!row=912
STK-D1BB453C24,Cisco CBS110-16T-EU,OUT,1,2025-01-11 00:00:00,pcs,,PSZ27181AHK,For A001,,Asset management/Transititons/IT tool.xlsx#Infra Device (transactions)!row=913
STK-4AC93A730E,Unifi-UAP-nanoHD,OUT,1,2025-01-11 00:00:00,pcs,,AC8BA9548380,For A001,,Asset management/Transititons/IT tool.xlsx#Infra Device (transactions)!row=914
STK-88CB1E826F,Fortigate FG-40F,OUT,1,2025-01-11 00:00:00,pcs,,FGT40FTK2309D2D4,For A001,,Asset management/Transititons/IT tool.xlsx#Infra Device (transactions)!row=915
STK-07F614B95E,HP laser 107a,OUT,1,2025-01-11 00:00:00,pcs,,CNB3Q9MLY6,For A001,,Asset management/Transititons/IT tool.xlsx#Infra Device (transactions)!row=916
STK-352CF7B89C,Zebra TC26BK,OUT,1,2025-01-11 00:00:00,pcs,,S24165523020818,For A001,,Asset management/Transititons/IT tool.xlsx#Infra Device (transactions)!row=917
STK-41B925DC36,Ipad Air 13-inch(M3),OUT,1,2025-01-11 00:00:00,pcs,,F7N4GGJ73G,For A001,,Asset management/Transititons/IT tool.xlsx#Infra Device (transactions)!row=918
STK-D50572E937,Star-SM-L200-UB40,OUT,1,2025-01-11 00:00:00,pcs,,2530022102301145,For A001,,Asset management/Transititons/IT tool.xlsx#Infra Device (transactions)!row=919
STK-62DBC57172,Laptop Hp ProBook 440 G9,OUT,1,2025-07-08 00:00:00,pcs,,5CD250F9PD,VH01,,Asset management/Transititons/IT tool.xlsx#Infra Device (transactions)!row=920
STK-BAF8BDBF37,Scanner Datalogic QW2100,OUT,1,2025-07-08 00:00:00,pcs,,G23C76607,VH01,,Asset management/Transititons/IT tool.xlsx#Infra Device (transactions)!row=921
STK-F46FD9147A,Epson TM-82III,OUT,1,2025-07-08 00:00:00,pcs,,X7BA003673,VH01,,Asset management/Transititons/IT tool.xlsx#Infra Device (transactions)!row=922
STK-8307D01CA8,Canon LBP 2900,OUT,1,2025-07-08 00:00:00,pcs,,NMYA834196,VH01,,Asset management/Transititons/IT tool.xlsx#Infra Device (transactions)!row=923
STK-39883052A1,Laptop HP PROBOOK 440 G9,OUT,1,19/11/2025,pcs,,5CD3094YZR,ZV40,,Asset management/Transititons/IT tool.xlsx#Infra Device (transactions)!row=924
STK-290431D9BD,Epson TM-82III,OUT,1,19/11/2025,pcs,,X7BA002838,ZV40,,Asset management/Transititons/IT tool.xlsx#Infra Device (transactions)!row=925
STK-642B2425C5,TP-Link MR6400,OUT,1,19/11/2025,pcs,,2234111003742,ZV40,,Asset management/Transititons/IT tool.xlsx#Infra Device (transactions)!row=926
STK-21FDE86A90,Scanner Datalogic QW2100,OUT,1,19/11/2025,pcs,,G20L70063,ZV40,,Asset management/Transititons/IT tool.xlsx#Infra Device (transactions)!row=927
STK-651153AA62,A4 Printer HP Neverstop laser 1000w,IN,1,19/11/2025,pcs,,CNBRP8339D,VN05,,Asset management/Transititons/IT tool.xlsx#Infra Device (transactions)!row=928
STK-4B38883276,A4 Printer HP Neverstop laser 1000w,OUT,1,19/11/2025,pcs,,CNBRP8297B,VN05,,Asset management/Transititons/IT tool.xlsx#Infra Device (transactions)!row=929
STK-D6144674AB,Laptop Dell Latitude 3520,OUT,1,19/11/2025,pcs,,3DYF7S3,Event VA13,,Asset management/Transititons/IT tool.xlsx#Infra Device (transactions)!row=930
STK-9ADE385DD2,Epson TM-82III,OUT,1,19/11/2025,pcs,,X7BA007405,Event VA13,,Asset management/Transititons/IT tool.xlsx#Infra Device (transactions)!row=931
STK-B5B5390413,Scanner Datalogic QW2100,OUT,1,19/11/2025,pcs,,G21M82827,Event VA13,,Asset management/Transititons/IT tool.xlsx#Infra Device (transactions)!row=932
STK-258AC10EB9,Epson TM-82III,OUT,1,4/11/205,pcs,,X7BA000889,VN05,,Asset management/Transititons/IT tool.xlsx#Infra Device (transactions)!row=933
STK-32F5C52D64,Unifi-UAP-nanoHD,IN,1,15/12/2026,pcs,,1C6A1B1EFD41,for V003,,Asset management/Transititons/IT tool.xlsx#Infra Device (transactions)!row=934
STK-9324143F18,Unifi-UAP-nanoHD,IN,1,15/12/2026,pcs,,1C6A1B1EFB0D,for V003,,Asset management/Transititons/IT tool.xlsx#Infra Device (transactions)!row=935
STK-4B79482AAD,Zebra TC26BK,IN,1,15/12/2026,pcs,,352714115510901,for V003,,Asset management/Transititons/IT tool.xlsx#Infra Device (transactions)!row=936
STK-7D7A669987,Zebra TC26BK,IN,1,15/12/2026,pcs,,S24165523020007,for V003,,Asset management/Transititons/IT tool.xlsx#Infra Device (transactions)!row=937
STK-F5B023703D,Zebra TC26BK,IN,1,15/12/2026,pcs,,S24164523022749,for V003,,Asset management/Transititons/IT tool.xlsx#Infra Device (transactions)!row=938
STK-F369B99617,Zebra TC26BK,IN,1,15/12/2026,pcs,,S24144523021867,for V003,,Asset management/Transititons/IT tool.xlsx#Infra Device (transactions)!row=939
STK-403DA677B3,Zebra TC26BK,IN,1,15/12/2026,pcs,,S24164523022750,for V003,,Asset management/Transititons/IT tool.xlsx#Infra Device (transactions)!row=940
STK-594ED0C85C,Ruijie RG-EW1200G Pro,IN,1,30/12/2025,pcs,,ZAU82MM028440,for A001,,Asset management/Transititons/IT tool.xlsx#Infra Device (transactions)!row=941
STK-7C8FD36C41,Ruijie RG-EW1200G Pro,IN,1,30/12/2025,pcs,,ZAU82MM037794,for A002,,Asset management/Transititons/IT tool.xlsx#Infra Device (transactions)!row=942
STK-BC1066B16C,Laptop HP PROBOOK 440 G9,IN,1,19/11/2025,pcs,,5CD3094YZR,ZV40 close,,Asset management/Transititons/IT tool.xlsx#Infra Device (transactions)!row=943
STK-36897E26D0,Epson TM-82III,IN,1,19/11/2025,pcs,,X7BA002838,ZV40 close,,Asset management/Transititons/IT tool.xlsx#Infra Device (transactions)!row=944
STK-42CF3BC3F5,TP-Link MR6400,IN,1,19/11/2025,pcs,,2234111003742,ZV40 close,,Asset management/Transititons/IT tool.xlsx#Infra Device (transactions)!row=945
STK-DF14C942C9,Scanner Datalogic QW2100,IN,1,19/11/2025,pcs,,G20L70063,ZV40 close,,Asset management/Transititons/IT tool.xlsx#Infra Device (transactions)!row=946
STK-ADCEE6DB13,Zebra TC26BK,IN,1,30/12/2025,pcs,,24161523020360,VN08 close,,Asset management/Transititons/IT tool.xlsx#Infra Device (transactions)!row=947
STK-A1DF04B5F9,Samsung Tab S6,IN,1,30/12/2025,pcs,,352294624027440,VN08 close,,Asset management/Transititons/IT tool.xlsx#Infra Device (transactions)!row=948
STK-ED04E68333,Postek printer,IN,1,30/12/2025,pcs,,I1622F0007,VN08 close,,Asset management/Transititons/IT tool.xlsx#Infra Device (transactions)!row=949
STK-FB3DBBA9B9,Desktop HP PRO MINI 400 G9,OUT,1,12/01/2026,pcs,,8CC3500VNJ,V003,,Asset management/Transititons/IT tool.xlsx#Infra Device (transactions)!row=950
STK-B67A4E4A0F,Desktop HP PRO MINI 400 G9,OUT,1,12/01/2026,pcs,,8CC3500VSH,V003,,Asset management/Transititons/IT tool.xlsx#Infra Device (transactions)!row=951
STK-6055FCA026,Switch Ubiquiti UniFi Switch 24 PoE (USW-24-PoE),OUT,1,12/01/2026,pcs,,1C6A1B99A032,V003,,Asset management/Transititons/IT tool.xlsx#Infra Device (transactions)!row=952
STK-E82FC19D5F,Cisco CBS110-16T-EU,OUT,1,12/01/2026,pcs,,KWC29190Y0L,V003,,Asset management/Transititons/IT tool.xlsx#Infra Device (transactions)!row=953
STK-D32A76D397,Unifi-UAP-nanoHD,OUT,1,12/01/2026,pcs,,1C6A1B1F094D,V003,,Asset management/Transititons/IT tool.xlsx#Infra Device (transactions)!row=954
STK-583743F9AA,Unifi-UAP-nanoHD,OUT,1,12/01/2026,pcs,,1C6A1B1EFD41,V003,,Asset management/Transititons/IT tool.xlsx#Infra Device (transactions)!row=955
STK-EDB2876A6F,Unifi-UAP-nanoHD,OUT,1,12/01/2026,pcs,,1C6A1B1EFB0D,V003,,Asset management/Transititons/IT tool.xlsx#Infra Device (transactions)!row=956
STK-1ED44B264E,Zebra TC26BK,OUT,1,12/01/2026,pcs,,352714115510901,V003,,Asset management/Transititons/IT tool.xlsx#Infra Device (transactions)!row=957
STK-F54CE0C4D4,Zebra TC26BK,OUT,1,12/01/2026,pcs,,S24165523020007,V003,,Asset management/Transititons/IT tool.xlsx#Infra Device (transactions)!row=958
STK-391D0A12C1,Zebra TC26BK,OUT,1,12/01/2026,pcs,,S24164523022749,V003,,Asset management/Transititons/IT tool.xlsx#Infra Device (transactions)!row=959
STK-A450C3FAD4,Zebra TC26BK,OUT,1,12/01/2026,pcs,,S24144523021867,V003,,Asset management/Transititons/IT tool.xlsx#Infra Device (transactions)!row=960
STK-B6A635156F,Zebra TC26BK,OUT,1,12/01/2026,pcs,,S24164523022750,V003,,Asset management/Transititons/IT tool.xlsx#Infra Device (transactions)!row=961
STK-9EC0EEB590,Star-SM-L200-UB40,OUT,1,12/01/2026,pcs,,2534123052300532,V003,,Asset management/Transititons/IT tool.xlsx#Infra Device (transactions)!row=962
STK-40D9F2D12F,Star-SM-L200-UB40,OUT,1,12/01/2026,pcs,,2530022102301146,V003,,Asset management/Transititons/IT tool.xlsx#Infra Device (transactions)!row=963
STK-B829F6F92A,Samsung Galaxy Tab S10 FE 5G 8GB 128GB,OUT,1,12/01/2026,pcs,,356160461428445,V003,,Asset management/Transititons/IT tool.xlsx#Infra Device (transactions)!row=964
STK-BB41184C46,"Máy in mã vạch Postek IQ200, 203dpi -Bluetooth",OUT,1,12/01/2026,pcs,,I1624C0004,V003,,Asset management/Transititons/IT tool.xlsx#Infra Device (transactions)!row=965
STK-3E3CCEDCDF,Máy tính trạm Dell Precision 3680 Tower,OUT,1,12/01/2026,pcs,,91DR874,V003,,Asset management/Transititons/IT tool.xlsx#Infra Device (transactions)!row=966
STK-8DB84A7B70,"Monitor HP 19,5 inch - widescreen (hdmi port)",OUT,1,12/01/2026,pcs,,3CQ3240J7T,V003,,Asset management/Transititons/IT tool.xlsx#Infra Device (transactions)!row=967
STK-5EA08BEA4E,"Monitor HP 19,5 inch - widescreen (hdmi port)",OUT,1,12/01/2026,pcs,,3CQ2320662,V003,,Asset management/Transititons/IT tool.xlsx#Infra Device (transactions)!row=968
STK-11B3298A7E,"Monitor HP 19,5 inch - widescreen (hdmi port)",OUT,1,12/01/2026,pcs,,1CR82307C4,V003,,Asset management/Transititons/IT tool.xlsx#Infra Device (transactions)!row=969
STK-BD478D07BF,Maken MK410,OUT,1,12/01/2026,pcs,,MK410221102176,V003,,Asset management/Transititons/IT tool.xlsx#Infra Device (transactions)!row=970
STK-D11758DC66,Maken MK410,OUT,1,12/01/2026,pcs,,MK410221102399,V003,,Asset management/Transititons/IT tool.xlsx#Infra Device (transactions)!row=971
STK-B5C0AB4236,Pole Display,OUT,1,12/01/2026,pcs,,2TD311NAFS,V003,,Asset management/Transititons/IT tool.xlsx#Infra Device (transactions)!row=972
STK-7F2CF9BE3C,Pole Display,OUT,1,12/01/2026,pcs,,2TD3311NAFQ,V003,,Asset management/Transititons/IT tool.xlsx#Infra Device (transactions)!row=973
STK-5CE81294E6,Scanner Wireless DS2278,OUT,1,12/01/2026,pcs,,S24019523702434,V003,scan,Asset management/Transititons/IT tool.xlsx#Infra Device (transactions)!row=974
STK-BC5FAE55F6,Scanner Wireless DS2278,OUT,1,12/01/2026,pcs,,S24017523702131,V003,Dock scan,Asset management/Transititons/IT tool.xlsx#Infra Device (transactions)!row=975
STK-44D2113B7B,Scanner Wireless DS2278,OUT,1,12/01/2026,pcs,,S24020523701951,V003,scan,Asset management/Transititons/IT tool.xlsx#Infra Device (transactions)!row=976
STK-3637CA5288,Scanner Wireless DS2278,OUT,1,12/01/2026,pcs,,S24016523701462,V003,Dock scan,Asset management/Transititons/IT tool.xlsx#Infra Device (transactions)!row=977
STK-C3BFD46369,"Printer Cashier - Thermal Star printer MCP31L, USB",OUT,1,12/01/2026,pcs,,2530022102301140,V003,,Asset management/Transititons/IT tool.xlsx#Infra Device (transactions)!row=978
STK-1D34EF4D11,"Printer Cashier - Thermal Star printer MCP31L, USB",OUT,1,12/01/2026,pcs,,2534123052300530,V003,,Asset management/Transititons/IT tool.xlsx#Infra Device (transactions)!row=979
STK-E8D6AC2413,A4 Printer,OUT,1,12/01/2026,pcs,,CNB2Q9TRM8,V003,,Asset management/Transititons/IT tool.xlsx#Infra Device (transactions)!row=980
STK-7945B3E177,HP EngageGo10 Mobile tablet (i5 8Gb with scanner),OUT,1,12/01/2026,pcs,,5CG3350NKD,V003,,Asset management/Transititons/IT tool.xlsx#Infra Device (transactions)!row=981
STK-A497363DC2,Star-SM-T300I2-DB50,OUT,1,12/01/2026,pcs,,2560023022000020,V003,,Asset management/Transititons/IT tool.xlsx#Infra Device (transactions)!row=982
STK-F8974D7B77,Fortigate-60F,OUT,1,12/01/2026,pcs,,FGT60FTK23084659,V003,,Asset management/Transititons/IT tool.xlsx#Infra Device (transactions)!row=983
STK-9E9A816838,Zebra-Dock PDT,OUT,1,12/01/2026,pcs,,S23069523701506,V003,,Asset management/Transititons/IT tool.xlsx#Infra Device (transactions)!row=984
STK-9060662CBB,UPS,OUT,1,12/01/2026,pcs,,9B2229A23669,V003,,Asset management/Transititons/IT tool.xlsx#Infra Device (transactions)!row=985
STK-529C83EDC2,Desktop HP PRO MINI 400 G9,OUT,1,12/01/2026,pcs,,8CC51110T0,VH01,,Asset management/Transititons/IT tool.xlsx#Infra Device (transactions)!row=986
STK-EED0CE6434,Desktop HP PRO MINI 400 G9,OUT,1,12/01/2026,pcs,,8CC3500VT4,VH01,,Asset management/Transititons/IT tool.xlsx#Infra Device (transactions)!row=987
STK-DBD919EA09,Maken MK410,OUT,1,12/01/2026,pcs,,MK410211201000,VH01,,Asset management/Transititons/IT tool.xlsx#Infra Device (transactions)!row=988
STK-C7FE019635,Maken MK410,OUT,1,12/01/2026,pcs,,MK410221102371,VH01,,Asset management/Transititons/IT tool.xlsx#Infra Device (transactions)!row=989
STK-11E3BBCE8C,Pole Display VFD,OUT,1,12/01/2026,pcs,,2108112341009,VH01,,Asset management/Transititons/IT tool.xlsx#Infra Device (transactions)!row=990
STK-E91FF04AA4,Pole Display VFD,OUT,1,12/01/2026,pcs,,VFD220U13B20120034,VH01,,Asset management/Transititons/IT tool.xlsx#Infra Device (transactions)!row=991
STK-4F8F635374,Datalogic QW2100,OUT,1,12/01/2026,pcs,,G23D05705,VH01,,Asset management/Transititons/IT tool.xlsx#Infra Device (transactions)!row=992
STK-2010353CBB,Datalogic QW2100,OUT,1,12/01/2026,pcs,,G23C76627,VH01,,Asset management/Transititons/IT tool.xlsx#Infra Device (transactions)!row=993
STK-401F8C2FD1,"Monitor HP 19,5 inch - widescreen (hdmi port)",OUT,1,12/01/2026,pcs,,1CR82307C2,VH01,,Asset management/Transititons/IT tool.xlsx#Infra Device (transactions)!row=994
STK-58D1B4C4D2,"Monitor HP 19,5 inch - widescreen (hdmi port)",OUT,1,12/01/2026,pcs,,1CR82307CR,VH01,,Asset management/Transititons/IT tool.xlsx#Infra Device (transactions)!row=995
STK-832955BE00,"Monitor HP 19,5 inch - widescreen (hdmi port)",OUT,1,12/01/2026,pcs,,3CQ3240J5T,VH01,,Asset management/Transititons/IT tool.xlsx#Infra Device (transactions)!row=996
STK-5716B0794D,Epsion T82III,OUT,1,12/01/2026,pcs,,X7B9025644,VH01,,Asset management/Transititons/IT tool.xlsx#Infra Device (transactions)!row=997
STK-72939319DB,Epsion T82III,OUT,1,12/01/2026,pcs,,X7B9022786,VH01,,Asset management/Transititons/IT tool.xlsx#Infra Device (transactions)!row=998
STK-A47A6ED1BC,Cisco CBS110-16T-EU,OUT,1,12/01/2026,pcs,,KWC29190Y1G,VH01,,Asset management/Transititons/IT tool.xlsx#Infra Device (transactions)!row=999
STK-0AE929A7C7,Wifi UBIQUITI UniFi,OUT,1,12/01/2026,pcs,,9C05D6797F57,VH01,,Asset management/Transititons/IT tool.xlsx#Infra Device (transactions)!row=1000
STK-32D05D2E2D,Fortigate-40F,OUT,1,12/01/2026,pcs,,FGT40FTK24086915,VH01,,Asset management/Transititons/IT tool.xlsx#Infra Device (transactions)!row=1001
STK-7D9236F915,Canon LBP 2900,OUT,1,12/01/2026,pcs,,NMYA802553,VH01,,Asset management/Transititons/IT tool.xlsx#Infra Device (transactions)!row=1002
STK-DB31FED983,Dell Precision 3680 Tower,OUT,1,12/01/2026,pcs,,C711P94,VH01,,Asset management/Transititons/IT tool.xlsx#Infra Device (transactions)!row=1003
STK-F11A190439,Zebra TC26BK,OUT,1,12/01/2026,pcs,,S23118523021439,VH01,,Asset management/Transititons/IT tool.xlsx#Infra Device (transactions)!row=1004
STK-C0A95C9F28,Star-SM-L200-UB40,OUT,1,12/01/2026,pcs,,2530022102301150,VH01,,Asset management/Transititons/IT tool.xlsx#Infra Device (transactions)!row=1005
STK-02D5FFE1C2,Ipad Air 13-inch(M3),IN,1,,pcs,,SK5QKJH956L,Buy for A002,,Asset management/Transititons/IT tool.xlsx#Infra Device (transactions)!row=1006
STK-C6D4621BFB,Desktop HP PRO MINI 400 G9,OUT,1,25/12/2025,pcs,,8CC51110R7,VN28,,Asset management/Transititons/IT tool.xlsx#Infra Device (transactions)!row=1007
STK-CE5380B5C9,Maken MK410,OUT,1,25/12/2025,pcs,,MK410221102347,VN28,,Asset management/Transititons/IT tool.xlsx#Infra Device (transactions)!row=1008
STK-67EB576AEC,Pole Display VFD,OUT,1,25/12/2025,pcs,,211130000024,VN28,,Asset management/Transititons/IT tool.xlsx#Infra Device (transactions)!row=1009
STK-6A7F462476,Datalogic QW2100,OUT,1,25/12/2025,pcs,,G23C76551,VN28,,Asset management/Transititons/IT tool.xlsx#Infra Device (transactions)!row=1010
STK-7A81743BC3,Monitor HP V190,OUT,1,25/12/2025,pcs,,1CR8420G66,VN28,,Asset management/Transititons/IT tool.xlsx#Infra Device (transactions)!row=1011
STK-9470C5A8DB,Epson TM-82III,OUT,1,25/12/2025,pcs,,X7BA004103,VN28,,Asset management/Transititons/IT tool.xlsx#Infra Device (transactions)!row=1012
STK-40DD578357,Cisco CBS110-16T-EU,OUT,1,25/12/2025,pcs,,KWC29190Y0E,VN28,,Asset management/Transititons/IT tool.xlsx#Infra Device (transactions)!row=1013
STK-8F3975E05C,Wifi UBIQUITI UniFi,OUT,1,25/12/2025,pcs,,9C05D679A3DC,VN28,,Asset management/Transititons/IT tool.xlsx#Infra Device (transactions)!row=1014
STK-3AA8BD9367,Fortigate-40F,OUT,1,25/12/2025,pcs,,FGT40FTK24086493,VN28,,Asset management/Transititons/IT tool.xlsx#Infra Device (transactions)!row=1015
STK-59D4A2CC35,Canon LBP,OUT,1,25/12/2025,pcs,,NMYA467073,VN28,,Asset management/Transititons/IT tool.xlsx#Infra Device (transactions)!row=1016
STK-C88851B88F,Samsung Galaxy Tab S6 Lite 4GB 64GB,OUT,1,25/12/2025,pcs,,352294624027473,VN28,,Asset management/Transititons/IT tool.xlsx#Infra Device (transactions)!row=1017
STK-2E919CF26E,Postek printer,OUT,1,25/12/2025,pcs,,I1624C00019,VN28,,Asset management/Transititons/IT tool.xlsx#Infra Device (transactions)!row=1018
STK-16DA850E57,Zebra TC26BK,OUT,1,25/12/2025,pcs,,S23118523021190,VN28,,Asset management/Transititons/IT tool.xlsx#Infra Device (transactions)!row=1019
STK-8297CABFA6,Star-SM-L200-UB40,OUT,1,25/12/2025,pcs,,2530022102300930,VN28,,Asset management/Transititons/IT tool.xlsx#Infra Device (transactions)!row=1020
STK-29C59E781C,Desktop HP PRO MINI 400 G9,OUT,1,03/01/2026,pcs,,8CC51110Q1,VA19,,Asset management/Transititons/IT tool.xlsx#Infra Device (transactions)!row=1021
STK-7754EB2290,Maken MK410,OUT,1,03/01/2026,pcs,,MK410221101694,VA19,,Asset management/Transititons/IT tool.xlsx#Infra Device (transactions)!row=1022
STK-7BFD5B8ECE,Pole Display VFD,OUT,1,03/01/2026,pcs,,VFD220U13B20120033,VA19,,Asset management/Transititons/IT tool.xlsx#Infra Device (transactions)!row=1023
STK-9678895FDA,Datalogic QW2100,OUT,1,03/01/2026,pcs,,G21E85754,VA19,,Asset management/Transititons/IT tool.xlsx#Infra Device (transactions)!row=1024
STK-D1E3759BCB,Monitor HP V190,OUT,1,03/01/2026,pcs,,1CR82307CB,VA19,,Asset management/Transititons/IT tool.xlsx#Infra Device (transactions)!row=1025
STK-B7715FBA52,Epson TM-82III,OUT,1,03/01/2026,pcs,,X7B9023460,VA19,,Asset management/Transititons/IT tool.xlsx#Infra Device (transactions)!row=1026
STK-9C78B00F31,Cisco CBS110-16T-EU,OUT,1,03/01/2026,pcs,,KWC29190Y1C,VA19,,Asset management/Transititons/IT tool.xlsx#Infra Device (transactions)!row=1027
STK-E168E12E5D,Wifi UBIQUITI UniFi,OUT,1,03/01/2026,pcs,,9C05D67658B6,VA19,,Asset management/Transititons/IT tool.xlsx#Infra Device (transactions)!row=1028
STK-1AB410B8AA,Fortigate-40F,OUT,1,03/01/2026,pcs,,FGT40FTK24086985,VA19,,Asset management/Transititons/IT tool.xlsx#Infra Device (transactions)!row=1029
STK-85F135C252,Canon LBP 2900,OUT,1,03/01/2026,pcs,,NMYA802536,VA19,,Asset management/Transititons/IT tool.xlsx#Infra Device (transactions)!row=1030
STK-ED618ACC22,Samsung Galaxy Tab S10 FE 5G 8GB 128GB,OUT,1,03/01/2026,pcs,,356160460426515,VA19,,Asset management/Transititons/IT tool.xlsx#Infra Device (transactions)!row=1031
STK-CD63B57643,Postek printer,OUT,1,03/01/2026,pcs,,I1623F0001,VA19,,Asset management/Transititons/IT tool.xlsx#Infra Device (transactions)!row=1032
STK-63F43B31DC,Zebra TC26BK,OUT,1,03/01/2026,pcs,,S24164523022684,VA19,,Asset management/Transititons/IT tool.xlsx#Infra Device (transactions)!row=1033
STK-060952D9CB,Star-SM-L200-UB40,OUT,1,03/01/2026,pcs,,2530022102300950,VA19,,Asset management/Transititons/IT tool.xlsx#Infra Device (transactions)!row=1034
STK-682EAF4925,Desktop HP PRO MINI 400 G9,OUT,1,02/02/2026,pcs,,8CC3213L46,A002,,Asset management/Transititons/IT tool.xlsx#Infra Device (transactions)!row=1035
STK-03DAA70829,Poscom,OUT,1,02/02/2026,pcs,,20201130017,A002,,Asset management/Transititons/IT tool.xlsx#Infra Device (transactions)!row=1036
STK-2358AFE1EC,Pole Display VFD,OUT,1,02/02/2026,pcs,,211130000023,A002,,Asset management/Transititons/IT tool.xlsx#Infra Device (transactions)!row=1037
STK-7A80B098EE,Datalogic QW2100,OUT,1,02/02/2026,pcs,,G23D05251,A002,,Asset management/Transititons/IT tool.xlsx#Infra Device (transactions)!row=1038
STK-2A4E01A39A,Monitor HP V190,OUT,1,02/02/2026,pcs,,1CR82307CJ,A002,,Asset management/Transititons/IT tool.xlsx#Infra Device (transactions)!row=1039
STK-38FC9A6CE3,Epson TM-82III,OUT,1,02/02/2026,pcs,,X7BA004104,A002,,Asset management/Transititons/IT tool.xlsx#Infra Device (transactions)!row=1040
STK-69114252D3,Cisco CBS110-16T-EU,OUT,1,02/02/2026,pcs,,PSZ27181D30,A002,,Asset management/Transititons/IT tool.xlsx#Infra Device (transactions)!row=1041
STK-64CAD96FF7,Wifi UBIQUITI UniFi,OUT,1,02/02/2026,pcs,,9C05D679853C,A002,,Asset management/Transititons/IT tool.xlsx#Infra Device (transactions)!row=1042
STK-5EE85F6042,Fortigate-40F,OUT,1,02/02/2026,pcs,,FGT40FTK24007310,A002,,Asset management/Transititons/IT tool.xlsx#Infra Device (transactions)!row=1043
STK-507F2D76F8,Ruijie RG-EW1200G Pro,OUT,1,02/02/2026,pcs,,ZAU82MM037794,A002,,Asset management/Transititons/IT tool.xlsx#Infra Device (transactions)!row=1044
STK-741B0BAFE8,Hp laserjet 107a,OUT,1,02/02/2026,pcs,,CNB3R38327,A002,,Asset management/Transititons/IT tool.xlsx#Infra Device (transactions)!row=1045
STK-E282D05EC9,Ipad Air 13-inch(M3),OUT,1,02/02/2026,pcs,,SK5QKJH956L,A002,,Asset management/Transititons/IT tool.xlsx#Infra Device (transactions)!row=1046
STK-9026B22A55,Zebra TC26BK,OUT,1,02/02/2026,pcs,,24161523020360,A002,,Asset management/Transititons/IT tool.xlsx#Infra Device (transactions)!row=1047
STK-32C478B7BB,Star-SM-L200-UB40,OUT,1,02/02/2026,pcs,,234123052300546,A002,,Asset management/Transititons/IT tool.xlsx#Infra Device (transactions)!row=1048
STK-1CEFE22FF7,Laptop Dell Latitude 3520,OUT,1,20/01/2026,pcs,,,ZV43,,Asset management/Transititons/IT tool.xlsx#Infra Device (transactions)!row=1049
STK-953FF31825,Epson TM-82III,OUT,1,20/01/2026,pcs,,2234111003742,ZV43,,Asset management/Transititons/IT tool.xlsx#Infra Device (transactions)!row=1050
STK-06789E2031,TP-Link MR6400,OUT,1,20/01/2026,pcs,,G20L70063,ZV43,,Asset management/Transititons/IT tool.xlsx#Infra Device (transactions)!row=1051
STK-A1760CE93E,Scanner Datalogic QW2100,OUT,1,20/01/2026,pcs,,24161523020360,ZV43,,Asset management/Transititons/IT tool.xlsx#Infra Device (transactions)!row=1052
STK-44905C592B,Modem 4G TP-Link M7350,IN,1,16/02/2026,pcs,,22234W2003072,Cấp cho Pak Huy,,Asset management/Transititons/IT tool.xlsx#Infra Device (transactions)!row=1053
STK-7A70DA5F65,Fortigate-60F,IN,1,16/02/2026,pcs,,FGT60FTK2209EHFB,DSV,,Asset management/Transititons/IT tool.xlsx#Infra Device (transactions)!row=1054
STK-701D0556D7,aruba ap 535 jz336a,IN,1,16/02/2026,pcs,,CNLLK9W0BB,DSV,,Asset management/Transititons/IT tool.xlsx#Infra Device (transactions)!row=1055
STK-82F29507B2,aruba ap 535 jz336a,IN,1,16/02/2026,pcs,,CNL3K9W1KP,DSV,,Asset management/Transititons/IT tool.xlsx#Infra Device (transactions)!row=1056
STK-1DDDA509BB,aruba ap 535 jz336a,IN,1,16/02/2026,pcs,,CNNVK9WBTQ,DSV,,Asset management/Transititons/IT tool.xlsx#Infra Device (transactions)!row=1057
STK-37308550AA,aruba ap 535 jz336a,IN,1,16/02/2026,pcs,,CNL3K9W1M8,DSV,,Asset management/Transititons/IT tool.xlsx#Infra Device (transactions)!row=1058
STK-CBF8413328,aruba ap 535 jz336a,IN,1,16/02/2026,pcs,,CNPBK9W74N,DSV,,Asset management/Transititons/IT tool.xlsx#Infra Device (transactions)!row=1059
STK-B63EC3B0CD,aruba ap 535 jz336a,IN,1,16/02/2026,pcs,,CNPBK9W751,DSV,,Asset management/Transititons/IT tool.xlsx#Infra Device (transactions)!row=1060
STK-3240D83F94,aruba ap 535 jz336a,IN,1,16/02/2026,pcs,,CNL3K9W1M3,DSV,,Asset management/Transititons/IT tool.xlsx#Infra Device (transactions)!row=1061
STK-4C9F10F4F6,Laptop Dell Latitude 5430,IN,1,16/02/2026,pcs,,DFHLRQ3,DSV,,Asset management/Transititons/IT tool.xlsx#Infra Device (transactions)!row=1062
STK-09D6983297,HP ProDesk 400 G7 DM,IN,1,16/02/2026,pcs,,4CE234DC5T,DSV,,Asset management/Transititons/IT tool.xlsx#Infra Device (transactions)!row=1063
STK-2C5D5ED339,HP ProDesk 400 G7 DM,IN,1,16/02/2026,pcs,,4CE234DC77,DSV,,Asset management/Transititons/IT tool.xlsx#Infra Device (transactions)!row=1064
STK-20E4D9A742,HP ProDesk 400 G7 DM,IN,1,16/02/2026,pcs,,4CE234DC94,DSV,,Asset management/Transititons/IT tool.xlsx#Infra Device (transactions)!row=1065
STK-7238743430,HP ProDesk 400 G7 DM,IN,1,16/02/2026,pcs,,4CE234DC92,DSV,,Asset management/Transititons/IT tool.xlsx#Infra Device (transactions)!row=1066
STK-866FAB1A28,HP ProDesk 400 G7 DM,IN,1,16/02/2026,pcs,,4CE234DC69,DSV,,Asset management/Transititons/IT tool.xlsx#Infra Device (transactions)!row=1067
STK-CED970364D,HP ProDesk 400 G7 DM,IN,1,16/02/2026,pcs,,4CE234DC6P,DSV,,Asset management/Transititons/IT tool.xlsx#Infra Device (transactions)!row=1068
STK-17CA52898E,HP ProDesk 400 G7 DM,IN,1,16/02/2026,pcs,,4CE234DC9C,DSV,,Asset management/Transititons/IT tool.xlsx#Infra Device (transactions)!row=1069
STK-2AA5A0E8E3,HP ProDesk 400 G7 DM,IN,1,16/02/2026,pcs,,4CE234DC8C,DSV,,Asset management/Transititons/IT tool.xlsx#Infra Device (transactions)!row=1070
STK-6FFBE782A5,HP V22,IN,1,16/02/2026,pcs,,CN41383K50,DSV,,Asset management/Transititons/IT tool.xlsx#Infra Device (transactions)!row=1071
STK-6727CAB9AD,HP V22,IN,1,16/02/2026,pcs,,CN41484H9K,DSV,,Asset management/Transititons/IT tool.xlsx#Infra Device (transactions)!row=1072
STK-A8BF169C0E,HP V22,IN,1,16/02/2026,pcs,,CN41484HC3,DSV,,Asset management/Transititons/IT tool.xlsx#Infra Device (transactions)!row=1073
STK-15CC28F5AF,HP V22,IN,1,16/02/2026,pcs,,CN41484H9J,DSV,,Asset management/Transititons/IT tool.xlsx#Infra Device (transactions)!row=1074
STK-1FFDE094B4,HP V22,IN,1,16/02/2026,pcs,,CN41484HQY,DSV,,Asset management/Transititons/IT tool.xlsx#Infra Device (transactions)!row=1075
STK-DAE6C588FE,HP V22,IN,1,16/02/2026,pcs,,CN41484H9C,DSV,,Asset management/Transititons/IT tool.xlsx#Infra Device (transactions)!row=1076
STK-8A6638DAC6,HP V22,IN,1,16/02/2026,pcs,,CN41383K3J,DSV,,Asset management/Transititons/IT tool.xlsx#Infra Device (transactions)!row=1077
STK-3FA5A6BB8C,HP V22,IN,1,16/02/2026,pcs,,CN41484HV1,DSV,,Asset management/Transititons/IT tool.xlsx#Infra Device (transactions)!row=1078
STK-017F9C1856,SATO CL4NX Plus,IN,1,16/02/2026,pcs,,GF105031,DSV,,Asset management/Transititons/IT tool.xlsx#Infra Device (transactions)!row=1079
STK-94C13559C4,SATO CL4NX Plus,IN,1,16/02/2026,pcs,,GF105047,DSV,,Asset management/Transititons/IT tool.xlsx#Infra Device (transactions)!row=1080
STK-90F02A5823,Postek printer,IN,1,16/02/2026,pcs,,I1622F0005,DSV,,Asset management/Transititons/IT tool.xlsx#Infra Device (transactions)!row=1081
STK-BFBECF25BA,Postek printer,IN,1,16/02/2026,pcs,,I1622F0004,DSV,,Asset management/Transititons/IT tool.xlsx#Infra Device (transactions)!row=1082
STK-E32526F3BF,Postek printer,IN,1,16/02/2026,pcs,,I1622F0002,DSV,,Asset management/Transititons/IT tool.xlsx#Infra Device (transactions)!row=1083
STK-FDF1C34F14,Canon MF445dw,IN,1,16/02/2026,pcs,,2TJ08251,DSV,,Asset management/Transititons/IT tool.xlsx#Infra Device (transactions)!row=1084
STK-D52D506402,Zebra TC26BK,IN,1,16/02/2026,pcs,,S22182523022953,DSV,,Asset management/Transititons/IT tool.xlsx#Infra Device (transactions)!row=1085
STK-541B9D1FA8,Zebra TC26BK,IN,1,16/02/2026,pcs,,S22182523023415,DSV,,Asset management/Transititons/IT tool.xlsx#Infra Device (transactions)!row=1086
STK-50697425E6,Zebra TC26BK,IN,1,16/02/2026,pcs,,S22182523023275,DSV,,Asset management/Transititons/IT tool.xlsx#Infra Device (transactions)!row=1087
STK-CA1E3FDADC,Zebra TC26BK,IN,1,16/02/2026,pcs,,S22182523023442,DSV,,Asset management/Transititons/IT tool.xlsx#Infra Device (transactions)!row=1088
STK-5A8A9B9E59,Zebra-Dock PDT,IN,1,16/02/2026,pcs,,S23010520100822,DSV,,Asset management/Transititons/IT tool.xlsx#Infra Device (transactions)!row=1089
STK-A94E0517D3,Zebra-Dock PDT,IN,1,16/02/2026,pcs,,S23010520100706,DSV,,Asset management/Transititons/IT tool.xlsx#Infra Device (transactions)!row=1090
STK-4D9142A10C,Zebra DS2208-SR (wired),IN,1,16/02/2026,pcs,,2210010552567,DSV,,Asset management/Transititons/IT tool.xlsx#Infra Device (transactions)!row=1091
STK-FFF1DAC57A,Zebra DS2208-SR (wired),IN,1,16/02/2026,pcs,,2210010552677,DSV,,Asset management/Transititons/IT tool.xlsx#Infra Device (transactions)!row=1092
STK-C097A40D13,Zebra DS2208-SR (wired),IN,1,16/02/2026,pcs,,2210010552676,DSV,,Asset management/Transititons/IT tool.xlsx#Infra Device (transactions)!row=1093
STK-DBEBDC188F,Zebra DS2208-SR (wired),IN,1,16/02/2026,pcs,,2210010555452,DSV,,Asset management/Transititons/IT tool.xlsx#Infra Device (transactions)!row=1094
STK-1BEC34F112,Zebra DS2208-SR (wired),IN,1,16/02/2026,pcs,,2210010552668,DSV,,Asset management/Transititons/IT tool.xlsx#Infra Device (transactions)!row=1095
STK-B128A434D9,Zebra DS2208-SR (wireless),IN,1,16/02/2026,pcs,,2208523400021,DSV,,Asset management/Transititons/IT tool.xlsx#Infra Device (transactions)!row=1096
STK-D3BD5A36B3,Zebra DS2208-SR (wireless),IN,1,16/02/2026,pcs,,2208523408905,DSV,,Asset management/Transititons/IT tool.xlsx#Infra Device (transactions)!row=1097
STK-2559DB5BBF,Zebra DS2208-SR (wireless),IN,1,16/02/2026,pcs,,2208523423456,DSV,,Asset management/Transititons/IT tool.xlsx#Infra Device (transactions)!row=1098
STK-4BB6AAADE4,Zebra DS2208-SR Dock,IN,1,16/02/2026,pcs,,22136523414115,DSV,,Asset management/Transititons/IT tool.xlsx#Infra Device (transactions)!row=1099
STK-13361906BB,Zebra DS2208-SR Dock,IN,1,16/02/2026,pcs,,22136523428065,DSV,,Asset management/Transititons/IT tool.xlsx#Infra Device (transactions)!row=1100
STK-9A57B1C04A,Zebra DS2208-SR Dock,IN,1,16/02/2026,pcs,,22136523437622,DSV,,Asset management/Transititons/IT tool.xlsx#Infra Device (transactions)!row=1101
STK-21894E08BA,Samsung Tab A8,IN,1,16/02/2026,pcs,,R9WRB0CV98F,DSV,,Asset management/Transititons/IT tool.xlsx#Infra Device (transactions)!row=1102
STK-D6428D8488,Samsung Tab A8,IN,1,16/02/2026,pcs,,R9WRB0CWHR,DSV,,Asset management/Transititons/IT tool.xlsx#Infra Device (transactions)!row=1103
STK-CA7F822C9B,HPE Aruba 2930F,IN,1,16/02/2026,pcs,,CN24HL20CL,DSV,,Asset management/Transititons/IT tool.xlsx#Infra Device (transactions)!row=1104
STK-7653EE323A,HPE Aruba 2930F,IN,1,16/02/2026,pcs,,CN25HL21HV,DSV,,Asset management/Transititons/IT tool.xlsx#Infra Device (transactions)!row=1105
STK-F89A04218D,APC SRT6KXLI,IN,1,16/02/2026,pcs,,AS2207171934,DSV,,Asset management/Transititons/IT tool.xlsx#Infra Device (transactions)!row=1106
STK-45BDA7AF49,SMC2000I-2U APC Smart-UPS 2000VA USB & Serial 230V; 1300W / 2000VA; LCD; DB-9 RS-232; SmartSlot; USB; Rack Height 2U,IN,1,16/02/2026,pcs,,AS2222242356,DSV,,Asset management/Transititons/IT tool.xlsx#Infra Device (transactions)!row=1107
STK-2817D69B0A,JD092B HPE X130 10G SFP+ LC SR Transceiver,IN,1,16/02/2026,pcs,,MY68D3Z500,DSV,,Asset management/Transititons/IT tool.xlsx#Infra Device (transactions)!row=1108
STK-5E314B39FD,JD092B HPE X130 10G SFP+ LC SR Transceiver,IN,1,16/02/2026,pcs,,MY68D3Z51G,DSV,,Asset management/Transititons/IT tool.xlsx#Infra Device (transactions)!row=1109
STK-80A773ACF3,Samsung Tab S10 FE,IN,1,27/02/2026,pcs,,356160460749106,Sóng Nam giao,,Asset management/Transititons/IT tool.xlsx#Infra Device (transactions)!row=1110
STK-FDDD8B7118,Saramonic Air 01,IN,1,27/02/2026,pcs,,SR25102704450,Sóng Nam giao,,Asset management/Transititons/IT tool.xlsx#Infra Device (transactions)!row=1111
STK-877AFDEAA5,Saramonic Air 01,IN,1,27/02/2026,pcs,,SR25102704455,Sóng Nam giao,,Asset management/Transititons/IT tool.xlsx#Infra Device (transactions)!row=1112
STK-6E88C8B3C8,Proton FD1000EB,IN,2,27/02/2026,pcs,,,Sóng Nam giao,,Asset management/Transititons/IT tool.xlsx#Infra Device (transactions)!row=1113
STK-93AE12DD6E,Sim DATA,IN,1,27/02/2026,pcs,,,Sóng Nam giao,,Asset management/Transititons/IT tool.xlsx#Infra Device (transactions)!row=1114
STK-D779CFDCB8,WiFi 7 UniFi U7 Lite,IN,1,27/02/2026,pcs,,84784886C6E7,Sóng Nam giao,,Asset management/Transititons/IT tool.xlsx#Infra Device (transactions)!row=1115
STK-3C53BD7433,Samsung Tab S10 FE,OUT,1,2026-02-03 00:00:00,pcs,,356160460749106,Cấp cho Nguyen My Binh,,Asset management/Transititons/IT tool.xlsx#Infra Device (transactions)!row=1116
STK-384B337F51,Saramonic Air 01,OUT,1,2026-02-03 00:00:00,pcs,,SR25102704450,Cấp cho Nguyen My Binh,,Asset management/Transititons/IT tool.xlsx#Infra Device (transactions)!row=1117
STK-EA49A32502,Saramonic Air 01,OUT,1,2026-02-03 00:00:00,pcs,,SR25102704455,Cấp cho Nguyen My Binh,,Asset management/Transititons/IT tool.xlsx#Infra Device (transactions)!row=1118
STK-A63939EE37,Proton FD1000EB,OUT,2,2026-02-03 00:00:00,pcs,,,Cấp cho Nguyen My Binh,,Asset management/Transititons/IT tool.xlsx#Infra Device (transactions)!row=1119
STK-4C78EB4AD9,Sim DATA,OUT,1,2026-02-03 00:00:00,pcs,,,Cấp cho Nguyen My Binh,,Asset management/Transititons/IT tool.xlsx#Infra Device (transactions)!row=1120
STK-2993D8CB73,HP ProBook 440 G9,IN,1,2026-11-03 00:00:00,pcs,,5CD236BCSY,Nhận về lại từ event của VN10,,Asset management/Transititons/IT tool.xlsx#Infra Device (transactions)!row=1121
STK-C86F5BE58D,Epson TM-82III,IN,1,2026-11-03 00:00:00,pcs,,X7BA007405,Nhận về lại từ event của VN10,,Asset management/Transititons/IT tool.xlsx#Infra Device (transactions)!row=1122
STK-EA1E49A1C8,Datalogic QW2100,IN,1,2026-11-03 00:00:00,pcs,,G21M82827,Nhận về lại từ event của VN10,,Asset management/Transititons/IT tool.xlsx#Infra Device (transactions)!row=1123
STK-436E41C894,TP-Link MR6400,IN,1,2026-11-03 00:00:00,pcs,,2234111003742,Nhận về lại từ event của VN10,,Asset management/Transititons/IT tool.xlsx#Infra Device (transactions)!row=1124
STK-C11E0C9756,Epson TM-82III,OUT,1,13/3/2026,pcs,,X7BA014973,Cấp cho ZV44,,Asset management/Transititons/IT tool.xlsx#Infra Device (transactions)!row=1125
STK-FFC575FB20,Datalogic QW2100,OUT,1,13/3/2026,pcs,,G21NE8123,Cấp cho ZV44,,Asset management/Transititons/IT tool.xlsx#Infra Device (transactions)!row=1126
STK-F6F20EEE5F,Modem 4G TP-Link M7500,OUT,1,13/3/2026,pcs,,22234W2003072,Cấp cho ZV44,,Asset management/Transititons/IT tool.xlsx#Infra Device (transactions)!row=1127
STK-C7E724E1C7,HP ProBook 440 G9,OUT,1,2026-11-03 00:00:00,pcs,,5CD236BCSY,Cấp cho ZV45,,Asset management/Transititons/IT tool.xlsx#Infra Device (transactions)!row=1128
STK-A93E9819A2,Epson TM-82III,OUT,1,2026-11-03 00:00:00,pcs,,X7BA007405,Cấp cho ZV45,,Asset management/Transititons/IT tool.xlsx#Infra Device (transactions)!row=1129
STK-5D565C5746,Datalogic QW2100,OUT,1,2026-11-03 00:00:00,pcs,,G21M82827,Cấp cho ZV45,,Asset management/Transititons/IT tool.xlsx#Infra Device (transactions)!row=1130
STK-8EE4188761,TP-Link MR6400,OUT,1,2026-11-03 00:00:00,pcs,,2234111003742,Cấp cho ZV45,,Asset management/Transititons/IT tool.xlsx#Infra Device (transactions)!row=1131
STK-4E45D9B3D0,Fortigate-40F,IN,1,23/03/2026,pcs,,FGT40FTK25088855,Sóng Nam giao,,Asset management/Transititons/IT tool.xlsx#Infra Device (transactions)!row=1132
STK-B8E7B63723,Fortigate-40F,IN,1,23/03/2026,pcs,,FGT40FTK25089193,Sóng Nam giao,,Asset management/Transititons/IT tool.xlsx#Infra Device (transactions)!row=1133
STK-FA51B7EEC8,Fortigate-40F,IN,1,23/03/2026,pcs,,FGT40FTK25089026,Sóng Nam giao,,Asset management/Transititons/IT tool.xlsx#Infra Device (transactions)!row=1134
STK-17F9B0422E,Postek printer,OUT,1,23/03/2026,pcs,,I1622F0004,replace for va13,,Asset management/Transititons/IT tool.xlsx#Infra Device (transactions)!row=1135
STK-8D9E1D2110,Postek printer,IN,1,23/03/2026,pcs,,I1622F0001,from va13,,Asset management/Transititons/IT tool.xlsx#Infra Device (transactions)!row=1136
STK-7327A6432F,Zebra TC26BK,OUT,1,19/3/2026,pcs,,S22182523023442,Cấp cho geodis,,Asset management/Transititons/IT tool.xlsx#Infra Device (transactions)!row=1137
STK-8C2332CC73,Zebra TC26BK,OUT,1,19/3/2026,pcs,,S22182523023275,Cấp cho geodis,,Asset management/Transititons/IT tool.xlsx#Infra Device (transactions)!row=1138
STK-1934AD0914,Zebra-Dock PDT,OUT,1,19/3/2026,pcs,,S23010520100706,Cấp cho geodis,,Asset management/Transititons/IT tool.xlsx#Infra Device (transactions)!row=1139
STK-F6E87BFD54,,ADJUSTMENT,1,,,,,,,Asset management/Transititons/IT tool.xlsx#Infra Device (transactions)!row=1140
STK-776946ADB6,,ADJUSTMENT,1,,,,,,,Asset management/Transititons/IT tool.xlsx#Infra Device (transactions)!row=1141
